{"train_set_size": 7751, "validation_set_size": 861, "test_set_size": 956, "complement_loss": 4.280833518997152, "validation_loss": 4.309732754428223, "test_loss": 4.665627962082453, "config": {"seed": 4, "model_type": "tree", "max_depth": 5, "min_samples_split": 2, "min_samples_leaf": 3, "ccp_alpha": 0.5, "n_add_estimators": null, "max_compression_size": -1, "data_groupsize": 1, "patience": 10, "dataset": "powerplant", "regression": true, "prior_size": 0.0, "validation_size": 0.1, "test_size": 0.1, "max_epochs": 1, "batch_size": 64, "delta": 0.01, "nbr_parameter_bounds": 20, "classic_bounds": false, "p2l_bounds": false, "real_bounds": true, "n_jobs": 5, "warm_start": false, "log_iterations": 5, "deterministic": true, "clamping": true, "early_stopping": true, "min_val": 400, "max_val": 520}}