{"train_set_size": 4760, "validation_set_size": 528, "test_set_size": 587, "complement_loss": 2.7503784690155078, "validation_loss": 3.1113062484482237, "test_loss": 3.0239388429217757, "config": {"seed": 3, "model_type": "tree", "max_depth": 10, "min_samples_split": 2, "min_samples_leaf": 2, "ccp_alpha": 0.1, "n_add_estimators": null, "max_compression_size": -1, "data_groupsize": 1, "patience": 10, "dataset": "parkinson", "regression": true, "prior_size": 0.0, "validation_size": 0.1, "test_size": 0.1, "max_epochs": 1, "batch_size": 64, "delta": 0.01, "nbr_parameter_bounds": 20, "classic_bounds": false, "p2l_bounds": false, "real_bounds": true, "n_jobs": 5, "warm_start": false, "log_iterations": 5, "deterministic": true, "clamping": true, "early_stopping": true, "min_val": 0, "max_val": 45}}