{"train_set_size": 4760, "validation_set_size": 528, "test_set_size": 587, "complement_loss": 5.02427254968195, "validation_loss": 5.040080549616387, "test_loss": 5.231224785434057, "config": {"seed": 42, "model_type": "forest", "max_depth": 5, "min_samples_split": 4, "min_samples_leaf": 2, "n_estimators": 50, "ccp_alpha": 2, "n_add_estimators": null, "max_compression_size": -1, "data_groupsize": 1, "patience": 10, "dataset": "parkinson", "regression": true, "prior_size": 0.0, "validation_size": 0.1, "test_size": 0.1, "max_epochs": 1, "batch_size": 64, "delta": 0.01, "nbr_parameter_bounds": 20, "classic_bounds": false, "p2l_bounds": false, "real_bounds": true, "n_jobs": 5, "warm_start": false, "log_iterations": 5, "deterministic": true, "clamping": true, "early_stopping": true, "early_stopping_patience": 10, "min_val": 0, "max_val": 45}}