{"train_set_size": 1218, "validation_set_size": 135, "test_set_size": 150, "complement_loss": 1.545549278567437, "validation_loss": 2.7574240612549574, "test_loss": 3.015492038245198, "config": {"seed": 3, "model_type": "tree", "max_depth": 10, "min_samples_split": 4, "min_samples_leaf": 2, "ccp_alpha": 0.5, "n_add_estimators": null, "max_compression_size": -1, "data_groupsize": 1, "patience": 10, "dataset": "airfoil", "regression": true, "prior_size": 0.0, "validation_size": 0.1, "test_size": 0.1, "max_epochs": 1, "batch_size": 64, "delta": 0.01, "nbr_parameter_bounds": 20, "classic_bounds": false, "p2l_bounds": false, "real_bounds": true, "n_jobs": 5, "warm_start": false, "log_iterations": 2, "deterministic": true, "clamping": true, "early_stopping": true, "min_val": 99, "max_val": 145}}