{"train_set_size": 7751, "validation_set_size": 861, "test_set_size": 956, "complement_loss": 2.977739109888624, "validation_loss": 4.1342945161203755, "test_loss": 4.124009743487693, "config": {"seed": 2, "model_type": "tree", "max_depth": 10, "min_samples_split": 3, "min_samples_leaf": 3, "ccp_alpha": 2, "n_add_estimators": null, "max_compression_size": -1, "data_groupsize": 1, "patience": 10, "dataset": "powerplant", "regression": true, "prior_size": 0.0, "validation_size": 0.1, "test_size": 0.1, "max_epochs": 1, "batch_size": 64, "delta": 0.01, "nbr_parameter_bounds": 20, "classic_bounds": false, "p2l_bounds": false, "real_bounds": true, "n_jobs": 5, "warm_start": false, "log_iterations": 5, "deterministic": true, "clamping": true, "early_stopping": true, "min_val": 400, "max_val": 520}}