{"train_set_size": 835, "validation_set_size": 92, "test_set_size": 103, "complement_loss": 7.420575410843627, "validation_loss": 8.560406338266112, "test_loss": 8.46174036523927, "config": {"seed": 1, "model_type": "tree", "max_depth": 5, "min_samples_split": 3, "min_samples_leaf": 3, "ccp_alpha": 0.0, "n_add_estimators": null, "max_compression_size": -1, "data_groupsize": 1, "patience": 10, "dataset": "concrete", "regression": true, "prior_size": 0.0, "validation_size": 0.1, "test_size": 0.1, "max_epochs": 1, "batch_size": 64, "delta": 0.01, "nbr_parameter_bounds": 20, "classic_bounds": false, "p2l_bounds": false, "real_bounds": true, "n_jobs": 5, "warm_start": false, "log_iterations": 5, "deterministic": true, "clamping": true, "early_stopping": true, "min_val": 0, "max_val": 90}}