{"train_set_size": 48000, "validation_set_size": 6000, "test_set_size": 10000, "complement_error": 0.0017387369880452752, "validation_error": 0.01715320348739624, "test_error": 0.015531184151768684, "complement_loss": 0.008043470792472363, "validation_loss": 0.07455231994390488, "test_loss": 0.058383915573358536, "config": {"seed": 3, "prior_size": 0.1, "pretraining_epochs": 100, "pretraining_lr": 0.01, "model_type": "cnn", "dropout_probability": 0.1, "optimizer": "Adam", "training_lr": 0.0001, "momentum": null, "nesterov": null, "max_compression_size": -1, "data_groupsize": 32, "patience": 3, "dataset": "mnist", "n_classes": 10, "first_class": null, "second_class": null, "validation_size": 0.1, "max_epochs": 200, "batch_size": 64, "delta": 0.01, "nbr_parameter_bounds": 20, "classic_bounds": true, "p2l_bounds": true, "real_bounds": true, "log_iterations": 10, "deterministic": true, "clamping": true, "min_probability": 1e-05, "model": null, "lr": 0.01}}