{"train_set_size": 42000, "validation_set_size": 6000, "test_set_size": 10000, "complement_error": 0.0, "validation_error": 0.014026249758899212, "test_error": 0.014322099275887012, "complement_loss": 1.645032170927152e-05, "validation_loss": 1.4475504159927368, "test_loss": 1.251326084136963, "config": {"seed": 2, "prior_size": 0.2, "pretraining_epochs": 100, "pretraining_lr": 0.001, "model_type": "cnn", "dropout_probability": 0.2, "optimizer": "Adam", "training_lr": 0.005, "momentum": null, "nesterov": null, "max_compression_size": -1, "data_groupsize": 32, "patience": 3, "dataset": "mnist", "n_classes": 10, "first_class": null, "second_class": null, "validation_size": 0.1, "max_epochs": 200, "batch_size": 64, "delta": 0.01, "nbr_parameter_bounds": 20, "classic_bounds": true, "p2l_bounds": true, "real_bounds": true, "log_iterations": 10, "deterministic": true, "clamping": true, "min_probability": 1e-05, "model": null, "lr": 0.001}}