{"train_set_size": 48000, "validation_set_size": 6000, "test_set_size": 10000, "complement_error": 0.0003671473532449454, "validation_error": 0.012550360523164272, "test_error": 0.012708649970591068, "complement_loss": 0.001252956804819405, "validation_loss": 0.11227244883775711, "test_loss": 0.13652899861335754, "config": {"seed": 1, "prior_size": 0.1, "pretraining_epochs": 100, "pretraining_lr": 0.01, "model_type": "cnn", "dropout_probability": 0.2, "optimizer": "Adam", "training_lr": 0.005, "momentum": null, "nesterov": null, "max_compression_size": -1, "data_groupsize": 32, "patience": 3, "dataset": "mnist", "n_classes": 10, "first_class": null, "second_class": null, "validation_size": 0.1, "max_epochs": 200, "batch_size": 64, "delta": 0.01, "nbr_parameter_bounds": 20, "classic_bounds": true, "p2l_bounds": true, "real_bounds": true, "log_iterations": 10, "deterministic": true, "clamping": true, "min_probability": 1e-05, "model": null, "lr": 0.01}}