{"prior_set_size": 12000, "train_set_size": 42000, "validation_set_size": 6000, "test_set_size": 10000, "compression_set_size": 3552, "complement_error": 0.0, "validation_error": 0.018175218254327774, "test_error": 0.016073187813162804, "complement_loss": 5.803721796837635e-05, "validation_loss": 0.12340475618839264, "test_loss": 0.11162658780813217, "brute_force_binomial_tail_inversion": 1, "beta_ppf": 1.0, "beta_isf": 1.0, "binomial_approximation_shah": 0.27166655300520914, "binomial_approximation_sokolova": 0.27167598104907853, "p2l_bound": 0.08807791420345062, "p2l_upper_bound": 0.11024187556173776, "kl_bound": 0.27177966851741076, "nbr_parameter_bounds": 20, "min_val_linear_bound": 0.4219902585227052, "min_param_linear_bound": 1.1288378916846884, "min_val_catoni_bound": 0.27172329996246625, "min_param_catoni_bound": 69.51927961775604, "CE_kl_bound": 3.129495187029577, "CE_nbr_parameter_bounds": 20, "CE_min_val_linear_bound": 4.5996033896516835, "CE_min_param_linear_bound": 0.1274274985703132, "CE_min_val_catoni_bound": 3.1292046229550077, "CE_min_param_catoni_bound": 20.6913808111479, "config": {"seed": 4, "prior_size": 0.2, "pretraining_epochs": 100, "pretraining_lr": 0.01, "model_type": "cnn", "dropout_probability": 0.1, "optimizer": "Adam", "training_lr": 0.005, "momentum": null, "nesterov": null, "max_compression_size": 40000, "data_groupsize": 32, "patience": 3, "dataset": "mnist", "n_classes": 10, "first_class": null, "second_class": null, "validation_size": 0.1, "max_epochs": 200, "batch_size": 64, "delta": 0.01, "nbr_parameter_bounds": 20, "classic_bounds": true, "p2l_bounds": true, "real_bounds": true, "log_iterations": 10, "deterministic": true, "clamping": true, "min_probability": 1e-05, "regression": false, "early_stopping": false}}