{"prior_set_size": 180000, "train_set_size": 144000, "validation_set_size": 36000, "test_set_size": 400000, "compression_set_size": 352, "complement_error": 0.08760305494070053, "validation_error": 0.09073024988174438, "test_error": 0.09300469607114792, "complement_loss": 0.21598757803440094, "validation_loss": 0.2254505306482315, "test_loss": 0.23204509913921356, "brute_force_binomial_tail_inversion": 1, "beta_ppf": 1.0, "beta_isf": 1.0, "binomial_approximation_shah": 0.29132581961854687, "binomial_approximation_sokolova": 0.29143059157190376, "p2l_bound": 0.002723477083918017, "p2l_upper_bound": 0.004712243629693859, "kl_bound": 0.14959513185383033, "nbr_parameter_bounds": 20, "min_val_linear_bound": 0.18615749056285802, "min_param_linear_bound": 0.2636650898730355, "min_val_catoni_bound": 0.1498638173408226, "min_param_catoni_bound": 0.5455594781168515, "CE_kl_bound": 0.642639615478095, "CE_nbr_parameter_bounds": 20, "CE_min_val_linear_bound": 1.2902181626916862, "CE_min_param_linear_bound": 0.02976351441631316, "CE_min_val_catoni_bound": 0.6903136851789753, "CE_min_param_catoni_bound": 1.8329807108324336, "config": {"seed": 3, "prior_size": 0.5, "pretraining_epochs": 5, "pretraining_lr": 0.001, "model_type": "transformer", "dropout_probability": 0.1, "optimizer": "Adam", "training_lr": 1e-05, "momentum": null, "nesterov": null, "max_compression_size": 20000, "data_groupsize": 32, "patience": 3, "dataset": "amazon", "n_classes": 2, "regression": false, "validation_size": 0.1, "max_epochs": 200, "batch_size": 128, "delta": 0.01, "nbr_parameter_bounds": 20, "classic_bounds": true, "p2l_bounds": true, "real_bounds": true, "log_iterations": 10, "deterministic": true, "clamping": true, "early_stopping": true, "early_stopping_patience": 10, "min_probability": 1e-05, "n_shards": 10}}