{"train_set_size": 10597, "validation_set_size": 1177, "test_set_size": 1954, "compression_set_size": 172, "complement_error": 0.0, "complement_loss": 1.0634449987279027e-09, "validation_error": 0.0023465638514608145, "validation_loss": 0.13489113748073578, "test_error": 0.004588588606566191, "test_loss": 0.2736426889896393, "brute_force_binomial_tail_inversion": 1, "beta_ppf": 1.0, "beta_isf": 1.0, "binomial_approximation_shah": 0.08194395345111372, "binomial_approximation_sokolova": 0.08198778135187013, "p2l_bound": 0.018691997453774256, "p2l_upper_bound": 0.037557510604337666, "kl_bound": 0.08241225127130747, "nbr_parameter_bounds": 20, "min_val_linear_bound": 0.21709810838904703, "min_param_linear_bound": 1.1288378916846884, "min_val_catoni_bound": 0.08220772851192171, "min_param_catoni_bound": 69.51927961775604, "config": {"seed": 3, "prior_size": 0.0, "pretraining_epochs": null, "pretraining_lr": null, "model_type": "mlp", "dropout_probability": 0.1, "optimizer": "Adam", "training_lr": 0.001, "momentum": null, "nesterov": null, "max_compression_size": -1, "data_groupsize": 1, "patience": 3, "dataset": "mnist", "n_classes": 2, "first_class": 0, "second_class": 8, "validation_size": 0.1, "max_epochs": 200, "batch_size": 64, "delta": 0.01, "nbr_parameter_bounds": 20, "classic_bounds": true, "p2l_bounds": true, "real_bounds": true, "log_iterations": 10, "deterministic": true}}