{"prior_set_size": 6000, "train_set_size": 48000, "validation_set_size": 6000, "test_set_size": 10000, "compression_set_size": 4032, "complement_error": 0.0, "complement_loss": 1.0490870181456557e-06, "validation_error": 0.00988197885453701, "validation_loss": 0.07405359297990799, "test_error": 0.010886328294873238, "test_loss": 0.0782899260520935, "brute_force_binomial_tail_inversion": 1, "beta_ppf": 1.0, "beta_isf": 1.0, "binomial_approximation_shah": 0.2704016788584769, "binomial_approximation_sokolova": 0.27040993757504184, "p2l_bound": 0.08729814805462957, "p2l_upper_bound": 0.10798297627802327, "kl_bound": 0.2705018790438771, "nbr_parameter_bounds": 20, "min_val_linear_bound": 0.42044446981922334, "min_param_linear_bound": 1.1288378916846884, "min_val_catoni_bound": 0.2704513878918432, "min_param_catoni_bound": 69.51927961775604, "CE_kl_bound": 3.1142803812331596, "CE_nbr_parameter_bounds": 20, "CE_min_val_linear_bound": 4.585852772746677, "CE_min_param_linear_bound": 0.1274274985703132, "CE_min_val_catoni_bound": 3.1137025102509597, "CE_min_param_catoni_bound": 20.6913808111479, "config": {"seed": 1, "prior_size": 0.1, "pretraining_epochs": 50, "pretraining_lr": 0.0001, "model_type": "cnn", "dropout_probability": 0.1, "optimizer": "Adam", "training_lr": 0.001, "momentum": null, "nesterov": null, "max_compression_size": -1, "data_groupsize": 32, "patience": 3, "dataset": "mnist", "n_classes": 10, "first_class": null, "second_class": null, "validation_size": 0.1, "max_epochs": 200, "batch_size": 64, "delta": 0.01, "nbr_parameter_bounds": 20, "classic_bounds": true, "p2l_bounds": true, "real_bounds": true, "log_iterations": 10, "deterministic": true, "clamping": true, "min_probability": 1e-05}}