{"train_set_size": 10881, "validation_set_size": 1208, "test_set_size": 2042, "compression_set_size": 220, "complement_error": 0.0, "complement_loss": 8.279916801257059e-05, "validation_error": 0.0008545174496248364, "validation_loss": 0.03521306440234184, "test_error": 0.0019883972126990557, "test_loss": 0.018935183063149452, "brute_force_binomial_tail_inversion": 1, "beta_ppf": 1.0, "beta_isf": 1.0, "binomial_approximation_shah": 0.09704536995936552, "binomial_approximation_sokolova": 0.09708752269388321, "p2l_bound": 0.022990442716045202, "p2l_upper_bound": 0.0437843365790878, "kl_bound": 0.09749671909958124, "nbr_parameter_bounds": 20, "min_val_linear_bound": 0.23178557766040797, "min_param_linear_bound": 1.1288378916846884, "min_val_catoni_bound": 0.09729906382574949, "min_param_catoni_bound": 69.51927961775604, "config": {"seed": 1, "prior_size": 0.0, "pretraining_epochs": null, "pretraining_lr": null, "model_type": "cnn", "dropout_probability": 0.2, "optimizer": "Adam", "training_lr": 0.005, "momentum": null, "nesterov": null, "max_compression_size": -1, "data_groupsize": 1, "patience": 3, "dataset": "mnist", "n_classes": 2, "first_class": 2, "second_class": 3, "validation_size": 0.1, "max_epochs": 200, "batch_size": 64, "delta": 0.01, "nbr_parameter_bounds": 20, "classic_bounds": true, "p2l_bounds": true, "real_bounds": true, "log_iterations": 10, "deterministic": true}}