{"train_set_size": 10206, "validation_set_size": 1133, "test_set_size": 1850, "compression_set_size": 152, "complement_error": 0.0, "complement_loss": 3.5729852243093774e-05, "validation_error": 0.0023748695384711027, "validation_loss": 0.03215862065553665, "test_error": 0.0037548590917140245, "test_loss": 0.06785853207111359, "brute_force_binomial_tail_inversion": 1, "beta_ppf": 1.0, "beta_isf": 1.0, "binomial_approximation_shah": 0.07667466703069614, "binomial_approximation_sokolova": 0.07672037301075019, "p2l_bound": 0.01726707129488007, "p2l_upper_bound": 0.03567836158214778, "kl_bound": 0.07716136518865824, "nbr_parameter_bounds": 20, "min_val_linear_bound": 0.21203750543563268, "min_param_linear_bound": 1.1288378916846884, "min_val_catoni_bound": 0.07694974396028498, "min_param_catoni_bound": 69.51927961775604, "config": {"seed": 3, "prior_size": 0.0, "pretraining_epochs": null, "pretraining_lr": null, "model_type": "cnn", "dropout_probability": 0.2, "optimizer": "Adam", "training_lr": 0.005, "momentum": null, "nesterov": null, "max_compression_size": -1, "data_groupsize": 1, "patience": 3, "dataset": "mnist", "n_classes": 2, "first_class": 5, "second_class": 6, "validation_size": 0.1, "max_epochs": 200, "batch_size": 64, "delta": 0.01, "nbr_parameter_bounds": 20, "classic_bounds": true, "p2l_bounds": true, "real_bounds": true, "log_iterations": 10, "deterministic": true}}