{"train_set_size": 11707, "validation_set_size": 1300, "test_set_size": 2163, "compression_set_size": 102, "complement_error": 0.0, "complement_loss": 0.00044303646427579224, "validation_error": 0.002953488379716873, "validation_loss": 0.021699849516153336, "test_error": 0.005055052228271961, "test_loss": 0.024759327992796898, "brute_force_binomial_tail_inversion": 0.0501, "beta_ppf": 1.0, "beta_isf": 0.05010017921152101, "binomial_approximation_shah": 0.05010017921152099, "binomial_approximation_sokolova": 0.05014091641881013, "p2l_bound": 0.010343284898104358, "p2l_upper_bound": 0.023494710618433966, "kl_bound": 0.05053985025733709, "nbr_parameter_bounds": 20, "min_val_linear_bound": 0.16288102369885155, "min_param_linear_bound": 0.5455594781168515, "min_val_catoni_bound": 0.050345356143167375, "min_param_catoni_bound": 69.51927961775604, "config": {"seed": 2, "prior_size": 0.0, "pretraining_epochs": null, "pretraining_lr": null, "model_type": "mlp", "dropout_probability": 0.2, "optimizer": "Adam", "training_lr": 0.0001, "momentum": null, "nesterov": null, "max_compression_size": -1, "data_groupsize": 1, "patience": 3, "dataset": "mnist", "n_classes": 2, "first_class": 1, "second_class": 7, "validation_size": 0.1, "max_epochs": 200, "batch_size": 64, "delta": 0.01, "nbr_parameter_bounds": 20, "classic_bounds": true, "p2l_bounds": true, "real_bounds": true, "log_iterations": 10, "deterministic": true}}