{"prior_set_size": 30000, "train_set_size": 24000, "validation_set_size": 6000, "test_set_size": 10000, "compression_set_size": 640, "complement_error": 0.0, "complement_loss": 0.00024284094979520887, "validation_error": 0.006976661738008261, "validation_loss": 0.048614367842674255, "test_error": 0.009296855889260769, "test_loss": 0.04597559571266174, "brute_force_binomial_tail_inversion": 1, "beta_ppf": 1.0, "beta_isf": 1.0, "binomial_approximation_shah": 0.11919622617577108, "binomial_approximation_sokolova": 0.11921499208479214, "p2l_bound": 0.029018295015363647, "p2l_upper_bound": 0.04518921813965761, "kl_bound": 0.11941197235137224, "nbr_parameter_bounds": 20, "min_val_linear_bound": 0.25365291715233795, "min_param_linear_bound": 1.1288378916846884, "min_val_catoni_bound": 0.1193091749388776, "min_param_catoni_bound": 69.51927961775604, "CE_kl_bound": 1.376870218763113, "CE_nbr_parameter_bounds": 20, "CE_min_val_linear_bound": 3.0835931792325892, "CE_min_param_linear_bound": 0.061584821106602614, "CE_min_val_catoni_bound": 1.377829399376488, "CE_min_param_catoni_bound": 6.1584821106602545, "config": {"seed": 1, "prior_size": 0.5, "pretraining_epochs": 50, "pretraining_lr": 0.001, "model_type": "cnn", "dropout_probability": 0.1, "optimizer": "Adam", "training_lr": 0.001, "momentum": null, "nesterov": null, "max_compression_size": -1, "data_groupsize": 32, "patience": 3, "dataset": "mnist", "n_classes": 10, "first_class": null, "second_class": null, "validation_size": 0.1, "max_epochs": 200, "batch_size": 64, "delta": 0.01, "nbr_parameter_bounds": 20, "classic_bounds": true, "p2l_bounds": true, "real_bounds": true, "log_iterations": 10, "deterministic": true, "clamping": true, "min_probability": 1e-05}}