{"prior_set_size": 12000, "train_set_size": 42000, "validation_set_size": 6000, "test_set_size": 10000, "compression_set_size": 2496, "complement_error": 0.0, "complement_loss": 0.00017480875249020755, "validation_error": 0.008068259805440903, "validation_loss": 0.05890467390418053, "test_error": 0.009612223133444786, "test_loss": 0.056274816393852234, "brute_force_binomial_tail_inversion": 1, "beta_ppf": 1.0, "beta_isf": 1.0, "binomial_approximation_shah": 0.2134013340239348, "binomial_approximation_sokolova": 0.21341124410716306, "p2l_bound": 0.062331318445836316, "p2l_upper_bound": 0.08081806037684257, "kl_bound": 0.2135205017402768, "nbr_parameter_bounds": 20, "min_val_linear_bound": 0.35381282354331567, "min_param_linear_bound": 1.1288378916846884, "min_val_catoni_bound": 0.21346098240545508, "min_param_catoni_bound": 69.51927961775604, "config": {"seed": 2, "prior_size": 0.2, "pretraining_epochs": 50, "pretraining_lr": 0.0001, "model_type": "cnn", "dropout_probability": 0.2, "optimizer": "Adam", "training_lr": 0.001, "momentum": null, "nesterov": null, "max_compression_size": -1, "data_groupsize": 32, "patience": 3, "dataset": "mnist", "n_classes": 2, "first_class": -1, "second_class": -1, "validation_size": 0.1, "max_epochs": 200, "batch_size": 64, "delta": 0.01, "nbr_parameter_bounds": 20, "classic_bounds": true, "p2l_bounds": true, "real_bounds": true, "log_iterations": 10, "deterministic": true}}