{"train_set_size": 10597, "validation_set_size": 1177, "test_set_size": 1954, "compression_set_size": 91, "complement_error": 0.0, "complement_loss": 0.022170111536979675, "validation_error": 0.0032485404517501593, "validation_loss": 0.028861839324235916, "test_error": 0.003908936399966478, "test_loss": 0.02586756832897663, "brute_force_binomial_tail_inversion": 0.049603999999999995, "beta_ppf": 1.0, "beta_isf": 0.04960446093978419, "binomial_approximation_shah": 0.04960446093978421, "binomial_approximation_sokolova": 0.04964948292183646, "p2l_bound": 0.010267822095847716, "p2l_upper_bound": 0.02399713312936537, "kl_bound": 0.05008586961776018, "nbr_parameter_bounds": 20, "min_val_linear_bound": 0.1619742037212776, "min_param_linear_bound": 0.5455594781168515, "min_val_catoni_bound": 0.04987542274305912, "min_param_catoni_bound": 69.51927961775604, "config": {"seed": 3, "prior_size": 0.0, "pretraining_epochs": null, "pretraining_lr": null, "model_type": "cnn", "dropout_probability": 0.1, "optimizer": "Adam", "training_lr": 0.0001, "momentum": null, "nesterov": null, "max_compression_size": -1, "data_groupsize": 1, "patience": 3, "dataset": "mnist", "n_classes": 2, "first_class": 0, "second_class": 8, "validation_size": 0.1, "max_epochs": 200, "batch_size": 64, "delta": 0.01, "nbr_parameter_bounds": 20, "classic_bounds": true, "p2l_bounds": true, "real_bounds": true, "log_iterations": 10, "deterministic": true}}