{"prior_set_size": 6000, "train_set_size": 48000, "validation_set_size": 6000, "test_set_size": 10000, "compression_set_size": 47904, "complement_error": 0.0, "complement_loss": 0.6870512366294861, "validation_error": 0.5, "validation_loss": 0.6929925680160522, "test_error": 0.5, "test_loss": 0.6929964423179626, "brute_force_binomial_tail_inversion": 1, "beta_ppf": 1.0, "beta_isf": 0.999423161456804, "binomial_approximation_shah": 0.999423161456804, "binomial_approximation_sokolova": 0.9994261442672543, "p2l_bound": 0.9986923941969873, "p2l_upper_bound": 1.084083463876253, "kl_bound": 0.9994407659396529, "nbr_parameter_bounds": 20, "min_val_linear_bound": 1.9989153696280457, "min_param_linear_bound": 10.0, "min_val_catoni_bound": 0.9994408840577903, "min_param_catoni_bound": 69.51927961775604, "config": {"seed": 2, "prior_size": 0.1, "pretraining_epochs": 100, "pretraining_lr": 0.01, "model_type": "cnn", "dropout_probability": 0.2, "optimizer": "Adam", "training_lr": 0.005, "momentum": null, "nesterov": null, "max_compression_size": -1, "data_groupsize": 32, "patience": 3, "dataset": "mnist", "n_classes": 2, "first_class": -1, "second_class": -1, "validation_size": 0.1, "max_epochs": 200, "batch_size": 64, "delta": 0.01, "nbr_parameter_bounds": 20, "classic_bounds": true, "p2l_bounds": true, "real_bounds": true, "log_iterations": 10, "deterministic": true}}