{"train_set_size": 10206, "validation_set_size": 1133, "test_set_size": 1850, "compression_set_size": 117, "complement_error": 0.0, "complement_loss": 0.01719052344560623, "validation_error": 0.009884636849164963, "validation_loss": 0.03278035670518875, "test_error": 0.006232004147022963, "test_loss": 0.02734501101076603, "brute_force_binomial_tail_inversion": 0.062440999999999997, "beta_ppf": 1.0, "beta_isf": 0.06244134619461697, "binomial_approximation_shah": 0.06244134619461694, "binomial_approximation_sokolova": 0.06248759574524443, "p2l_bound": 0.013494022941932155, "p2l_upper_bound": 0.029647508946241408, "kl_bound": 0.06293399538844824, "nbr_parameter_bounds": 20, "min_val_linear_bound": 0.18692239195154217, "min_param_linear_bound": 0.5455594781168515, "min_val_catoni_bound": 0.0627196946700026, "min_param_catoni_bound": 69.51927961775604, "config": {"seed": 4, "prior_size": 0.0, "pretraining_epochs": null, "pretraining_lr": null, "model_type": "cnn", "dropout_probability": 0.2, "optimizer": "Adam", "training_lr": 0.0001, "momentum": null, "nesterov": null, "max_compression_size": -1, "data_groupsize": 1, "patience": 3, "dataset": "mnist", "n_classes": 2, "first_class": 5, "second_class": 6, "validation_size": 0.1, "max_epochs": 200, "batch_size": 64, "delta": 0.01, "nbr_parameter_bounds": 20, "classic_bounds": true, "p2l_bounds": true, "real_bounds": true, "log_iterations": 10, "deterministic": true}}