{"prior_set_size": 6000, "train_set_size": 48000, "validation_set_size": 6000, "test_set_size": 10000, "compression_set_size": 1984, "complement_error": 0.0, "validation_error": 0.018400080502033234, "test_error": 0.019428685307502747, "complement_loss": 0.015348044224083424, "validation_loss": 0.06615351885557175, "test_loss": 0.06868535280227661, "brute_force_binomial_tail_inversion": 1, "beta_ppf": 1.0, "beta_isf": 1.0, "binomial_approximation_shah": 0.1646631765820148, "binomial_approximation_sokolova": 0.16467221137733312, "p2l_bound": 0.04357961764954961, "p2l_upper_bound": 0.057954059106606656, "kl_bound": 0.16477320436388254, "nbr_parameter_bounds": 20, "min_val_linear_bound": 0.3005477861890321, "min_param_linear_bound": 1.1288378916846884, "min_val_catoni_bound": 0.16471755688508116, "min_param_catoni_bound": 69.51927961775604, "CE_kl_bound": 1.974193676460298, "CE_nbr_parameter_bounds": 20, "CE_min_val_linear_bound": 3.5390748648008357, "CE_min_param_linear_bound": 0.1274274985703132, "CE_min_val_catoni_bound": 1.979196104401079, "CE_min_param_catoni_bound": 6.1584821106602545, "config": {"seed": 42, "prior_size": 0.1, "pretraining_epochs": 100, "pretraining_lr": 0.01, "model_type": "cnn", "dropout_probability": 0.1, "optimizer": "Adam", "training_lr": 0.0001, "momentum": null, "nesterov": null, "max_compression_size": 40000, "data_groupsize": 32, "patience": 3, "dataset": "mnist", "n_classes": 10, "first_class": null, "second_class": null, "validation_size": 0.1, "max_epochs": 200, "batch_size": 64, "delta": 0.01, "nbr_parameter_bounds": 20, "classic_bounds": true, "p2l_bounds": true, "real_bounds": true, "log_iterations": 10, "deterministic": true, "clamping": true, "min_probability": 1e-05, "regression": false, "early_stopping": false}}