{"train_set_size": 11707, "validation_set_size": 1300, "test_set_size": 2163, "compression_set_size": 101, "complement_error": 0.0, "complement_loss": 0.0001979073858819902, "validation_error": 0.002872918965294957, "validation_loss": 0.023226145654916763, "test_error": 0.005239316262304783, "test_loss": 0.026542237028479576, "brute_force_binomial_tail_inversion": 0.049706, "beta_ppf": 1.0, "beta_isf": 0.04970681276682572, "binomial_approximation_shah": 0.04970681276682576, "binomial_approximation_sokolova": 0.04974756333255592, "p2l_bound": 0.010248189045554959, "p2l_upper_bound": 0.02333536211131959, "kl_bound": 0.050146630965173244, "nbr_parameter_bounds": 20, "min_val_linear_bound": 0.16212207779447868, "min_param_linear_bound": 0.5455594781168515, "min_val_catoni_bound": 0.04995207009854008, "min_param_catoni_bound": 69.51927961775604, "config": {"seed": 3, "prior_size": 0.0, "pretraining_epochs": null, "pretraining_lr": null, "model_type": "cnn", "dropout_probability": 0.1, "optimizer": "Adam", "training_lr": 0.001, "momentum": null, "nesterov": null, "max_compression_size": -1, "data_groupsize": 1, "patience": 3, "dataset": "mnist", "n_classes": 2, "first_class": 1, "second_class": 7, "validation_size": 0.1, "max_epochs": 200, "batch_size": 64, "delta": 0.01, "nbr_parameter_bounds": 20, "classic_bounds": true, "p2l_bounds": true, "real_bounds": true, "log_iterations": 10, "deterministic": true}}