{"train_set_size": 10597, "validation_set_size": 1177, "test_set_size": 1954, "compression_set_size": 180, "complement_error": 0.0, "complement_loss": 0.00020084575226064771, "validation_error": 0.005205849651247263, "validation_loss": 0.5105571746826172, "test_error": 0.0021127506624907255, "test_loss": 0.036915019154548645, "brute_force_binomial_tail_inversion": 1, "beta_ppf": 1.0, "beta_isf": 1.0, "binomial_approximation_shah": 0.08488293035286143, "binomial_approximation_sokolova": 0.08492665149736167, "p2l_bound": 0.019514035662571386, "p2l_upper_bound": 0.03881525913363454, "kl_bound": 0.08535005431622267, "nbr_parameter_bounds": 20, "min_val_linear_bound": 0.2199387822279373, "min_param_linear_bound": 1.1288378916846884, "min_val_catoni_bound": 0.08514606288462889, "min_param_catoni_bound": 69.51927961775604, "config": {"seed": 42, "prior_size": 0.0, "pretraining_epochs": null, "pretraining_lr": null, "model_type": "mlp", "dropout_probability": 0.2, "optimizer": "Adam", "training_lr": 0.01, "momentum": null, "nesterov": null, "max_compression_size": -1, "data_groupsize": 1, "patience": 3, "dataset": "mnist", "n_classes": 2, "first_class": 0, "second_class": 8, "validation_size": 0.1, "max_epochs": 200, "batch_size": 64, "delta": 0.01, "nbr_parameter_bounds": 20, "classic_bounds": true, "p2l_bounds": true, "real_bounds": true, "log_iterations": 10, "deterministic": true}}