{"prior_set_size": 30000, "train_set_size": 24000, "validation_set_size": 6000, "test_set_size": 10000, "compression_set_size": 1056, "complement_error": 0.0, "complement_loss": 0.007345239631831646, "validation_error": 0.017675461247563362, "validation_loss": 0.07043725252151489, "test_error": 0.018502822145819664, "test_loss": 0.06337697803974152, "brute_force_binomial_tail_inversion": 1, "beta_ppf": 1.0, "beta_isf": 1.0, "binomial_approximation_shah": 0.1725432063814828, "binomial_approximation_sokolova": 0.17256115534547534, "p2l_bound": 0.04712069840193727, "p2l_upper_bound": 0.06799236340207415, "kl_bound": 0.17274923529475927, "nbr_parameter_bounds": 20, "min_val_linear_bound": 0.30900214207736, "min_param_linear_bound": 1.1288378916846884, "min_val_catoni_bound": 0.17265123798892723, "min_param_catoni_bound": 69.51927961775604, "CE_kl_bound": 2.0301725550598198, "CE_nbr_parameter_bounds": 20, "CE_min_val_linear_bound": 3.6059663913663598, "CE_min_param_linear_bound": 0.1274274985703132, "CE_min_val_catoni_bound": 2.0293660096507202, "CE_min_param_catoni_bound": 6.1584821106602545, "config": {"seed": 1, "prior_size": 0.5, "pretraining_epochs": 100, "pretraining_lr": 0.01, "model_type": "cnn", "dropout_probability": 0.1, "optimizer": "Adam", "training_lr": 0.001, "momentum": null, "nesterov": null, "max_compression_size": -1, "data_groupsize": 32, "patience": 3, "dataset": "mnist", "n_classes": 10, "first_class": null, "second_class": null, "validation_size": 0.1, "max_epochs": 200, "batch_size": 64, "delta": 0.01, "nbr_parameter_bounds": 20, "classic_bounds": true, "p2l_bounds": true, "real_bounds": true, "log_iterations": 10, "deterministic": true, "clamping": true, "min_probability": 1e-05}}