{"prior_set_size": 30000, "train_set_size": 24000, "validation_set_size": 6000, "test_set_size": 10000, "compression_set_size": 1504, "complement_error": 0.0, "complement_loss": 0.002952580340206623, "validation_error": 0.014661483466625214, "validation_loss": 0.05698305368423462, "test_error": 0.013218691572546959, "test_loss": 0.04732514172792435, "brute_force_binomial_tail_inversion": 1, "beta_ppf": 1.0, "beta_isf": 1.0, "binomial_approximation_shah": 0.22164975555392552, "binomial_approximation_sokolova": 0.22166697554267356, "p2l_bound": 0.06646026054397225, "p2l_upper_bound": 0.09147220483935922, "kl_bound": 0.22184707503765821, "nbr_parameter_bounds": 20, "min_val_linear_bound": 0.36320202750757935, "min_param_linear_bound": 1.1288378916846884, "min_val_catoni_bound": 0.22175339947725614, "min_param_catoni_bound": 69.51927961775604, "config": {"seed": 1, "prior_size": 0.5, "pretraining_epochs": 50, "pretraining_lr": 0.01, "model_type": "cnn", "dropout_probability": 0.2, "optimizer": "Adam", "training_lr": 0.005, "momentum": null, "nesterov": null, "max_compression_size": -1, "data_groupsize": 32, "patience": 3, "dataset": "mnist", "n_classes": 2, "first_class": -1, "second_class": -1, "validation_size": 0.1, "max_epochs": 200, "batch_size": 64, "delta": 0.01, "nbr_parameter_bounds": 20, "classic_bounds": true, "p2l_bounds": true, "real_bounds": true, "log_iterations": 10, "deterministic": true}}