{"prior_set_size": 12000, "train_set_size": 42000, "validation_set_size": 6000, "test_set_size": 10000, "compression_set_size": 17344, "complement_error": 0.0, "complement_loss": 0.0, "validation_error": 0.04961320012807846, "validation_loss": 0.5948348045349121, "test_error": 0.051559414714574814, "test_loss": 0.599822998046875, "brute_force_binomial_tail_inversion": 1, "beta_ppf": 1.0, "beta_isf": 1.0, "binomial_approximation_shah": 0.6851193443202457, "binomial_approximation_sokolova": 0.685125700364043, "p2l_bound": 0.419961185388134, "p2l_upper_bound": 0.47119983180644215, "kl_bound": 0.6851927628740668, "nbr_parameter_bounds": 20, "min_val_linear_bound": 0.7867515266333351, "min_param_linear_bound": 2.335721469090121, "min_val_catoni_bound": 0.6851576003568679, "min_param_catoni_bound": 69.51927961775604, "CE_kl_bound": 7.888573208106151, "CE_nbr_parameter_bounds": 20, "CE_min_val_linear_bound": 8.75166490171108, "CE_min_param_linear_bound": 0.2636650898730355, "CE_min_val_catoni_bound": 7.888168384666479, "CE_min_param_catoni_bound": 69.51927961775604, "config": {"seed": 1, "prior_size": 0.2, "pretraining_epochs": 100, "pretraining_lr": 0.0001, "model_type": "cnn", "dropout_probability": 0.1, "optimizer": "Adam", "training_lr": 0.005, "momentum": null, "nesterov": null, "max_compression_size": -1, "data_groupsize": 32, "patience": 3, "dataset": "mnist", "n_classes": 10, "first_class": null, "second_class": null, "validation_size": 0.1, "max_epochs": 200, "batch_size": 64, "delta": 0.01, "nbr_parameter_bounds": 20, "classic_bounds": true, "p2l_bounds": true, "real_bounds": true, "log_iterations": 10, "deterministic": true, "clamping": true, "min_probability": 1e-05}}