{"prior_set_size": 30000, "train_set_size": 24000, "validation_set_size": 6000, "test_set_size": 10000, "compression_set_size": 512, "complement_error": 0.0, "complement_loss": 0.002413766458630562, "validation_error": 0.011014673858880997, "validation_loss": 0.038201071321964264, "test_error": 0.011155790649354458, "test_loss": 0.03775458410382271, "brute_force_binomial_tail_inversion": 1, "beta_ppf": 1.0, "beta_isf": 1.0, "binomial_approximation_shah": 0.10058452572786336, "binomial_approximation_sokolova": 0.10060358374093326, "p2l_bound": 0.02340235233229275, "p2l_upper_bound": 0.03784044621540784, "kl_bound": 0.10080373380333185, "nbr_parameter_bounds": 20, "min_val_linear_bound": 0.2351286380031139, "min_param_linear_bound": 1.1288378916846884, "min_val_catoni_bound": 0.10069923264817782, "min_param_catoni_bound": 69.51927961775604, "CE_kl_bound": 1.1763708585588009, "CE_nbr_parameter_bounds": 20, "CE_min_val_linear_bound": 2.7462176411153925, "CE_min_param_linear_bound": 0.061584821106602614, "CE_min_val_catoni_bound": 1.1751884291718915, "CE_min_param_catoni_bound": 6.1584821106602545, "config": {"seed": 1, "prior_size": 0.5, "pretraining_epochs": 100, "pretraining_lr": 0.0001, "model_type": "cnn", "dropout_probability": 0.2, "optimizer": "Adam", "training_lr": 0.0001, "momentum": null, "nesterov": null, "max_compression_size": -1, "data_groupsize": 32, "patience": 3, "dataset": "mnist", "n_classes": 10, "first_class": null, "second_class": null, "validation_size": 0.1, "max_epochs": 200, "batch_size": 64, "delta": 0.01, "nbr_parameter_bounds": 20, "classic_bounds": true, "p2l_bounds": true, "real_bounds": true, "log_iterations": 10, "deterministic": true, "clamping": true, "min_probability": 1e-05}}