{"prior_set_size": 30000, "train_set_size": 24000, "validation_set_size": 6000, "test_set_size": 10000, "compression_set_size": 1824, "complement_error": 0.0, "complement_loss": 0.00026236913981847465, "validation_error": 0.01774526759982109, "validation_loss": 0.10857166349887848, "test_error": 0.019038468599319458, "test_loss": 0.10880547761917114, "brute_force_binomial_tail_inversion": 1, "beta_ppf": 1.0, "beta_isf": 1.0, "binomial_approximation_shah": 0.2530107249602207, "binomial_approximation_sokolova": 0.2530274895983985, "p2l_bound": 0.08021126963337885, "p2l_upper_bound": 0.10782706223662282, "kl_bound": 0.25320258643478155, "nbr_parameter_bounds": 20, "min_val_linear_bound": 0.3996356933109182, "min_param_linear_bound": 1.1288378916846884, "min_val_catoni_bound": 0.2531116281319553, "min_param_catoni_bound": 69.51927961775604, "CE_kl_bound": 2.917180860941197, "CE_nbr_parameter_bounds": 20, "CE_min_val_linear_bound": 4.401776052221747, "CE_min_param_linear_bound": 0.1274274985703132, "CE_min_val_catoni_bound": 2.9181090486878323, "CE_min_param_catoni_bound": 20.6913808111479, "config": {"seed": 1, "prior_size": 0.5, "pretraining_epochs": 100, "pretraining_lr": 0.01, "model_type": "cnn", "dropout_probability": 0.1, "optimizer": "Adam", "training_lr": 0.005, "momentum": null, "nesterov": null, "max_compression_size": -1, "data_groupsize": 32, "patience": 3, "dataset": "mnist", "n_classes": 10, "first_class": null, "second_class": null, "validation_size": 0.1, "max_epochs": 200, "batch_size": 64, "delta": 0.01, "nbr_parameter_bounds": 20, "classic_bounds": true, "p2l_bounds": true, "real_bounds": true, "log_iterations": 10, "deterministic": true, "clamping": true, "min_probability": 1e-05}}