{"train_set_size": 10881, "validation_set_size": 1208, "test_set_size": 2042, "compression_set_size": 171, "complement_error": 0.0, "complement_loss": 0.0004614210338331759, "validation_error": 0.004249730613082647, "validation_loss": 0.032650645822286606, "test_error": 0.0023243864998221397, "test_loss": 0.007823958992958069, "brute_force_binomial_tail_inversion": 1, "beta_ppf": 1.0, "beta_isf": 1.0, "binomial_approximation_shah": 0.07989089909283742, "binomial_approximation_sokolova": 0.07993365613650205, "p2l_bound": 0.01810442428917271, "p2l_upper_bound": 0.03642336651551766, "kl_bound": 0.08034891728311777, "nbr_parameter_bounds": 20, "min_val_linear_bound": 0.21511247681654452, "min_param_linear_bound": 1.1288378916846884, "min_val_catoni_bound": 0.08014823009782446, "min_param_catoni_bound": 69.51927961775604, "config": {"seed": 4, "prior_size": 0.0, "pretraining_epochs": null, "pretraining_lr": null, "model_type": "cnn", "dropout_probability": 0.2, "optimizer": "Adam", "training_lr": 0.001, "momentum": null, "nesterov": null, "max_compression_size": -1, "data_groupsize": 1, "patience": 3, "dataset": "mnist", "n_classes": 2, "first_class": 2, "second_class": 3, "validation_size": 0.1, "max_epochs": 200, "batch_size": 64, "delta": 0.01, "nbr_parameter_bounds": 20, "classic_bounds": true, "p2l_bounds": true, "real_bounds": true, "log_iterations": 10, "deterministic": true}}