{"train_set_size": 10597, "validation_set_size": 1177, "test_set_size": 1954, "compression_set_size": 177, "complement_error": 0.0, "complement_loss": 9.316932505498698e-07, "validation_error": 0.0016681116539984941, "validation_loss": 0.139155775308609, "test_error": 0.0036179590970277786, "test_loss": 0.1367131918668747, "brute_force_binomial_tail_inversion": 1, "beta_ppf": 1.0, "beta_isf": 1.0, "binomial_approximation_shah": 0.08378522439790026, "binomial_approximation_sokolova": 0.08382898538455386, "p2l_bound": 0.01920593026155835, "p2l_upper_bound": 0.03834487833388643, "kl_bound": 0.08425278682261705, "nbr_parameter_bounds": 20, "min_val_linear_bound": 0.21887672618227277, "min_param_linear_bound": 1.1288378916846884, "min_val_catoni_bound": 0.08404859672586418, "min_param_catoni_bound": 69.51927961775604, "config": {"seed": 1, "prior_size": 0.0, "pretraining_epochs": null, "pretraining_lr": null, "model_type": "mlp", "dropout_probability": 0.2, "optimizer": "Adam", "training_lr": 0.005, "momentum": null, "nesterov": null, "max_compression_size": -1, "data_groupsize": 1, "patience": 3, "dataset": "mnist", "n_classes": 2, "first_class": 0, "second_class": 8, "validation_size": 0.1, "max_epochs": 200, "batch_size": 64, "delta": 0.01, "nbr_parameter_bounds": 20, "classic_bounds": true, "p2l_bounds": true, "real_bounds": true, "log_iterations": 10, "deterministic": true}}