{"train_set_size": 10206, "validation_set_size": 1133, "test_set_size": 1850, "compression_set_size": 172, "complement_error": 0.0, "complement_loss": 4.3442578316899016e-05, "validation_error": 0.004398305434733629, "validation_loss": 0.057975925505161285, "test_error": 0.004435050301253796, "test_loss": 0.10526665300130844, "brute_force_binomial_tail_inversion": 1, "beta_ppf": 1.0, "beta_isf": 1.0, "binomial_approximation_shah": 0.08440269382687382, "binomial_approximation_sokolova": 0.08444810759555099, "p2l_bound": 0.019407367614063115, "p2l_upper_bound": 0.03899636879033571, "kl_bound": 0.08488619048148394, "nbr_parameter_bounds": 20, "min_val_linear_bound": 0.21948374183711114, "min_param_linear_bound": 1.1288378916846884, "min_val_catoni_bound": 0.08467601204345843, "min_param_catoni_bound": 69.51927961775604, "config": {"seed": 42, "prior_size": 0.0, "pretraining_epochs": null, "pretraining_lr": null, "model_type": "cnn", "dropout_probability": 0.2, "optimizer": "Adam", "training_lr": 0.005, "momentum": null, "nesterov": null, "max_compression_size": -1, "data_groupsize": 1, "patience": 3, "dataset": "mnist", "n_classes": 2, "first_class": 5, "second_class": 6, "validation_size": 0.1, "max_epochs": 200, "batch_size": 64, "delta": 0.01, "nbr_parameter_bounds": 20, "classic_bounds": true, "p2l_bounds": true, "real_bounds": true, "log_iterations": 10, "deterministic": true}}