{"prior_set_size": 12000, "train_set_size": 42000, "validation_set_size": 6000, "test_set_size": 10000, "compression_set_size": 26912, "complement_error": 0.0, "complement_loss": 0.0, "validation_error": 0.13587412238121033, "validation_loss": 1.5177870988845825, "test_error": 0.12700293958187103, "test_loss": 1.421850562095642, "brute_force_binomial_tail_inversion": 1, "beta_ppf": 1.0, "beta_isf": 1.0, "binomial_approximation_shah": 0.8378124000992451, "binomial_approximation_sokolova": 0.8378177500121688, "p2l_bound": 0.6479183525573463, "p2l_upper_bound": 0.7138337319747902, "kl_bound": 0.8378715543076396, "nbr_parameter_bounds": 20, "min_val_linear_bound": 0.9805339085716249, "min_param_linear_bound": 4.832930238571752, "min_val_catoni_bound": 0.8378445993566429, "min_param_catoni_bound": 69.51927961775604, "CE_kl_bound": 9.64635275396261, "CE_nbr_parameter_bounds": 20, "CE_min_val_linear_bound": 11.268179532778728, "CE_min_param_linear_bound": 0.2636650898730355, "CE_min_val_catoni_bound": 9.646042423620873, "CE_min_param_catoni_bound": 69.51927961775604, "config": {"seed": 2, "prior_size": 0.2, "pretraining_epochs": 100, "pretraining_lr": 0.001, "model_type": "cnn", "dropout_probability": 0.2, "optimizer": "Adam", "training_lr": 0.005, "momentum": null, "nesterov": null, "max_compression_size": -1, "data_groupsize": 32, "patience": 3, "dataset": "mnist", "n_classes": 10, "first_class": null, "second_class": null, "validation_size": 0.1, "max_epochs": 200, "batch_size": 64, "delta": 0.01, "nbr_parameter_bounds": 20, "classic_bounds": true, "p2l_bounds": true, "real_bounds": true, "log_iterations": 10, "deterministic": true, "clamping": true, "min_probability": 1e-05}}