{"prior_set_size": 6000, "train_set_size": 48000, "validation_set_size": 6000, "test_set_size": 10000, "compression_set_size": 2656, "complement_error": 0.0, "validation_error": 0.018202250823378563, "test_error": 0.01725003868341446, "complement_loss": 0.001014502951875329, "validation_loss": 0.07415860891342163, "test_loss": 0.07528220117092133, "brute_force_binomial_tail_inversion": 1, "beta_ppf": 1.0, "beta_isf": 1.0, "binomial_approximation_shah": 0.20293065822194145, "binomial_approximation_sokolova": 0.20293940688715362, "p2l_bound": 0.05797007077455055, "p2l_upper_bound": 0.07466022469709097, "kl_bound": 0.20303707290440798, "nbr_parameter_bounds": 20, "min_val_linear_bound": 0.34208989911906307, "min_param_linear_bound": 1.1288378916846884, "min_val_catoni_bound": 0.202983316290833, "min_param_catoni_bound": 69.51927961775604, "CE_kl_bound": 2.3448028825931804, "CE_nbr_parameter_bounds": 20, "CE_min_val_linear_bound": 3.8927491060104247, "CE_min_param_linear_bound": 0.1274274985703132, "CE_min_val_catoni_bound": 2.346874763725735, "CE_min_param_catoni_bound": 6.1584821106602545, "config": {"seed": 42, "prior_size": 0.1, "pretraining_epochs": 50, "pretraining_lr": 0.01, "model_type": "cnn", "dropout_probability": 0.1, "optimizer": "Adam", "training_lr": 0.001, "momentum": null, "nesterov": null, "max_compression_size": 40000, "data_groupsize": 32, "patience": 3, "dataset": "mnist", "n_classes": 10, "first_class": null, "second_class": null, "validation_size": 0.1, "max_epochs": 200, "batch_size": 64, "delta": 0.01, "nbr_parameter_bounds": 20, "classic_bounds": true, "p2l_bounds": true, "real_bounds": true, "log_iterations": 10, "deterministic": true, "clamping": true, "min_probability": 1e-05, "regression": false, "early_stopping": false}}