{"train_set_size": 10206, "validation_set_size": 1133, "test_set_size": 1850, "compression_set_size": 182, "complement_error": 0.0, "complement_loss": 6.094624404795468e-05, "validation_error": 0.0024850312620401382, "validation_loss": 0.10747937113046646, "test_error": 0.004950228147208691, "test_loss": 0.22734448313713074, "brute_force_binomial_tail_inversion": 1, "beta_ppf": 1.0, "beta_isf": 1.0, "binomial_approximation_shah": 0.08817080876256533, "binomial_approximation_sokolova": 0.08821608074962106, "p2l_bound": 0.020473995143151617, "p2l_upper_bound": 0.04062704517964145, "kl_bound": 0.08865274954587221, "nbr_parameter_bounds": 20, "min_val_linear_bound": 0.2231372881793074, "min_param_linear_bound": 1.1288378916846884, "min_val_catoni_bound": 0.0884432736468338, "min_param_catoni_bound": 69.51927961775604, "config": {"seed": 42, "prior_size": 0.0, "pretraining_epochs": null, "pretraining_lr": null, "model_type": "cnn", "dropout_probability": 0.1, "optimizer": "Adam", "training_lr": 0.01, "momentum": null, "nesterov": null, "max_compression_size": -1, "data_groupsize": 1, "patience": 3, "dataset": "mnist", "n_classes": 2, "first_class": 5, "second_class": 6, "validation_size": 0.1, "max_epochs": 200, "batch_size": 64, "delta": 0.01, "nbr_parameter_bounds": 20, "classic_bounds": true, "p2l_bounds": true, "real_bounds": true, "log_iterations": 10, "deterministic": true}}