{"prior_set_size": 30000, "train_set_size": 24000, "validation_set_size": 6000, "test_set_size": 10000, "compression_set_size": 512, "complement_error": 0.0, "validation_error": 0.00956358015537262, "test_error": 0.017933612689375877, "complement_loss": 0.0033067951444536448, "validation_loss": 0.041359901428222656, "test_loss": 0.06432206928730011, "brute_force_binomial_tail_inversion": 1, "beta_ppf": 1.0, "beta_isf": 1.0, "binomial_approximation_shah": 0.10058452572786336, "binomial_approximation_sokolova": 0.10060358374093326, "p2l_bound": 0.02340235233229275, "p2l_upper_bound": 0.03784044621540784, "kl_bound": 0.10080373380333185, "nbr_parameter_bounds": 20, "min_val_linear_bound": 0.2351286380031139, "min_param_linear_bound": 1.1288378916846884, "min_val_catoni_bound": 0.10069923264817782, "min_param_catoni_bound": 69.51927961775604, "CE_kl_bound": 1.1812991294135127, "CE_nbr_parameter_bounds": 20, "CE_min_val_linear_bound": 2.7471106698012155, "CE_min_param_linear_bound": 0.061584821106602614, "CE_min_val_catoni_bound": 1.1801372221886555, "CE_min_param_catoni_bound": 6.1584821106602545, "config": {"seed": 4, "prior_size": 0.5, "pretraining_epochs": 50, "pretraining_lr": 0.01, "model_type": "cnn", "dropout_probability": 0.1, "optimizer": "Adam", "training_lr": 0.001, "momentum": null, "nesterov": null, "max_compression_size": 40000, "data_groupsize": 32, "patience": 3, "dataset": "mnist", "n_classes": 10, "first_class": null, "second_class": null, "validation_size": 0.1, "max_epochs": 200, "batch_size": 64, "delta": 0.01, "nbr_parameter_bounds": 20, "classic_bounds": true, "p2l_bounds": true, "real_bounds": true, "log_iterations": 10, "deterministic": true, "clamping": true, "min_probability": 1e-05, "regression": false, "early_stopping": false}}