{"train_set_size": 11707, "validation_set_size": 1300, "test_set_size": 2163, "compression_set_size": 134, "complement_error": 0.0, "complement_loss": 0.0064967358484864235, "validation_error": 0.006379351485520601, "validation_loss": 0.27748164534568787, "test_error": 0.004346481524407864, "test_loss": 0.06167071312665939, "brute_force_binomial_tail_inversion": 1, "beta_ppf": 1.0, "beta_isf": 0.06224419355992162, "binomial_approximation_shah": 0.06224648543611666, "binomial_approximation_sokolova": 0.062286812937392466, "p2l_bound": 0.013367351619133355, "p2l_upper_bound": 0.028435250581164678, "kl_bound": 0.06268162373453379, "nbr_parameter_bounds": 20, "min_val_linear_bound": 0.18647167641593243, "min_param_linear_bound": 0.5455594781168515, "min_val_catoni_bound": 0.06248919647939677, "min_param_catoni_bound": 69.51927961775604, "config": {"seed": 3, "prior_size": 0.0, "pretraining_epochs": null, "pretraining_lr": null, "model_type": "mlp", "dropout_probability": 0.2, "optimizer": "Adam", "training_lr": 0.01, "momentum": null, "nesterov": null, "max_compression_size": -1, "data_groupsize": 1, "patience": 3, "dataset": "mnist", "n_classes": 2, "first_class": 1, "second_class": 7, "validation_size": 0.1, "max_epochs": 200, "batch_size": 64, "delta": 0.01, "nbr_parameter_bounds": 20, "classic_bounds": true, "p2l_bounds": true, "real_bounds": true, "log_iterations": 10, "deterministic": true}}