{"train_set_size": 10881, "validation_set_size": 1208, "test_set_size": 2042, "compression_set_size": 365, "complement_error": 0.0, "complement_loss": 8.411090490767492e-09, "validation_error": 0.0056616803631186485, "validation_loss": 0.602378785610199, "test_error": 0.0053781624883413315, "test_loss": 0.12295174598693848, "brute_force_binomial_tail_inversion": 1, "beta_ppf": 1.0, "beta_isf": 1.0, "binomial_approximation_shah": 0.14203726455451193, "binomial_approximation_sokolova": 0.14207786917683918, "p2l_bound": 0.03726392762705786, "p2l_upper_bound": 0.06412306815095654, "kl_bound": 0.1424714783206582, "nbr_parameter_bounds": 20, "min_val_linear_bound": 0.27706711617153157, "min_param_linear_bound": 1.1288378916846884, "min_val_catoni_bound": 0.1422816407998333, "min_param_catoni_bound": 69.51927961775604, "config": {"seed": 2, "prior_size": 0.0, "pretraining_epochs": null, "pretraining_lr": null, "model_type": "mlp", "dropout_probability": 0.1, "optimizer": "Adam", "training_lr": 0.005, "momentum": null, "nesterov": null, "max_compression_size": -1, "data_groupsize": 1, "patience": 3, "dataset": "mnist", "n_classes": 2, "first_class": 2, "second_class": 3, "validation_size": 0.1, "max_epochs": 200, "batch_size": 64, "delta": 0.01, "nbr_parameter_bounds": 20, "classic_bounds": true, "p2l_bounds": true, "real_bounds": true, "log_iterations": 10, "deterministic": true}}