{"prior_set_size": 12000, "train_set_size": 42000, "validation_set_size": 6000, "test_set_size": 10000, "compression_set_size": 1920, "complement_error": 0.0, "validation_error": 0.021466003730893135, "test_error": 0.019629793241620064, "complement_loss": 0.012409091927111149, "validation_loss": 0.08639834821224213, "test_loss": 0.0718950629234314, "brute_force_binomial_tail_inversion": 1, "beta_ppf": 1.0, "beta_isf": 1.0, "binomial_approximation_shah": 0.17714973161294822, "binomial_approximation_sokolova": 0.17715994943442404, "p2l_bound": 0.048228520881384615, "p2l_upper_bound": 0.06439003100596533, "kl_bound": 0.17727274913340807, "nbr_parameter_bounds": 20, "min_val_linear_bound": 0.31389816767792816, "min_param_linear_bound": 1.1288378916846884, "min_val_catoni_bound": 0.17721123228621138, "min_param_catoni_bound": 69.51927961775604, "CE_kl_bound": 2.105386015027031, "CE_nbr_parameter_bounds": 20, "CE_min_val_linear_bound": 3.6544025085070486, "CE_min_param_linear_bound": 0.1274274985703132, "CE_min_val_catoni_bound": 2.107347975736895, "CE_min_param_catoni_bound": 6.1584821106602545, "config": {"seed": 3, "prior_size": 0.2, "pretraining_epochs": 100, "pretraining_lr": 0.01, "model_type": "cnn", "dropout_probability": 0.2, "optimizer": "Adam", "training_lr": 0.0001, "momentum": null, "nesterov": null, "max_compression_size": 40000, "data_groupsize": 32, "patience": 3, "dataset": "mnist", "n_classes": 10, "first_class": null, "second_class": null, "validation_size": 0.1, "max_epochs": 200, "batch_size": 64, "delta": 0.01, "nbr_parameter_bounds": 20, "classic_bounds": true, "p2l_bounds": true, "real_bounds": true, "log_iterations": 10, "deterministic": true, "clamping": true, "min_probability": 1e-05, "regression": false, "early_stopping": false}}