{"prior_set_size": 30000, "train_set_size": 24000, "validation_set_size": 6000, "test_set_size": 10000, "compression_set_size": 11872, "complement_error": 0.0, "complement_loss": 0.0, "validation_error": 0.11997473984956741, "validation_loss": 1.3700382709503174, "test_error": 0.12634123861789703, "test_loss": 1.4253000020980835, "brute_force_binomial_tail_inversion": 1, "beta_ppf": 1.0, "beta_isf": 1.0, "binomial_approximation_shah": 0.7466755513176919, "binomial_approximation_sokolova": 0.7466859468542836, "p2l_bound": 0.5039412378454581, "p2l_upper_bound": 0.5784785689582879, "kl_bound": 0.7467882102355361, "nbr_parameter_bounds": 20, "min_val_linear_bound": 0.8799339263725042, "min_param_linear_bound": 2.335721469090121, "min_val_catoni_bound": 0.7467381171576891, "min_param_catoni_bound": 69.51927961775604, "CE_kl_bound": 8.597717002560245, "CE_nbr_parameter_bounds": 20, "CE_min_val_linear_bound": 9.577136835507552, "CE_min_param_linear_bound": 0.2636650898730355, "CE_min_val_catoni_bound": 8.597140284688681, "CE_min_param_catoni_bound": 69.51927961775604, "config": {"seed": 1, "prior_size": 0.5, "pretraining_epochs": 100, "pretraining_lr": 0.001, "model_type": "cnn", "dropout_probability": 0.2, "optimizer": "Adam", "training_lr": 0.005, "momentum": null, "nesterov": null, "max_compression_size": -1, "data_groupsize": 32, "patience": 3, "dataset": "mnist", "n_classes": 10, "first_class": null, "second_class": null, "validation_size": 0.1, "max_epochs": 200, "batch_size": 64, "delta": 0.01, "nbr_parameter_bounds": 20, "classic_bounds": true, "p2l_bounds": true, "real_bounds": true, "log_iterations": 10, "deterministic": true, "clamping": true, "min_probability": 1e-05}}