{"prior_set_size": 6000, "train_set_size": 48000, "validation_set_size": 6000, "test_set_size": 10000, "compression_set_size": 13792, "complement_error": 0.0, "complement_loss": 0.0, "validation_error": 0.04241528362035751, "validation_loss": 0.4950560927391052, "test_error": 0.03800729662179947, "test_loss": 0.4271297752857208, "brute_force_binomial_tail_inversion": 1, "beta_ppf": 1.0, "beta_isf": 1.0, "binomial_approximation_shah": 0.5691943067197593, "binomial_approximation_sokolova": 0.5692005745683356, "p2l_bound": 0.29322365762076025, "p2l_upper_bound": 0.3326125015870304, "kl_bound": 0.5692687695845962, "nbr_parameter_bounds": 20, "min_val_linear_bound": 0.6525328726174466, "min_param_linear_bound": 2.335721469090121, "min_val_catoni_bound": 0.5692320324567234, "min_param_catoni_bound": 69.51927961775604, "CE_kl_bound": 6.553948913762767, "CE_nbr_parameter_bounds": 20, "CE_min_val_linear_bound": 7.562666419248916, "CE_min_param_linear_bound": 0.2636650898730355, "CE_min_val_catoni_bound": 6.55352596194777, "CE_min_param_catoni_bound": 69.51927961775604, "config": {"seed": 2, "prior_size": 0.1, "pretraining_epochs": 100, "pretraining_lr": 0.0001, "model_type": "cnn", "dropout_probability": 0.2, "optimizer": "Adam", "training_lr": 0.005, "momentum": null, "nesterov": null, "max_compression_size": -1, "data_groupsize": 32, "patience": 3, "dataset": "mnist", "n_classes": 10, "first_class": null, "second_class": null, "validation_size": 0.1, "max_epochs": 200, "batch_size": 64, "delta": 0.01, "nbr_parameter_bounds": 20, "classic_bounds": true, "p2l_bounds": true, "real_bounds": true, "log_iterations": 10, "deterministic": true, "clamping": true, "min_probability": 1e-05}}