{"prior_set_size": 30000, "train_set_size": 24000, "validation_set_size": 6000, "test_set_size": 10000, "compression_set_size": 608, "complement_error": 0.0, "complement_loss": 0.00015188351972028613, "validation_error": 0.009744412265717983, "validation_loss": 0.06886952370405197, "test_error": 0.009845081716775894, "test_loss": 0.04444730281829834, "brute_force_binomial_tail_inversion": 1, "beta_ppf": 1.0, "beta_isf": 1.0, "binomial_approximation_shah": 0.11466278012527831, "binomial_approximation_sokolova": 0.11468161681793343, "p2l_bound": 0.02761698138985472, "p2l_upper_bound": 0.04337172112210861, "kl_bound": 0.1148793650791049, "nbr_parameter_bounds": 20, "min_val_linear_bound": 0.24910495028494356, "min_param_linear_bound": 1.1288378916846884, "min_val_catoni_bound": 0.11477615493113713, "min_param_catoni_bound": 69.51927961775604, "CE_kl_bound": 1.3239680686723971, "CE_nbr_parameter_bounds": 20, "CE_min_val_linear_bound": 3.0001388663881245, "CE_min_param_linear_bound": 0.061584821106602614, "CE_min_val_catoni_bound": 1.3241909136303618, "CE_min_param_catoni_bound": 20.6913808111479, "config": {"seed": 2, "prior_size": 0.5, "pretraining_epochs": 50, "pretraining_lr": 0.001, "model_type": "cnn", "dropout_probability": 0.1, "optimizer": "Adam", "training_lr": 0.001, "momentum": null, "nesterov": null, "max_compression_size": -1, "data_groupsize": 32, "patience": 3, "dataset": "mnist", "n_classes": 10, "first_class": null, "second_class": null, "validation_size": 0.1, "max_epochs": 200, "batch_size": 64, "delta": 0.01, "nbr_parameter_bounds": 20, "classic_bounds": true, "p2l_bounds": true, "real_bounds": true, "log_iterations": 10, "deterministic": true, "clamping": true, "min_probability": 1e-05}}