{"prior_set_size": 12000, "train_set_size": 42000, "validation_set_size": 6000, "test_set_size": 10000, "compression_set_size": 1568, "complement_error": 0.0, "validation_error": 0.009026606567203999, "test_error": 0.010646598413586617, "complement_loss": 6.572287384187803e-05, "validation_loss": 0.05972665920853615, "test_loss": 0.05694999918341637, "brute_force_binomial_tail_inversion": 1, "beta_ppf": 1.0, "beta_isf": 1.0, "binomial_approximation_shah": 0.15289649004030936, "binomial_approximation_sokolova": 0.15290691745122797, "p2l_bound": 0.03958029092925912, "p2l_upper_bound": 0.054152176432594484, "kl_bound": 0.1530221225693822, "nbr_parameter_bounds": 20, "min_val_linear_bound": 0.28816436156390207, "min_param_linear_bound": 1.1288378916846884, "min_val_catoni_bound": 0.15295925224137008, "min_param_catoni_bound": 69.51927961775604, "CE_kl_bound": 1.7623647896249277, "CE_nbr_parameter_bounds": 20, "CE_min_val_linear_bound": 3.4140918971811027, "CE_min_param_linear_bound": 0.1274274985703132, "CE_min_val_catoni_bound": 1.762160292205165, "CE_min_param_catoni_bound": 20.6913808111479, "config": {"seed": 4, "prior_size": 0.2, "pretraining_epochs": 50, "pretraining_lr": 0.001, "model_type": "cnn", "dropout_probability": 0.1, "optimizer": "Adam", "training_lr": 0.001, "momentum": null, "nesterov": null, "max_compression_size": 40000, "data_groupsize": 32, "patience": 3, "dataset": "mnist", "n_classes": 10, "first_class": null, "second_class": null, "validation_size": 0.1, "max_epochs": 200, "batch_size": 64, "delta": 0.01, "nbr_parameter_bounds": 20, "classic_bounds": true, "p2l_bounds": true, "real_bounds": true, "log_iterations": 10, "deterministic": true, "clamping": true, "min_probability": 1e-05, "regression": false, "early_stopping": false}}