{"train_set_size": 10597, "validation_set_size": 1177, "test_set_size": 1954, "compression_set_size": 90, "complement_error": 0.0, "complement_loss": 0.03340631723403931, "validation_error": 0.00443843100219965, "validation_loss": 0.04133296012878418, "test_error": 0.003940691705793142, "test_loss": 0.03381948918104172, "brute_force_binomial_tail_inversion": 0.049167999999999996, "beta_ppf": 1.0, "beta_isf": 0.049168224325122654, "binomial_approximation_shah": 0.04916822432512269, "binomial_approximation_sokolova": 0.04921326268568804, "p2l_bound": 0.010162235695733693, "p2l_upper_bound": 0.023816527900452814, "kl_bound": 0.04964981134980917, "nbr_parameter_bounds": 20, "min_val_linear_bound": 0.16113299909978274, "min_param_linear_bound": 0.5455594781168515, "min_val_catoni_bound": 0.0494392847044558, "min_param_catoni_bound": 69.51927961775604, "config": {"seed": 4, "prior_size": 0.0, "pretraining_epochs": null, "pretraining_lr": null, "model_type": "cnn", "dropout_probability": 0.2, "optimizer": "Adam", "training_lr": 0.0001, "momentum": null, "nesterov": null, "max_compression_size": -1, "data_groupsize": 1, "patience": 3, "dataset": "mnist", "n_classes": 2, "first_class": 0, "second_class": 8, "validation_size": 0.1, "max_epochs": 200, "batch_size": 64, "delta": 0.01, "nbr_parameter_bounds": 20, "classic_bounds": true, "p2l_bounds": true, "real_bounds": true, "log_iterations": 10, "deterministic": true}}