{"prior_set_size": 6000, "train_set_size": 48000, "validation_set_size": 6000, "test_set_size": 10000, "compression_set_size": 47872, "complement_error": 0.0, "complement_loss": 0.6929892897605896, "validation_error": 0.5, "validation_loss": 0.6931442022323608, "test_error": 0.5, "test_loss": 0.6931431293487549, "brute_force_binomial_tail_inversion": 1, "beta_ppf": 1.0, "beta_isf": 1.0, "binomial_approximation_shah": 0.9991812366433869, "binomial_approximation_sokolova": 0.9991844140462045, "p2l_bound": 0.9981409533818564, "p2l_upper_bound": 1.0833871452164474, "kl_bound": 0.9992009466513991, "nbr_parameter_bounds": 20, "min_val_linear_bound": 1.9631119616114427, "min_param_linear_bound": 10.0, "min_val_catoni_bound": 0.9992001766091574, "min_param_catoni_bound": 69.51927961775604, "config": {"seed": 1, "prior_size": 0.1, "pretraining_epochs": 50, "pretraining_lr": 0.0001, "model_type": "cnn", "dropout_probability": 0.1, "optimizer": "Adam", "training_lr": 0.005, "momentum": null, "nesterov": null, "max_compression_size": -1, "data_groupsize": 32, "patience": 3, "dataset": "mnist", "n_classes": 2, "first_class": -1, "second_class": -1, "validation_size": 0.1, "max_epochs": 200, "batch_size": 64, "delta": 0.01, "nbr_parameter_bounds": 20, "classic_bounds": true, "p2l_bounds": true, "real_bounds": true, "log_iterations": 10, "deterministic": true}}