{"prior_set_size": 12000, "train_set_size": 42000, "validation_set_size": 6000, "test_set_size": 10000, "compression_set_size": 4864, "complement_error": 0.0, "complement_loss": 9.630218497647114e-12, "validation_error": 0.013360007666051388, "validation_loss": 0.15995226800441742, "test_error": 0.01381563488394022, "test_loss": 0.1554940640926361, "brute_force_binomial_tail_inversion": 1, "beta_ppf": 1.0, "beta_isf": 1.0, "binomial_approximation_shah": 0.333625567311717, "binomial_approximation_sokolova": 0.33363449806716405, "p2l_bound": 0.11993602797338027, "p2l_upper_bound": 0.14601011036698527, "kl_bound": 0.3337324047461152, "nbr_parameter_bounds": 20, "min_val_linear_bound": 0.4657805249667464, "min_param_linear_bound": 2.335721469090121, "min_val_catoni_bound": 0.3336793210514112, "min_param_catoni_bound": 69.51927961775604, "CE_kl_bound": 3.8422363010937173, "CE_nbr_parameter_bounds": 20, "CE_min_val_linear_bound": 5.297275472480327, "CE_min_param_linear_bound": 0.1274274985703132, "CE_min_val_catoni_bound": 3.841625152912861, "CE_min_param_catoni_bound": 69.51927961775604, "config": {"seed": 2, "prior_size": 0.2, "pretraining_epochs": 50, "pretraining_lr": 0.0001, "model_type": "cnn", "dropout_probability": 0.2, "optimizer": "Adam", "training_lr": 0.005, "momentum": null, "nesterov": null, "max_compression_size": -1, "data_groupsize": 32, "patience": 3, "dataset": "mnist", "n_classes": 10, "first_class": null, "second_class": null, "validation_size": 0.1, "max_epochs": 200, "batch_size": 64, "delta": 0.01, "nbr_parameter_bounds": 20, "classic_bounds": true, "p2l_bounds": true, "real_bounds": true, "log_iterations": 10, "deterministic": true, "clamping": true, "min_probability": 1e-05}}