{"prior_set_size": 30000, "train_set_size": 24000, "validation_set_size": 6000, "test_set_size": 10000, "compression_set_size": 416, "complement_error": 0.0, "validation_error": 0.01114651095122099, "test_error": 0.020952606573700905, "complement_loss": 0.008208964951336384, "validation_loss": 0.048424914479255676, "test_loss": 0.0714130848646164, "brute_force_binomial_tail_inversion": 1, "beta_ppf": 1.0, "beta_isf": 1.0, "binomial_approximation_shah": 0.08568077195874269, "binomial_approximation_sokolova": 0.0857000669110316, "p2l_bound": 0.019168255147058513, "p2l_upper_bound": 0.03216370696863936, "kl_bound": 0.08590278495103121, "nbr_parameter_bounds": 20, "min_val_linear_bound": 0.22056922669275672, "min_param_linear_bound": 1.1288378916846884, "min_val_catoni_bound": 0.08579690500081949, "min_param_catoni_bound": 69.51927961775604, "CE_kl_bound": 1.0333888849311996, "CE_nbr_parameter_bounds": 20, "CE_min_val_linear_bound": 2.4851416386784955, "CE_min_param_linear_bound": 0.061584821106602614, "CE_min_val_catoni_bound": 1.0360811593301833, "CE_min_param_catoni_bound": 6.1584821106602545, "config": {"seed": 42, "prior_size": 0.5, "pretraining_epochs": 50, "pretraining_lr": 0.01, "model_type": "cnn", "dropout_probability": 0.1, "optimizer": "Adam", "training_lr": 0.0001, "momentum": null, "nesterov": null, "max_compression_size": 40000, "data_groupsize": 32, "patience": 3, "dataset": "mnist", "n_classes": 10, "first_class": null, "second_class": null, "validation_size": 0.1, "max_epochs": 200, "batch_size": 64, "delta": 0.01, "nbr_parameter_bounds": 20, "classic_bounds": true, "p2l_bounds": true, "real_bounds": true, "log_iterations": 10, "deterministic": true, "clamping": true, "min_probability": 1e-05, "regression": false, "early_stopping": false}}