{"prior_set_size": 30000, "train_set_size": 24000, "validation_set_size": 6000, "test_set_size": 10000, "compression_set_size": 672, "complement_error": 0.0, "complement_loss": 0.002067651366814971, "validation_error": 0.011221695691347122, "validation_loss": 0.03870333731174469, "test_error": 0.011753631755709648, "test_loss": 0.03882857412099838, "brute_force_binomial_tail_inversion": 1, "beta_ppf": 1.0, "beta_isf": 1.0, "binomial_approximation_shah": 0.12365688436902134, "binomial_approximation_sokolova": 0.12367558085312103, "p2l_bound": 0.030418033052235848, "p2l_upper_bound": 0.04699520543569573, "kl_bound": 0.12387180607765913, "nbr_parameter_bounds": 20, "min_val_linear_bound": 0.2581507703293913, "min_param_linear_bound": 1.1288378916846884, "min_val_catoni_bound": 0.12376941526727125, "min_param_catoni_bound": 69.51927961775604, "CE_kl_bound": 1.4400289700595261, "CE_nbr_parameter_bounds": 20, "CE_min_val_linear_bound": 3.150213388318113, "CE_min_param_linear_bound": 0.1274274985703132, "CE_min_val_catoni_bound": 1.439143903344493, "CE_min_param_catoni_bound": 6.1584821106602545, "config": {"seed": 1, "prior_size": 0.5, "pretraining_epochs": 50, "pretraining_lr": 0.0001, "model_type": "cnn", "dropout_probability": 0.2, "optimizer": "Adam", "training_lr": 0.0001, "momentum": null, "nesterov": null, "max_compression_size": -1, "data_groupsize": 32, "patience": 3, "dataset": "mnist", "n_classes": 10, "first_class": null, "second_class": null, "validation_size": 0.1, "max_epochs": 200, "batch_size": 64, "delta": 0.01, "nbr_parameter_bounds": 20, "classic_bounds": true, "p2l_bounds": true, "real_bounds": true, "log_iterations": 10, "deterministic": true, "clamping": true, "min_probability": 1e-05}}