{"train_set_size": 10881, "validation_set_size": 1208, "test_set_size": 2042, "compression_set_size": 243, "complement_error": 0.0, "complement_loss": 7.435953739332035e-05, "validation_error": 0.0008830013684928417, "validation_loss": 0.013299939222633839, "test_error": 0.0016998492646962404, "test_loss": 0.027535362169146538, "brute_force_binomial_tail_inversion": 1, "beta_ppf": 1.0, "beta_isf": 1.0, "binomial_approximation_shah": 0.10470004085252371, "binomial_approximation_sokolova": 0.10474192660521342, "p2l_bound": 0.02527046241513257, "p2l_upper_bound": 0.047133449078716846, "kl_bound": 0.10514844115823507, "nbr_parameter_bounds": 20, "min_val_linear_bound": 0.23932793972783056, "min_param_linear_bound": 1.1288378916846884, "min_val_catoni_bound": 0.10495212783991281, "min_param_catoni_bound": 69.51927961775604, "config": {"seed": 42, "prior_size": 0.0, "pretraining_epochs": null, "pretraining_lr": null, "model_type": "cnn", "dropout_probability": 0.1, "optimizer": "Adam", "training_lr": 0.005, "momentum": null, "nesterov": null, "max_compression_size": -1, "data_groupsize": 1, "patience": 3, "dataset": "mnist", "n_classes": 2, "first_class": 2, "second_class": 3, "validation_size": 0.1, "max_epochs": 200, "batch_size": 64, "delta": 0.01, "nbr_parameter_bounds": 20, "classic_bounds": true, "p2l_bounds": true, "real_bounds": true, "log_iterations": 10, "deterministic": true}}