{"train_set_size": 10597, "validation_set_size": 1177, "test_set_size": 1954, "compression_set_size": 146, "complement_error": 0.0, "complement_loss": 8.374567551072687e-05, "validation_error": 0.005066420417279005, "validation_loss": 0.06128258630633354, "test_error": 0.0023899644147604704, "test_loss": 0.05038623511791229, "brute_force_binomial_tail_inversion": 1, "beta_ppf": 1.0, "beta_isf": 1.0, "binomial_approximation_shah": 0.07211567564162291, "binomial_approximation_sokolova": 0.07215986254363094, "p2l_bound": 0.016010160405158746, "p2l_upper_bound": 0.03338744850957066, "kl_bound": 0.07258792128413916, "nbr_parameter_bounds": 20, "min_val_linear_bound": 0.2059156654452151, "min_param_linear_bound": 0.5455594781168515, "min_val_catoni_bound": 0.07238161140484178, "min_param_catoni_bound": 69.51927961775604, "config": {"seed": 1, "prior_size": 0.0, "pretraining_epochs": null, "pretraining_lr": null, "model_type": "cnn", "dropout_probability": 0.2, "optimizer": "Adam", "training_lr": 0.01, "momentum": null, "nesterov": null, "max_compression_size": -1, "data_groupsize": 1, "patience": 3, "dataset": "mnist", "n_classes": 2, "first_class": 0, "second_class": 8, "validation_size": 0.1, "max_epochs": 200, "batch_size": 64, "delta": 0.01, "nbr_parameter_bounds": 20, "classic_bounds": true, "p2l_bounds": true, "real_bounds": true, "log_iterations": 10, "deterministic": true}}