{"train_set_size": 10597, "validation_set_size": 1177, "test_set_size": 1954, "compression_set_size": 103, "complement_error": 0.0, "complement_loss": 0.0139593705534935, "validation_error": 0.001558674848638475, "validation_loss": 0.017819011583924294, "test_error": 0.0024037277325987816, "test_loss": 0.016597731038928032, "brute_force_binomial_tail_inversion": 0.054754, "beta_ppf": 1.0, "beta_isf": 0.054754062996826086, "binomial_approximation_shah": 0.05475406299682606, "binomial_approximation_sokolova": 0.054798892235715435, "p2l_bound": 0.011530945344578564, "p2l_upper_bound": 0.02613136290306822, "kl_bound": 0.05523335840553045, "nbr_parameter_bounds": 20, "min_val_linear_bound": 0.171933587987065, "min_param_linear_bound": 0.5455594781168515, "min_val_catoni_bound": 0.055023864751522766, "min_param_catoni_bound": 69.51927961775604, "config": {"seed": 1, "prior_size": 0.0, "pretraining_epochs": null, "pretraining_lr": null, "model_type": "cnn", "dropout_probability": 0.1, "optimizer": "Adam", "training_lr": 0.0001, "momentum": null, "nesterov": null, "max_compression_size": -1, "data_groupsize": 1, "patience": 3, "dataset": "mnist", "n_classes": 2, "first_class": 0, "second_class": 8, "validation_size": 0.1, "max_epochs": 200, "batch_size": 64, "delta": 0.01, "nbr_parameter_bounds": 20, "classic_bounds": true, "p2l_bounds": true, "real_bounds": true, "log_iterations": 10, "deterministic": true}}