{"prior_set_size": 6000, "train_set_size": 48000, "validation_set_size": 6000, "test_set_size": 10000, "compression_set_size": 14720, "complement_error": 0.0, "complement_loss": 0.0, "validation_error": 0.07037822902202606, "validation_loss": 0.7656098008155823, "test_error": 0.06879989057779312, "test_loss": 0.7667601108551025, "brute_force_binomial_tail_inversion": 1, "beta_ppf": 1.0, "beta_isf": 1.0, "binomial_approximation_shah": 0.5891853622193663, "binomial_approximation_sokolova": 0.5891915058804429, "p2l_bound": 0.3126999767497181, "p2l_upper_bound": 0.35349428891306384, "kl_bound": 0.5892581799998879, "nbr_parameter_bounds": 20, "min_val_linear_bound": 0.6728766908313151, "min_param_linear_bound": 2.335721469090121, "min_val_catoni_bound": 0.5892223404429117, "min_param_catoni_bound": 69.51927961775604, "CE_kl_bound": 6.784085505962721, "CE_nbr_parameter_bounds": 20, "CE_min_val_linear_bound": 7.742885548706974, "CE_min_param_linear_bound": 0.2636650898730355, "CE_min_val_catoni_bound": 6.783672887814555, "CE_min_param_catoni_bound": 69.51927961775604, "config": {"seed": 3, "prior_size": 0.1, "pretraining_epochs": 50, "pretraining_lr": 0.001, "model_type": "cnn", "dropout_probability": 0.1, "optimizer": "Adam", "training_lr": 0.005, "momentum": null, "nesterov": null, "max_compression_size": -1, "data_groupsize": 32, "patience": 3, "dataset": "mnist", "n_classes": 10, "first_class": null, "second_class": null, "validation_size": 0.1, "max_epochs": 200, "batch_size": 64, "delta": 0.01, "nbr_parameter_bounds": 20, "classic_bounds": true, "p2l_bounds": true, "real_bounds": true, "log_iterations": 10, "deterministic": true, "clamping": true, "min_probability": 1e-05}}