{"prior_set_size": 6000, "train_set_size": 48000, "validation_set_size": 6000, "test_set_size": 10000, "compression_set_size": 43360, "complement_error": 0.0, "complement_loss": 0.0, "validation_error": 0.8998823165893555, "validation_loss": 10.386582374572754, "test_error": 0.9005693197250366, "test_loss": 10.382360458374023, "brute_force_binomial_tail_inversion": 1, "beta_ppf": 1.0, "beta_isf": 1.0, "binomial_approximation_shah": 0.9627878950208013, "binomial_approximation_sokolova": 0.9627918862886157, "p2l_bound": 0.9077798450707149, "p2l_upper_bound": 0.9851050606383025, "kl_bound": 0.962827286683023, "nbr_parameter_bounds": 20, "min_val_linear_bound": 1.2852282838086557, "min_param_linear_bound": 4.832930238571752, "min_val_catoni_bound": 0.962811912590818, "min_param_catoni_bound": 69.51927961775604, "CE_kl_bound": 11.084958787221167, "CE_nbr_parameter_bounds": 20, "CE_min_val_linear_bound": 15.0728099431357, "CE_min_param_linear_bound": 0.5455594781168515, "CE_min_val_catoni_bound": 11.084781786443518, "CE_min_param_catoni_bound": 69.51927961775604, "config": {"seed": 2, "prior_size": 0.1, "pretraining_epochs": 100, "pretraining_lr": 0.0001, "model_type": "cnn", "dropout_probability": 0.1, "optimizer": "Adam", "training_lr": 0.005, "momentum": null, "nesterov": null, "max_compression_size": -1, "data_groupsize": 32, "patience": 3, "dataset": "mnist", "n_classes": 10, "first_class": null, "second_class": null, "validation_size": 0.1, "max_epochs": 200, "batch_size": 64, "delta": 0.01, "nbr_parameter_bounds": 20, "classic_bounds": true, "p2l_bounds": true, "real_bounds": true, "log_iterations": 10, "deterministic": true, "clamping": true, "min_probability": 1e-05}}