{"prior_set_size": 6000, "train_set_size": 48000, "validation_set_size": 6000, "test_set_size": 10000, "compression_set_size": 2976, "complement_error": 0.0, "validation_error": 0.010055038146674633, "test_error": 0.009712603874504566, "complement_loss": 3.23105564348225e-06, "validation_loss": 0.07506627589464188, "test_loss": 0.06623377650976181, "brute_force_binomial_tail_inversion": 1, "beta_ppf": 1.0, "beta_isf": 1.0, "binomial_approximation_shah": 0.21976424627560942, "binomial_approximation_sokolova": 0.21977287104072019, "p2l_bound": 0.06480459057888946, "p2l_upper_bound": 0.08249790143872578, "kl_bound": 0.21986909303814173, "nbr_parameter_bounds": 20, "min_val_linear_bound": 0.3609996343661915, "min_param_linear_bound": 1.1288378916846884, "min_val_catoni_bound": 0.2198161585817099, "min_param_catoni_bound": 69.51927961775604, "CE_kl_bound": 2.5313738266948342, "CE_nbr_parameter_bounds": 20, "CE_min_val_linear_bound": 4.059252898822974, "CE_min_param_linear_bound": 0.1274274985703132, "CE_min_val_catoni_bound": 2.5307792114014895, "CE_min_param_catoni_bound": 20.6913808111479, "config": {"seed": 4, "prior_size": 0.1, "pretraining_epochs": 50, "pretraining_lr": 0.001, "model_type": "cnn", "dropout_probability": 0.2, "optimizer": "Adam", "training_lr": 0.001, "momentum": null, "nesterov": null, "max_compression_size": 40000, "data_groupsize": 32, "patience": 3, "dataset": "mnist", "n_classes": 10, "first_class": null, "second_class": null, "validation_size": 0.1, "max_epochs": 200, "batch_size": 64, "delta": 0.01, "nbr_parameter_bounds": 20, "classic_bounds": true, "p2l_bounds": true, "real_bounds": true, "log_iterations": 10, "deterministic": true, "clamping": true, "min_probability": 1e-05, "regression": false, "early_stopping": false}}