{"prior_set_size": 30000, "train_set_size": 24000, "validation_set_size": 6000, "test_set_size": 10000, "compression_set_size": 7456, "complement_error": 0.0, "validation_error": 0.04614059254527092, "test_error": 0.04347855597734451, "complement_loss": 0.0, "validation_loss": 0.5046501159667969, "test_loss": 0.4823915362358093, "brute_force_binomial_tail_inversion": 1, "beta_ppf": 1.0, "beta_isf": 1.0, "binomial_approximation_shah": 0.5934140788177764, "binomial_approximation_sokolova": 0.5934263101337927, "p2l_bound": 0.3188858478348702, "p2l_upper_bound": 0.37657449809775734, "kl_bound": 0.5935504538938403, "nbr_parameter_bounds": 20, "min_val_linear_bound": 0.6773455008873285, "min_param_linear_bound": 2.335721469090121, "min_val_catoni_bound": 0.5934876953733244, "min_param_catoni_bound": 69.51927961775604, "CE_kl_bound": 6.833502135379032, "CE_nbr_parameter_bounds": 20, "CE_min_val_linear_bound": 7.782473252919704, "CE_min_param_linear_bound": 0.2636650898730355, "CE_min_val_catoni_bound": 6.8327796012100395, "CE_min_param_catoni_bound": 69.51927961775604, "config": {"seed": 42, "prior_size": 0.5, "pretraining_epochs": 50, "pretraining_lr": 0.001, "model_type": "cnn", "dropout_probability": 0.2, "optimizer": "Adam", "training_lr": 0.005, "momentum": null, "nesterov": null, "max_compression_size": 40000, "data_groupsize": 32, "patience": 3, "dataset": "mnist", "n_classes": 10, "first_class": null, "second_class": null, "validation_size": 0.1, "max_epochs": 200, "batch_size": 64, "delta": 0.01, "nbr_parameter_bounds": 20, "classic_bounds": true, "p2l_bounds": true, "real_bounds": true, "log_iterations": 10, "deterministic": true, "clamping": true, "min_probability": 1e-05, "regression": false, "early_stopping": false}}