{"prior_set_size": 12000, "train_set_size": 42000, "validation_set_size": 6000, "test_set_size": 10000, "compression_set_size": 18112, "complement_error": 0.0, "validation_error": 0.07686000317335129, "test_error": 0.07157429307699203, "complement_loss": 0.0, "validation_loss": 0.8692259788513184, "test_loss": 0.8070554733276367, "brute_force_binomial_tail_inversion": 1, "beta_ppf": 1.0, "beta_isf": 1.0, "binomial_approximation_shah": 0.6996534544565204, "binomial_approximation_sokolova": 0.6996597120339383, "p2l_bound": 0.43831602786397117, "p2l_upper_bound": 0.4908031026220305, "kl_bound": 0.699725535698235, "nbr_parameter_bounds": 20, "min_val_linear_bound": 0.8069853786897861, "min_param_linear_bound": 2.335721469090121, "min_val_catoni_bound": 0.6996911177780183, "min_param_catoni_bound": 69.51927961775604, "CE_kl_bound": 8.055887938430145, "CE_nbr_parameter_bounds": 20, "CE_min_val_linear_bound": 8.93090987749989, "CE_min_param_linear_bound": 0.2636650898730355, "CE_min_val_catoni_bound": 8.05549168748003, "CE_min_param_catoni_bound": 69.51927961775604, "config": {"seed": 4, "prior_size": 0.2, "pretraining_epochs": 50, "pretraining_lr": 0.0001, "model_type": "cnn", "dropout_probability": 0.1, "optimizer": "Adam", "training_lr": 0.005, "momentum": null, "nesterov": null, "max_compression_size": 40000, "data_groupsize": 32, "patience": 3, "dataset": "mnist", "n_classes": 10, "first_class": null, "second_class": null, "validation_size": 0.1, "max_epochs": 200, "batch_size": 64, "delta": 0.01, "nbr_parameter_bounds": 20, "classic_bounds": true, "p2l_bounds": true, "real_bounds": true, "log_iterations": 10, "deterministic": true, "clamping": true, "min_probability": 1e-05, "regression": false, "early_stopping": false}}