{"prior_set_size": 12000, "train_set_size": 42000, "validation_set_size": 6000, "test_set_size": 10000, "compression_set_size": 3328, "complement_error": 0.0, "validation_error": 0.0102447010576725, "test_error": 0.011438063345849514, "complement_loss": 3.6071171507501276e-06, "validation_loss": 0.08641450852155685, "test_loss": 0.09025540202856064, "brute_force_binomial_tail_inversion": 1, "beta_ppf": 1.0, "beta_isf": 1.0, "binomial_approximation_shah": 0.2600391736326555, "binomial_approximation_sokolova": 0.26004869670767816, "p2l_bound": 0.08262583110978206, "p2l_upper_bound": 0.10405833176694736, "kl_bound": 0.26015348453074694, "nbr_parameter_bounds": 20, "min_val_linear_bound": 0.40795925905888797, "min_param_linear_bound": 1.1288378916846884, "min_val_catoni_bound": 0.2600964925887861, "min_param_catoni_bound": 69.51927961775604, "CE_kl_bound": 2.9951675088656247, "CE_nbr_parameter_bounds": 20, "CE_min_val_linear_bound": 4.475252994938292, "CE_min_param_linear_bound": 0.1274274985703132, "CE_min_val_catoni_bound": 2.994526759399177, "CE_min_param_catoni_bound": 20.6913808111479, "config": {"seed": 42, "prior_size": 0.2, "pretraining_epochs": 100, "pretraining_lr": 0.0001, "model_type": "cnn", "dropout_probability": 0.2, "optimizer": "Adam", "training_lr": 0.001, "momentum": null, "nesterov": null, "max_compression_size": 40000, "data_groupsize": 32, "patience": 3, "dataset": "mnist", "n_classes": 10, "first_class": null, "second_class": null, "validation_size": 0.1, "max_epochs": 200, "batch_size": 64, "delta": 0.01, "nbr_parameter_bounds": 20, "classic_bounds": true, "p2l_bounds": true, "real_bounds": true, "log_iterations": 10, "deterministic": true, "clamping": true, "min_probability": 1e-05, "regression": false, "early_stopping": false}}