{"prior_set_size": 12000, "train_set_size": 42000, "validation_set_size": 6000, "test_set_size": 10000, "compression_set_size": 3456, "complement_error": 0.0, "complement_loss": 1.2408115253492724e-05, "validation_error": 0.009159411303699017, "validation_loss": 0.06029067561030388, "test_error": 0.013047164306044579, "test_loss": 0.08130558580160141, "brute_force_binomial_tail_inversion": 1, "beta_ppf": 1.0, "beta_isf": 1.0, "binomial_approximation_shah": 0.2667263810284819, "binomial_approximation_sokolova": 0.2667358493801255, "p2l_bound": 0.08574184378828587, "p2l_upper_bound": 0.1075950556631447, "kl_bound": 0.2668400024995208, "nbr_parameter_bounds": 20, "min_val_linear_bound": 0.41600167691826595, "min_param_linear_bound": 1.1288378916846884, "min_val_catoni_bound": 0.26678337060096646, "min_param_catoni_bound": 69.51927961775604, "CE_kl_bound": 3.072233978574631, "CE_nbr_parameter_bounds": 20, "CE_min_val_linear_bound": 4.546506904898635, "CE_min_param_linear_bound": 0.1274274985703132, "CE_min_val_catoni_bound": 3.0716453088930677, "CE_min_param_catoni_bound": 20.6913808111479, "config": {"seed": 1, "prior_size": 0.2, "pretraining_epochs": 100, "pretraining_lr": 0.0001, "model_type": "cnn", "dropout_probability": 0.1, "optimizer": "Adam", "training_lr": 0.001, "momentum": null, "nesterov": null, "max_compression_size": -1, "data_groupsize": 32, "patience": 3, "dataset": "mnist", "n_classes": 10, "first_class": null, "second_class": null, "validation_size": 0.1, "max_epochs": 200, "batch_size": 64, "delta": 0.01, "nbr_parameter_bounds": 20, "classic_bounds": true, "p2l_bounds": true, "real_bounds": true, "log_iterations": 10, "deterministic": true, "clamping": true, "min_probability": 1e-05}}