{"prior_set_size": 30000, "train_set_size": 24000, "validation_set_size": 6000, "test_set_size": 10000, "compression_set_size": 576, "complement_error": 0.0, "complement_loss": 0.00047895757597871125, "validation_error": 0.010273127816617489, "validation_loss": 0.05443410202860832, "test_error": 0.010912803001701832, "test_loss": 0.04549482464790344, "brute_force_binomial_tail_inversion": 1, "beta_ppf": 1.0, "beta_isf": 1.0, "binomial_approximation_shah": 0.1100526469800327, "binomial_approximation_sokolova": 0.1100715558923141, "p2l_bound": 0.02621397690568119, "p2l_upper_bound": 0.041541807676599936, "kl_bound": 0.11027008946985006, "nbr_parameter_bounds": 20, "min_val_linear_bound": 0.24450387317582586, "min_param_linear_bound": 1.1288378916846884, "min_val_catoni_bound": 0.11016645647167322, "min_param_catoni_bound": 69.51927961775604, "CE_kl_bound": 1.273367061114215, "CE_nbr_parameter_bounds": 20, "CE_min_val_linear_bound": 2.916129084543729, "CE_min_param_linear_bound": 0.061584821106602614, "CE_min_val_catoni_bound": 1.2736569375810234, "CE_min_param_catoni_bound": 6.1584821106602545, "config": {"seed": 2, "prior_size": 0.5, "pretraining_epochs": 50, "pretraining_lr": 0.001, "model_type": "cnn", "dropout_probability": 0.2, "optimizer": "Adam", "training_lr": 0.001, "momentum": null, "nesterov": null, "max_compression_size": -1, "data_groupsize": 32, "patience": 3, "dataset": "mnist", "n_classes": 10, "first_class": null, "second_class": null, "validation_size": 0.1, "max_epochs": 200, "batch_size": 64, "delta": 0.01, "nbr_parameter_bounds": 20, "classic_bounds": true, "p2l_bounds": true, "real_bounds": true, "log_iterations": 10, "deterministic": true, "clamping": true, "min_probability": 1e-05}}