{"train_set_size": 10206, "validation_set_size": 1133, "test_set_size": 1850, "compression_set_size": 191, "complement_error": 0.0, "complement_loss": 9.97121533146128e-05, "validation_error": 0.0017808778211474419, "validation_loss": 0.009168753400444984, "test_error": 0.003617042675614357, "test_loss": 0.16069446504116058, "brute_force_binomial_tail_inversion": 1, "beta_ppf": 1.0, "beta_isf": 1.0, "binomial_approximation_shah": 0.09151141491753789, "binomial_approximation_sokolova": 0.09155656157842063, "p2l_bound": 0.021432151308982152, "p2l_upper_bound": 0.04208019987654377, "kl_bound": 0.09199198056012392, "nbr_parameter_bounds": 20, "min_val_linear_bound": 0.22638897527895133, "min_param_linear_bound": 1.1288378916846884, "min_val_catoni_bound": 0.0917831255084619, "min_param_catoni_bound": 69.51927961775604, "config": {"seed": 3, "prior_size": 0.0, "pretraining_epochs": null, "pretraining_lr": null, "model_type": "cnn", "dropout_probability": 0.2, "optimizer": "Adam", "training_lr": 0.01, "momentum": null, "nesterov": null, "max_compression_size": -1, "data_groupsize": 1, "patience": 3, "dataset": "mnist", "n_classes": 2, "first_class": 5, "second_class": 6, "validation_size": 0.1, "max_epochs": 200, "batch_size": 64, "delta": 0.01, "nbr_parameter_bounds": 20, "classic_bounds": true, "p2l_bounds": true, "real_bounds": true, "log_iterations": 10, "deterministic": true}}