{"train_set_size": 10881, "validation_set_size": 1208, "test_set_size": 2042, "compression_set_size": 369, "complement_error": 0.0, "complement_loss": 0.0001642266579438001, "validation_error": 0.010411272756755352, "validation_loss": 0.26560261845588684, "test_error": 0.0068487199023365974, "test_loss": 0.1814042031764984, "brute_force_binomial_tail_inversion": 1, "beta_ppf": 1.0, "beta_isf": 1.0, "binomial_approximation_shah": 0.14318319800101942, "binomial_approximation_sokolova": 0.14322376381976243, "p2l_bound": 0.03765488641507572, "p2l_upper_bound": 0.06466292118995373, "kl_bound": 0.1436169808730483, "nbr_parameter_bounds": 20, "min_val_linear_bound": 0.27825120642476464, "min_param_linear_bound": 1.1288378916846884, "min_val_catoni_bound": 0.14342734069849117, "min_param_catoni_bound": 69.51927961775604, "config": {"seed": 4, "prior_size": 0.0, "pretraining_epochs": null, "pretraining_lr": null, "model_type": "mlp", "dropout_probability": 0.1, "optimizer": "Adam", "training_lr": 0.001, "momentum": null, "nesterov": null, "max_compression_size": -1, "data_groupsize": 1, "patience": 3, "dataset": "mnist", "n_classes": 2, "first_class": 2, "second_class": 3, "validation_size": 0.1, "max_epochs": 200, "batch_size": 64, "delta": 0.01, "nbr_parameter_bounds": 20, "classic_bounds": true, "p2l_bounds": true, "real_bounds": true, "log_iterations": 10, "deterministic": true}}