{"train_set_size": 10206, "validation_set_size": 1133, "test_set_size": 1850, "compression_set_size": 134, "complement_error": 0.0, "complement_loss": 0.013393502682447433, "validation_error": 0.003786166198551655, "validation_loss": 0.017227953299880028, "test_error": 0.005416905507445335, "test_loss": 0.021645361557602882, "brute_force_binomial_tail_inversion": 0.069477, "beta_ppf": 1.0, "beta_isf": 0.06947760798482813, "binomial_approximation_shah": 0.06947760798478442, "binomial_approximation_sokolova": 0.0695235879126791, "p2l_bound": 0.015331575583484792, "p2l_upper_bound": 0.0326172328584847, "kl_bound": 0.06996730621904135, "nbr_parameter_bounds": 20, "min_val_linear_bound": 0.20073148359357762, "min_param_linear_bound": 0.5455594781168515, "min_val_catoni_bound": 0.06975433370384654, "min_param_catoni_bound": 69.51927961775604, "config": {"seed": 2, "prior_size": 0.0, "pretraining_epochs": null, "pretraining_lr": null, "model_type": "cnn", "dropout_probability": 0.2, "optimizer": "Adam", "training_lr": 0.0001, "momentum": null, "nesterov": null, "max_compression_size": -1, "data_groupsize": 1, "patience": 3, "dataset": "mnist", "n_classes": 2, "first_class": 5, "second_class": 6, "validation_size": 0.1, "max_epochs": 200, "batch_size": 64, "delta": 0.01, "nbr_parameter_bounds": 20, "classic_bounds": true, "p2l_bounds": true, "real_bounds": true, "log_iterations": 10, "deterministic": true}}