{"prior_set_size": 30000, "train_set_size": 24000, "validation_set_size": 6000, "test_set_size": 10000, "compression_set_size": 9824, "complement_error": 0.0, "validation_error": 0.08434807509183884, "test_error": 0.07149454206228256, "complement_loss": 0.0, "validation_loss": 0.9114401936531067, "test_loss": 0.8128121495246887, "brute_force_binomial_tail_inversion": 1, "beta_ppf": 1.0, "beta_isf": 1.0, "binomial_approximation_shah": 0.6823474532801242, "binomial_approximation_sokolova": 0.6823586054382331, "p2l_bound": 0.41828461541576933, "p2l_upper_bound": 0.4853356240056361, "kl_bound": 0.6824700636789203, "nbr_parameter_bounds": 20, "min_val_linear_bound": 0.783037622423478, "min_param_linear_bound": 2.335721469090121, "min_val_catoni_bound": 0.6824145738673696, "min_param_catoni_bound": 69.51927961775604, "CE_kl_bound": 7.857226975208895, "CE_nbr_parameter_bounds": 20, "CE_min_val_linear_bound": 8.718764657688315, "CE_min_param_linear_bound": 0.2636650898730355, "CE_min_val_catoni_bound": 7.856588125144446, "CE_min_param_catoni_bound": 69.51927961775604, "config": {"seed": 42, "prior_size": 0.5, "pretraining_epochs": 100, "pretraining_lr": 0.001, "model_type": "cnn", "dropout_probability": 0.2, "optimizer": "Adam", "training_lr": 0.005, "momentum": null, "nesterov": null, "max_compression_size": 40000, "data_groupsize": 32, "patience": 3, "dataset": "mnist", "n_classes": 10, "first_class": null, "second_class": null, "validation_size": 0.1, "max_epochs": 200, "batch_size": 64, "delta": 0.01, "nbr_parameter_bounds": 20, "classic_bounds": true, "p2l_bounds": true, "real_bounds": true, "log_iterations": 10, "deterministic": true, "clamping": true, "min_probability": 1e-05, "regression": false, "early_stopping": false}}