{"train_set_size": 10881, "validation_set_size": 1208, "test_set_size": 2042, "compression_set_size": 242, "complement_error": 0.0, "complement_loss": 8.640795812198121e-08, "validation_error": 0.0026230313815176487, "validation_loss": 0.01693877764046192, "test_error": 0.0023230216465890408, "test_loss": 0.02945801056921482, "brute_force_binomial_tail_inversion": 1, "beta_ppf": 1.0, "beta_isf": 1.0, "binomial_approximation_shah": 0.1043719513171193, "binomial_approximation_sokolova": 0.1044138484808127, "p2l_bound": 0.025171483923360882, "p2l_upper_bound": 0.04698903029534348, "kl_bound": 0.10482047777622938, "nbr_parameter_bounds": 20, "min_val_linear_bound": 0.239003343068725, "min_param_linear_bound": 1.1288378916846884, "min_val_catoni_bound": 0.10462410698375901, "min_param_catoni_bound": 69.51927961775604, "config": {"seed": 3, "prior_size": 0.0, "pretraining_epochs": null, "pretraining_lr": null, "model_type": "cnn", "dropout_probability": 0.1, "optimizer": "Adam", "training_lr": 0.005, "momentum": null, "nesterov": null, "max_compression_size": -1, "data_groupsize": 1, "patience": 3, "dataset": "mnist", "n_classes": 2, "first_class": 2, "second_class": 3, "validation_size": 0.1, "max_epochs": 200, "batch_size": 64, "delta": 0.01, "nbr_parameter_bounds": 20, "classic_bounds": true, "p2l_bounds": true, "real_bounds": true, "log_iterations": 10, "deterministic": true}}