{"train_set_size": 10612, "validation_set_size": 1179, "test_set_size": 1991, "compression_set_size": 502, "complement_error": 0.0, "complement_loss": 0.00012022401642752811, "validation_error": 0.011597495526075363, "validation_loss": 1.8058578968048096, "test_error": 0.013976207934319973, "test_loss": 1.2018406391143799, "brute_force_binomial_tail_inversion": 1, "beta_ppf": 1.0, "beta_isf": 1.0, "binomial_approximation_shah": 0.18233325299887482, "binomial_approximation_sokolova": 0.1823735045291045, "p2l_bound": 0.05187494046466996, "p2l_upper_bound": 0.08425919903987433, "kl_bound": 0.18276209477335215, "nbr_parameter_bounds": 20, "min_val_linear_bound": 0.3196925925240446, "min_param_linear_bound": 1.1288378916846884, "min_val_catoni_bound": 0.18257550302725956, "min_param_catoni_bound": 69.51927961775604, "config": {"seed": 1, "prior_size": 0.0, "pretraining_epochs": null, "pretraining_lr": null, "model_type": "mlp", "dropout_probability": 0.1, "optimizer": "Adam", "training_lr": 0.005, "momentum": null, "nesterov": null, "max_compression_size": -1, "data_groupsize": 1, "patience": 3, "dataset": "mnist", "n_classes": 2, "first_class": 4, "second_class": 9, "validation_size": 0.1, "max_epochs": 200, "batch_size": 64, "delta": 0.01, "nbr_parameter_bounds": 20, "classic_bounds": true, "p2l_bounds": true, "real_bounds": true, "log_iterations": 10, "deterministic": true}}