{"prior_set_size": 6000, "train_set_size": 48000, "validation_set_size": 6000, "test_set_size": 10000, "compression_set_size": 17408, "complement_error": 0.0, "validation_error": 0.06146066263318062, "test_error": 0.05970021337270737, "complement_loss": 0.0, "validation_loss": 0.729152262210846, "test_loss": 0.6769593358039856, "brute_force_binomial_tail_inversion": 1, "beta_ppf": 1.0, "beta_isf": 1.0, "binomial_approximation_shah": 0.6423655362150231, "binomial_approximation_sokolova": 0.6423713545117318, "p2l_bound": 0.36904466444595413, "p2l_upper_bound": 0.4137301916198184, "kl_bound": 0.642434005625546, "nbr_parameter_bounds": 20, "min_val_linear_bound": 0.7322324860721295, "min_param_linear_bound": 2.335721469090121, "min_val_catoni_bound": 0.6424005559799786, "min_param_catoni_bound": 69.51927961775604, "CE_kl_bound": 7.396294822929176, "CE_nbr_parameter_bounds": 20, "CE_min_val_linear_bound": 8.268698826929159, "CE_min_param_linear_bound": 0.2636650898730355, "CE_min_val_catoni_bound": 7.395909719652928, "CE_min_param_catoni_bound": 69.51927961775604, "config": {"seed": 42, "prior_size": 0.1, "pretraining_epochs": 100, "pretraining_lr": 0.001, "model_type": "cnn", "dropout_probability": 0.2, "optimizer": "Adam", "training_lr": 0.005, "momentum": null, "nesterov": null, "max_compression_size": 40000, "data_groupsize": 32, "patience": 3, "dataset": "mnist", "n_classes": 10, "first_class": null, "second_class": null, "validation_size": 0.1, "max_epochs": 200, "batch_size": 64, "delta": 0.01, "nbr_parameter_bounds": 20, "classic_bounds": true, "p2l_bounds": true, "real_bounds": true, "log_iterations": 10, "deterministic": true, "clamping": true, "min_probability": 1e-05, "regression": false, "early_stopping": false}}