{"prior_set_size": 6000, "train_set_size": 48000, "validation_set_size": 6000, "test_set_size": 10000, "compression_set_size": 3424, "complement_error": 0.0, "complement_loss": 2.4196766389650293e-05, "validation_error": 0.01277126558125019, "validation_loss": 0.10247326642274857, "test_error": 0.011887593194842339, "test_loss": 0.07644884288311005, "brute_force_binomial_tail_inversion": 1, "beta_ppf": 1.0, "beta_isf": 1.0, "binomial_approximation_shah": 0.24208907588972772, "binomial_approximation_sokolova": 0.242097538075441, "p2l_bound": 0.07435747525072656, "p2l_upper_bound": 0.09337274390433009, "kl_bound": 0.24219186138361692, "nbr_parameter_bounds": 20, "min_val_linear_bound": 0.38671716823938107, "min_param_linear_bound": 1.1288378916846884, "min_val_catoni_bound": 0.24214000961915783, "min_param_catoni_bound": 69.51927961775604, "CE_kl_bound": 2.788573961114329, "CE_nbr_parameter_bounds": 20, "CE_min_val_linear_bound": 4.287096956428771, "CE_min_param_linear_bound": 0.1274274985703132, "CE_min_val_catoni_bound": 2.7881193110599027, "CE_min_param_catoni_bound": 20.6913808111479, "config": {"seed": 2, "prior_size": 0.1, "pretraining_epochs": 100, "pretraining_lr": 0.0001, "model_type": "cnn", "dropout_probability": 0.1, "optimizer": "Adam", "training_lr": 0.001, "momentum": null, "nesterov": null, "max_compression_size": -1, "data_groupsize": 32, "patience": 3, "dataset": "mnist", "n_classes": 10, "first_class": null, "second_class": null, "validation_size": 0.1, "max_epochs": 200, "batch_size": 64, "delta": 0.01, "nbr_parameter_bounds": 20, "classic_bounds": true, "p2l_bounds": true, "real_bounds": true, "log_iterations": 10, "deterministic": true, "clamping": true, "min_probability": 1e-05}}