{"prior_set_size": 30000, "train_set_size": 24000, "validation_set_size": 6000, "test_set_size": 10000, "compression_set_size": 1664, "complement_error": 0.0, "complement_loss": 0.0003290322201792151, "validation_error": 0.016914937645196915, "validation_loss": 0.1041470319032669, "test_error": 0.01761181838810444, "test_loss": 0.09487481415271759, "brute_force_binomial_tail_inversion": 1, "beta_ppf": 1.0, "beta_isf": 1.0, "binomial_approximation_shah": 0.2376619245388123, "binomial_approximation_sokolova": 0.23767891109252026, "p2l_bound": 0.0733411998938148, "p2l_upper_bound": 0.099684740571249, "kl_bound": 0.23785644676536322, "nbr_parameter_bounds": 20, "min_val_linear_bound": 0.3816169272317289, "min_param_linear_bound": 1.1288378916846884, "min_val_catoni_bound": 0.23776416341920448, "min_param_catoni_bound": 69.51927961775604, "CE_kl_bound": 2.7410059918122727, "CE_nbr_parameter_bounds": 20, "CE_min_val_linear_bound": 4.242220450564893, "CE_min_param_linear_bound": 0.1274274985703132, "CE_min_val_catoni_bound": 2.7425489618553827, "CE_min_param_catoni_bound": 20.6913808111479, "config": {"seed": 2, "prior_size": 0.5, "pretraining_epochs": 50, "pretraining_lr": 0.01, "model_type": "cnn", "dropout_probability": 0.1, "optimizer": "Adam", "training_lr": 0.005, "momentum": null, "nesterov": null, "max_compression_size": -1, "data_groupsize": 32, "patience": 3, "dataset": "mnist", "n_classes": 10, "first_class": null, "second_class": null, "validation_size": 0.1, "max_epochs": 200, "batch_size": 64, "delta": 0.01, "nbr_parameter_bounds": 20, "classic_bounds": true, "p2l_bounds": true, "real_bounds": true, "log_iterations": 10, "deterministic": true, "clamping": true, "min_probability": 1e-05}}