{"train_set_size": 11707, "validation_set_size": 1300, "test_set_size": 2163, "compression_set_size": 166, "complement_error": 0.0, "complement_loss": 0.0019854619167745113, "validation_error": 0.002189087448641658, "validation_loss": 0.2565767765045166, "test_error": 0.0018088207580149174, "test_loss": 0.1614428013563156, "brute_force_binomial_tail_inversion": 1, "beta_ppf": 1.0, "beta_isf": 1.0, "binomial_approximation_shah": 0.07367040266979308, "binomial_approximation_sokolova": 0.073710349345122, "p2l_bound": 0.016362310475010307, "p2l_upper_bound": 0.03313595411242588, "kl_bound": 0.07410132046788931, "nbr_parameter_bounds": 20, "min_val_linear_bound": 0.20893988949261827, "min_param_linear_bound": 0.5455594781168515, "min_val_catoni_bound": 0.07391082164038976, "min_param_catoni_bound": 69.51927961775604, "config": {"seed": 2, "prior_size": 0.0, "pretraining_epochs": null, "pretraining_lr": null, "model_type": "mlp", "dropout_probability": 0.2, "optimizer": "Adam", "training_lr": 0.01, "momentum": null, "nesterov": null, "max_compression_size": -1, "data_groupsize": 1, "patience": 3, "dataset": "mnist", "n_classes": 2, "first_class": 1, "second_class": 7, "validation_size": 0.1, "max_epochs": 200, "batch_size": 64, "delta": 0.01, "nbr_parameter_bounds": 20, "classic_bounds": true, "p2l_bounds": true, "real_bounds": true, "log_iterations": 10, "deterministic": true}}