{"prior_set_size": 12000, "train_set_size": 42000, "validation_set_size": 6000, "test_set_size": 10000, "compression_set_size": 1504, "complement_error": 0.0, "validation_error": 0.011344833299517632, "test_error": 0.010546051897108555, "complement_loss": 8.354917372344062e-05, "validation_loss": 0.08144406229257584, "test_loss": 0.06509976834058762, "brute_force_binomial_tail_inversion": 1, "beta_ppf": 1.0, "beta_isf": 1.0, "binomial_approximation_shah": 0.14828098801155076, "binomial_approximation_sokolova": 0.14829145566773916, "p2l_bound": 0.03800480519232917, "p2l_upper_bound": 0.05226983133677671, "kl_bound": 0.14840712118893862, "nbr_parameter_bounds": 20, "min_val_linear_bound": 0.28335065314270047, "min_param_linear_bound": 1.1288378916846884, "min_val_catoni_bound": 0.14834399245047902, "min_param_catoni_bound": 69.51927961775604, "CE_kl_bound": 1.7093889308543653, "CE_nbr_parameter_bounds": 20, "CE_min_val_linear_bound": 3.3714666791903856, "CE_min_param_linear_bound": 0.1274274985703132, "CE_min_val_catoni_bound": 1.7093455179145132, "CE_min_param_catoni_bound": 20.6913808111479, "config": {"seed": 3, "prior_size": 0.2, "pretraining_epochs": 100, "pretraining_lr": 0.001, "model_type": "cnn", "dropout_probability": 0.2, "optimizer": "Adam", "training_lr": 0.001, "momentum": null, "nesterov": null, "max_compression_size": 40000, "data_groupsize": 32, "patience": 3, "dataset": "mnist", "n_classes": 10, "first_class": null, "second_class": null, "validation_size": 0.1, "max_epochs": 200, "batch_size": 64, "delta": 0.01, "nbr_parameter_bounds": 20, "classic_bounds": true, "p2l_bounds": true, "real_bounds": true, "log_iterations": 10, "deterministic": true, "clamping": true, "min_probability": 1e-05, "regression": false, "early_stopping": false}}