{"prior_set_size": 12000, "train_set_size": 42000, "validation_set_size": 6000, "test_set_size": 10000, "compression_set_size": 1344, "complement_error": 0.0, "validation_error": 0.010945410467684269, "test_error": 0.013826518319547176, "complement_loss": 0.0006652866140939295, "validation_loss": 0.045854419469833374, "test_loss": 0.05536931753158569, "brute_force_binomial_tail_inversion": 1, "beta_ppf": 1.0, "beta_isf": 1.0, "binomial_approximation_shah": 0.1364280597166837, "binomial_approximation_sokolova": 0.1364386312777115, "p2l_bound": 0.034061203562654546, "p2l_upper_bound": 0.047530328408774226, "kl_bound": 0.13655548822134733, "nbr_parameter_bounds": 20, "min_val_linear_bound": 0.2711072446963394, "min_param_linear_bound": 1.1288378916846884, "min_val_catoni_bound": 0.13649168956275515, "min_param_catoni_bound": 69.51927961775604, "CE_kl_bound": 1.577274852578541, "CE_nbr_parameter_bounds": 20, "CE_min_val_linear_bound": 3.2635881271901797, "CE_min_param_linear_bound": 0.1274274985703132, "CE_min_val_catoni_bound": 1.5782947694845824, "CE_min_param_catoni_bound": 6.1584821106602545, "config": {"seed": 42, "prior_size": 0.2, "pretraining_epochs": 100, "pretraining_lr": 0.0001, "model_type": "cnn", "dropout_probability": 0.2, "optimizer": "Adam", "training_lr": 0.0001, "momentum": null, "nesterov": null, "max_compression_size": 40000, "data_groupsize": 32, "patience": 3, "dataset": "mnist", "n_classes": 10, "first_class": null, "second_class": null, "validation_size": 0.1, "max_epochs": 200, "batch_size": 64, "delta": 0.01, "nbr_parameter_bounds": 20, "classic_bounds": true, "p2l_bounds": true, "real_bounds": true, "log_iterations": 10, "deterministic": true, "clamping": true, "min_probability": 1e-05, "regression": false, "early_stopping": false}}