{"prior_set_size": 6000, "train_set_size": 48000, "validation_set_size": 6000, "test_set_size": 10000, "compression_set_size": 4320, "complement_error": 0.0, "complement_loss": 0.00017795969324652106, "validation_error": 0.012545359320938587, "validation_loss": 0.08119229972362518, "test_error": 0.01434350572526455, "test_loss": 0.07469717413187027, "brute_force_binomial_tail_inversion": 1, "beta_ppf": 1.0, "beta_isf": 1.0, "binomial_approximation_shah": 0.28311761424112625, "binomial_approximation_sokolova": 0.28312578252289233, "p2l_bound": 0.09341973813367077, "p2l_upper_bound": 0.1148538826727244, "kl_bound": 0.28321666177362204, "nbr_parameter_bounds": 20, "min_val_linear_bound": 0.43449590763586105, "min_param_linear_bound": 2.335721469090121, "min_val_catoni_bound": 0.28316677894021913, "min_param_catoni_bound": 69.51927961775604, "config": {"seed": 1, "prior_size": 0.1, "pretraining_epochs": 50, "pretraining_lr": 0.01, "model_type": "cnn", "dropout_probability": 0.2, "optimizer": "Adam", "training_lr": 0.005, "momentum": null, "nesterov": null, "max_compression_size": -1, "data_groupsize": 32, "patience": 3, "dataset": "mnist", "n_classes": 2, "first_class": -1, "second_class": -1, "validation_size": 0.1, "max_epochs": 200, "batch_size": 64, "delta": 0.01, "nbr_parameter_bounds": 20, "classic_bounds": true, "p2l_bounds": true, "real_bounds": true, "log_iterations": 10, "deterministic": true}}