{"train_set_size": 10597, "validation_set_size": 1177, "test_set_size": 1954, "compression_set_size": 157, "complement_error": 0.0, "complement_loss": 2.2338813323585782e-06, "validation_error": 0.0050633251667022705, "validation_loss": 0.07363313436508179, "test_error": 0.0020362010691314936, "test_loss": 0.04140683636069298, "brute_force_binomial_tail_inversion": 1, "beta_ppf": 1.0, "beta_isf": 1.0, "binomial_approximation_shah": 0.07632787318653622, "binomial_approximation_sokolova": 0.07637190584355524, "p2l_bound": 0.017146815831660576, "p2l_upper_bound": 0.035168162128730016, "kl_bound": 0.07679842319339514, "nbr_parameter_bounds": 20, "min_val_linear_bound": 0.2116950838835318, "min_param_linear_bound": 1.1288378916846884, "min_val_catoni_bound": 0.0765928806037639, "min_param_catoni_bound": 69.51927961775604, "config": {"seed": 42, "prior_size": 0.0, "pretraining_epochs": null, "pretraining_lr": null, "model_type": "cnn", "dropout_probability": 0.1, "optimizer": "Adam", "training_lr": 0.01, "momentum": null, "nesterov": null, "max_compression_size": -1, "data_groupsize": 1, "patience": 3, "dataset": "mnist", "n_classes": 2, "first_class": 0, "second_class": 8, "validation_size": 0.1, "max_epochs": 200, "batch_size": 64, "delta": 0.01, "nbr_parameter_bounds": 20, "classic_bounds": true, "p2l_bounds": true, "real_bounds": true, "log_iterations": 10, "deterministic": true}}