{"train_set_size": 10881, "validation_set_size": 1208, "test_set_size": 2042, "compression_set_size": 313, "complement_error": 0.0, "complement_loss": 2.649679663591087e-05, "validation_error": 0.00973017979413271, "validation_loss": 0.16111692786216736, "test_error": 0.004979618825018406, "test_loss": 0.05137448385357857, "brute_force_binomial_tail_inversion": 1, "beta_ppf": 1.0, "beta_isf": 1.0, "binomial_approximation_shah": 0.1267222466753437, "binomial_approximation_sokolova": 0.1267633727510118, "p2l_bound": 0.03216967163527022, "p2l_upper_bound": 0.057016508261527835, "kl_bound": 0.1271622395142913, "nbr_parameter_bounds": 20, "min_val_linear_bound": 0.2613922349301467, "min_param_linear_bound": 1.1288378916846884, "min_val_catoni_bound": 0.12696976139789995, "min_param_catoni_bound": 69.51927961775604, "config": {"seed": 42, "prior_size": 0.0, "pretraining_epochs": null, "pretraining_lr": null, "model_type": "mlp", "dropout_probability": 0.2, "optimizer": "Adam", "training_lr": 0.0001, "momentum": null, "nesterov": null, "max_compression_size": -1, "data_groupsize": 1, "patience": 3, "dataset": "mnist", "n_classes": 2, "first_class": 2, "second_class": 3, "validation_size": 0.1, "max_epochs": 200, "batch_size": 64, "delta": 0.01, "nbr_parameter_bounds": 20, "classic_bounds": true, "p2l_bounds": true, "real_bounds": true, "log_iterations": 10, "deterministic": true}}