{"train_set_size": 11707, "validation_set_size": 1300, "test_set_size": 2163, "compression_set_size": 116, "complement_error": 0.0, "complement_loss": 0.00022615629131905735, "validation_error": 0.008776949718594551, "validation_loss": 0.3375825881958008, "test_error": 0.0052942209877073765, "test_loss": 0.2046147584915161, "brute_force_binomial_tail_inversion": 1, "beta_ppf": 1.0, "beta_isf": 0.055514938047183465, "binomial_approximation_shah": 0.05551493804718344, "binomial_approximation_sokolova": 0.05555549196048637, "p2l_bound": 0.011670572769788286, "p2l_upper_bound": 0.02569162260403208, "kl_bound": 0.055952581577003, "nbr_parameter_bounds": 20, "min_val_linear_bound": 0.1733601158288315, "min_param_linear_bound": 0.5455594781168515, "min_val_catoni_bound": 0.05575901179202314, "min_param_catoni_bound": 69.51927961775604, "config": {"seed": 42, "prior_size": 0.0, "pretraining_epochs": null, "pretraining_lr": null, "model_type": "mlp", "dropout_probability": 0.2, "optimizer": "Adam", "training_lr": 0.005, "momentum": null, "nesterov": null, "max_compression_size": -1, "data_groupsize": 1, "patience": 3, "dataset": "mnist", "n_classes": 2, "first_class": 1, "second_class": 7, "validation_size": 0.1, "max_epochs": 200, "batch_size": 64, "delta": 0.01, "nbr_parameter_bounds": 20, "classic_bounds": true, "p2l_bounds": true, "real_bounds": true, "log_iterations": 10, "deterministic": true}}