{"prior_set_size": 12000, "train_set_size": 42000, "validation_set_size": 6000, "test_set_size": 10000, "compression_set_size": 1600, "complement_error": 0.0, "complement_loss": 0.0011923062847927213, "validation_error": 0.012450174428522587, "validation_loss": 0.05033647641539574, "test_error": 0.012330212630331516, "test_loss": 0.04905082285404205, "brute_force_binomial_tail_inversion": 1, "beta_ppf": 1.0, "beta_isf": 1.0, "binomial_approximation_shah": 0.15517886511187984, "binomial_approximation_sokolova": 0.15518927266496008, "p2l_bound": 0.04036764655417453, "p2l_upper_bound": 0.05509070043468604, "kl_bound": 0.15530425030738115, "nbr_parameter_bounds": 20, "min_val_linear_bound": 0.2905544508540322, "min_param_linear_bound": 1.1288378916846884, "min_val_catoni_bound": 0.1552415077878121, "min_param_catoni_bound": 69.51927961775604, "CE_kl_bound": 1.7965503964030367, "CE_nbr_parameter_bounds": 20, "CE_min_val_linear_bound": 3.436391487874464, "CE_min_param_linear_bound": 0.1274274985703132, "CE_min_val_catoni_bound": 1.7972869125867394, "CE_min_param_catoni_bound": 6.1584821106602545, "config": {"seed": 1, "prior_size": 0.2, "pretraining_epochs": 50, "pretraining_lr": 0.0001, "model_type": "cnn", "dropout_probability": 0.2, "optimizer": "Adam", "training_lr": 0.0001, "momentum": null, "nesterov": null, "max_compression_size": -1, "data_groupsize": 32, "patience": 3, "dataset": "mnist", "n_classes": 10, "first_class": null, "second_class": null, "validation_size": 0.1, "max_epochs": 200, "batch_size": 64, "delta": 0.01, "nbr_parameter_bounds": 20, "classic_bounds": true, "p2l_bounds": true, "real_bounds": true, "log_iterations": 10, "deterministic": true, "clamping": true, "min_probability": 1e-05}}