{"prior_set_size": 6000, "train_set_size": 48000, "validation_set_size": 6000, "test_set_size": 10000, "compression_set_size": 2272, "complement_error": 0.0, "validation_error": 0.01426085177809, "test_error": 0.013384333811700344, "complement_loss": 0.0002517052926123142, "validation_loss": 0.07144799083471298, "test_loss": 0.05630216374993324, "brute_force_binomial_tail_inversion": 1, "beta_ppf": 1.0, "beta_isf": 1.0, "binomial_approximation_shah": 0.1815984420493716, "binomial_approximation_sokolova": 0.18160734942529722, "p2l_bound": 0.04975409251629996, "p2l_upper_bound": 0.06516086493947539, "kl_bound": 0.18170686345547438, "nbr_parameter_bounds": 20, "min_val_linear_bound": 0.318692390240529, "min_param_linear_bound": 1.1288378916846884, "min_val_catoni_bound": 0.1816520554077814, "min_param_catoni_bound": 69.51927961775604, "CE_kl_bound": 2.0940838065078413, "CE_nbr_parameter_bounds": 20, "CE_min_val_linear_bound": 3.684715547412978, "CE_min_param_linear_bound": 0.1274274985703132, "CE_min_val_catoni_bound": 2.0956076752885897, "CE_min_param_catoni_bound": 20.6913808111479, "config": {"seed": 3, "prior_size": 0.1, "pretraining_epochs": 100, "pretraining_lr": 0.0001, "model_type": "cnn", "dropout_probability": 0.1, "optimizer": "Adam", "training_lr": 0.0001, "momentum": null, "nesterov": null, "max_compression_size": 40000, "data_groupsize": 32, "patience": 3, "dataset": "mnist", "n_classes": 10, "first_class": null, "second_class": null, "validation_size": 0.1, "max_epochs": 200, "batch_size": 64, "delta": 0.01, "nbr_parameter_bounds": 20, "classic_bounds": true, "p2l_bounds": true, "real_bounds": true, "log_iterations": 10, "deterministic": true, "clamping": true, "min_probability": 1e-05, "regression": false, "early_stopping": false}}