{"prior_set_size": 30000, "train_set_size": 24000, "validation_set_size": 6000, "test_set_size": 10000, "compression_set_size": 11712, "complement_error": 0.0, "complement_loss": 0.0, "validation_error": 0.1117570549249649, "validation_loss": 1.2798534631729126, "test_error": 0.10769069194793701, "test_loss": 1.211159110069275, "brute_force_binomial_tail_inversion": 1, "beta_ppf": 1.0, "beta_isf": 1.0, "binomial_approximation_shah": 0.7419886944688714, "binomial_approximation_sokolova": 0.7419991444773594, "p2l_bound": 0.49725924617052075, "p2l_upper_bound": 0.5712265796641005, "kl_bound": 0.742102081887424, "nbr_parameter_bounds": 20, "min_val_linear_bound": 0.8720838691817888, "min_param_linear_bound": 2.335721469090121, "min_val_catoni_bound": 0.7420515882338985, "min_param_catoni_bound": 69.51927961775604, "CE_kl_bound": 8.543765956169146, "CE_nbr_parameter_bounds": 20, "CE_min_val_linear_bound": 9.507595785826807, "CE_min_param_linear_bound": 0.2636650898730355, "CE_min_val_catoni_bound": 8.543184626499652, "CE_min_param_catoni_bound": 69.51927961775604, "config": {"seed": 1, "prior_size": 0.5, "pretraining_epochs": 50, "pretraining_lr": 0.001, "model_type": "cnn", "dropout_probability": 0.2, "optimizer": "Adam", "training_lr": 0.005, "momentum": null, "nesterov": null, "max_compression_size": -1, "data_groupsize": 32, "patience": 3, "dataset": "mnist", "n_classes": 10, "first_class": null, "second_class": null, "validation_size": 0.1, "max_epochs": 200, "batch_size": 64, "delta": 0.01, "nbr_parameter_bounds": 20, "classic_bounds": true, "p2l_bounds": true, "real_bounds": true, "log_iterations": 10, "deterministic": true, "clamping": true, "min_probability": 1e-05}}