{"prior_set_size": 12000, "train_set_size": 42000, "validation_set_size": 6000, "test_set_size": 10000, "compression_set_size": 2784, "complement_error": 0.0, "complement_loss": 8.279071334982291e-05, "validation_error": 0.008703142404556274, "validation_loss": 0.05311400815844536, "test_error": 0.010691812261939049, "test_loss": 0.07188665866851807, "brute_force_binomial_tail_inversion": 1, "beta_ppf": 1.0, "beta_isf": 1.0, "binomial_approximation_shah": 0.23022032952748583, "binomial_approximation_sokolova": 0.23023009893649504, "p2l_bound": 0.06936507543568898, "p2l_upper_bound": 0.08891778215388407, "kl_bound": 0.23033773433417082, "nbr_parameter_bounds": 20, "min_val_linear_bound": 0.37296029323645347, "min_param_linear_bound": 1.1288378916846884, "min_val_catoni_bound": 0.23027913118304044, "min_param_catoni_bound": 69.51927961775604, "CE_kl_bound": 2.652602636430868, "CE_nbr_parameter_bounds": 20, "CE_min_val_linear_bound": 4.165287963326569, "CE_min_param_linear_bound": 0.1274274985703132, "CE_min_val_catoni_bound": 2.652504951643714, "CE_min_param_catoni_bound": 20.6913808111479, "config": {"seed": 1, "prior_size": 0.2, "pretraining_epochs": 100, "pretraining_lr": 0.0001, "model_type": "cnn", "dropout_probability": 0.2, "optimizer": "Adam", "training_lr": 0.001, "momentum": null, "nesterov": null, "max_compression_size": -1, "data_groupsize": 32, "patience": 3, "dataset": "mnist", "n_classes": 10, "first_class": null, "second_class": null, "validation_size": 0.1, "max_epochs": 200, "batch_size": 64, "delta": 0.01, "nbr_parameter_bounds": 20, "classic_bounds": true, "p2l_bounds": true, "real_bounds": true, "log_iterations": 10, "deterministic": true, "clamping": true, "min_probability": 1e-05}}