{"prior_set_size": 12000, "train_set_size": 42000, "validation_set_size": 6000, "test_set_size": 10000, "compression_set_size": 768, "complement_error": 0.0, "complement_loss": 0.0037926400545984507, "validation_error": 0.011744105257093906, "validation_loss": 0.039416614919900894, "test_error": 0.012539193034172058, "test_loss": 0.040870632976293564, "brute_force_binomial_tail_inversion": 1, "beta_ppf": 1.0, "beta_isf": 1.0, "binomial_approximation_shah": 0.08911089478289902, "binomial_approximation_sokolova": 0.08912188981217395, "p2l_bound": 0.019785844908361994, "p2l_upper_bound": 0.029915249082402433, "kl_bound": 0.08924358244985342, "nbr_parameter_bounds": 20, "min_val_linear_bound": 0.22385069490842852, "min_param_linear_bound": 1.1288378916846884, "min_val_catoni_bound": 0.0891770734975399, "min_param_catoni_bound": 69.51927961775604, "CE_kl_bound": 1.0506397665827887, "CE_nbr_parameter_bounds": 20, "CE_min_val_linear_bound": 2.5408739932071187, "CE_min_param_linear_bound": 0.061584821106602614, "CE_min_val_catoni_bound": 1.0501630203158554, "CE_min_param_catoni_bound": 6.1584821106602545, "config": {"seed": 1, "prior_size": 0.2, "pretraining_epochs": 100, "pretraining_lr": 0.001, "model_type": "cnn", "dropout_probability": 0.2, "optimizer": "Adam", "training_lr": 0.0001, "momentum": null, "nesterov": null, "max_compression_size": -1, "data_groupsize": 32, "patience": 3, "dataset": "mnist", "n_classes": 10, "first_class": null, "second_class": null, "validation_size": 0.1, "max_epochs": 200, "batch_size": 64, "delta": 0.01, "nbr_parameter_bounds": 20, "classic_bounds": true, "p2l_bounds": true, "real_bounds": true, "log_iterations": 10, "deterministic": true, "clamping": true, "min_probability": 1e-05}}