{"prior_set_size": 30000, "train_set_size": 24000, "validation_set_size": 6000, "test_set_size": 10000, "compression_set_size": 1600, "complement_error": 0.0, "complement_loss": 0.0006139476899988949, "validation_error": 0.02145353890955448, "validation_loss": 0.10760147124528885, "test_error": 0.019322481006383896, "test_loss": 0.10012467205524445, "brute_force_binomial_tail_inversion": 1, "beta_ppf": 1.0, "beta_isf": 1.0, "binomial_approximation_shah": 0.2313407022939039, "binomial_approximation_sokolova": 0.23135778076332214, "p2l_bound": 0.07059020713592566, "p2l_upper_bound": 0.09640872576070056, "kl_bound": 0.23153632786124945, "nbr_parameter_bounds": 20, "min_val_linear_bound": 0.3743013659617723, "min_param_linear_bound": 1.1288378916846884, "min_val_catoni_bound": 0.2314434944141377, "min_param_catoni_bound": 69.51927961775604, "CE_kl_bound": 2.6702081909060054, "CE_nbr_parameter_bounds": 20, "CE_min_val_linear_bound": 4.177699238212065, "CE_min_param_linear_bound": 0.1274274985703132, "CE_min_val_catoni_bound": 2.6731520760097984, "CE_min_param_catoni_bound": 6.1584821106602545, "config": {"seed": 2, "prior_size": 0.5, "pretraining_epochs": 100, "pretraining_lr": 0.01, "model_type": "cnn", "dropout_probability": 0.1, "optimizer": "Adam", "training_lr": 0.005, "momentum": null, "nesterov": null, "max_compression_size": -1, "data_groupsize": 32, "patience": 3, "dataset": "mnist", "n_classes": 10, "first_class": null, "second_class": null, "validation_size": 0.1, "max_epochs": 200, "batch_size": 64, "delta": 0.01, "nbr_parameter_bounds": 20, "classic_bounds": true, "p2l_bounds": true, "real_bounds": true, "log_iterations": 10, "deterministic": true, "clamping": true, "min_probability": 1e-05}}