{"train_set_size": 10881, "validation_set_size": 1208, "test_set_size": 2042, "compression_set_size": 238, "complement_error": 0.0, "complement_loss": 6.436181138269603e-05, "validation_error": 0.004396719858050346, "validation_loss": 0.10177312046289444, "test_error": 0.0025463795755058527, "test_loss": 0.037175729870796204, "brute_force_binomial_tail_inversion": 1, "beta_ppf": 1.0, "beta_isf": 1.0, "binomial_approximation_shah": 0.10305541027534049, "binomial_approximation_sokolova": 0.10309735325720715, "p2l_bound": 0.024775436004884743, "p2l_upper_bound": 0.04641030947583762, "kl_bound": 0.10350444260984659, "nbr_parameter_bounds": 20, "min_val_linear_bound": 0.2377020131278807, "min_param_linear_bound": 1.1288378916846884, "min_val_catoni_bound": 0.10330784170715446, "min_param_catoni_bound": 69.51927961775604, "config": {"seed": 42, "prior_size": 0.0, "pretraining_epochs": null, "pretraining_lr": null, "model_type": "cnn", "dropout_probability": 0.2, "optimizer": "Adam", "training_lr": 0.01, "momentum": null, "nesterov": null, "max_compression_size": -1, "data_groupsize": 1, "patience": 3, "dataset": "mnist", "n_classes": 2, "first_class": 2, "second_class": 3, "validation_size": 0.1, "max_epochs": 200, "batch_size": 64, "delta": 0.01, "nbr_parameter_bounds": 20, "classic_bounds": true, "p2l_bounds": true, "real_bounds": true, "log_iterations": 10, "deterministic": true}}