{"prior_set_size": 30000, "train_set_size": 24000, "validation_set_size": 6000, "test_set_size": 10000, "compression_set_size": 2208, "complement_error": 0.0, "complement_loss": 1.662502472754568e-05, "validation_error": 0.011711405590176582, "validation_loss": 0.08912772685289383, "test_error": 0.014564412645995617, "test_loss": 0.10057540982961655, "brute_force_binomial_tail_inversion": 1, "beta_ppf": 1.0, "beta_isf": 1.0, "binomial_approximation_shah": 0.28750692099277764, "binomial_approximation_sokolova": 0.28752319320145847, "p2l_bound": 0.09666197181190361, "p2l_upper_bound": 0.12713209961889602, "kl_bound": 0.28769286070019007, "nbr_parameter_bounds": 20, "min_val_linear_bound": 0.43715481964701375, "min_param_linear_bound": 2.335721469090121, "min_val_catoni_bound": 0.28760486022773735, "min_param_catoni_bound": 69.51927961775604, "CE_kl_bound": 3.3123468070809996, "CE_nbr_parameter_bounds": 20, "CE_min_val_linear_bound": 4.77258844064499, "CE_min_param_linear_bound": 0.1274274985703132, "CE_min_val_catoni_bound": 3.3114183790877347, "CE_min_param_catoni_bound": 20.6913808111479, "config": {"seed": 1, "prior_size": 0.5, "pretraining_epochs": 50, "pretraining_lr": 0.0001, "model_type": "cnn", "dropout_probability": 0.1, "optimizer": "Adam", "training_lr": 0.001, "momentum": null, "nesterov": null, "max_compression_size": -1, "data_groupsize": 32, "patience": 3, "dataset": "mnist", "n_classes": 10, "first_class": null, "second_class": null, "validation_size": 0.1, "max_epochs": 200, "batch_size": 64, "delta": 0.01, "nbr_parameter_bounds": 20, "classic_bounds": true, "p2l_bounds": true, "real_bounds": true, "log_iterations": 10, "deterministic": true, "clamping": true, "min_probability": 1e-05}}