{"train_set_size": 10597, "validation_set_size": 1177, "test_set_size": 1954, "compression_set_size": 94, "complement_error": 0.0, "complement_loss": 0.020824825391173363, "validation_error": 0.005861805751919746, "validation_loss": 0.030014727264642715, "test_error": 0.005148455034941435, "test_loss": 0.026811284944415092, "brute_force_binomial_tail_inversion": 0.050906, "beta_ppf": 1.0, "beta_isf": 0.050906407033772944, "binomial_approximation_shah": 0.050906407033772916, "binomial_approximation_sokolova": 0.050951380182076234, "p2l_bound": 0.010584266977276146, "p2l_upper_bound": 0.024536289605227045, "kl_bound": 0.05138727929443121, "nbr_parameter_bounds": 20, "min_val_linear_bound": 0.16448707331119683, "min_param_linear_bound": 0.5455594781168515, "min_val_catoni_bound": 0.05117707492518786, "min_param_catoni_bound": 69.51927961775604, "config": {"seed": 42, "prior_size": 0.0, "pretraining_epochs": null, "pretraining_lr": null, "model_type": "cnn", "dropout_probability": 0.2, "optimizer": "Adam", "training_lr": 0.0001, "momentum": null, "nesterov": null, "max_compression_size": -1, "data_groupsize": 1, "patience": 3, "dataset": "mnist", "n_classes": 2, "first_class": 0, "second_class": 8, "validation_size": 0.1, "max_epochs": 200, "batch_size": 64, "delta": 0.01, "nbr_parameter_bounds": 20, "classic_bounds": true, "p2l_bounds": true, "real_bounds": true, "log_iterations": 10, "deterministic": true}}