{"prior_set_size": 6000, "train_set_size": 48000, "validation_set_size": 6000, "test_set_size": 10000, "compression_set_size": 1152, "complement_error": 0.0, "complement_loss": 0.0012594496365636587, "validation_error": 0.0091337189078331, "validation_loss": 0.04803374037146568, "test_error": 0.010641505010426044, "test_loss": 0.047662973403930664, "brute_force_binomial_tail_inversion": 1, "beta_ppf": 1.0, "beta_isf": 1.0, "binomial_approximation_shah": 0.10981144019758748, "binomial_approximation_sokolova": 0.10982089726645006, "p2l_bound": 0.025656106453388925, "p2l_upper_bound": 0.036548079911462916, "kl_bound": 0.10992678161710501, "nbr_parameter_bounds": 20, "min_val_linear_bound": 0.24420715745026106, "min_param_linear_bound": 1.1288378916846884, "min_val_catoni_bound": 0.10986836218648177, "min_param_catoni_bound": 69.51927961775604, "config": {"seed": 1, "prior_size": 0.1, "pretraining_epochs": 50, "pretraining_lr": 0.001, "model_type": "cnn", "dropout_probability": 0.1, "optimizer": "Adam", "training_lr": 0.0001, "momentum": null, "nesterov": null, "max_compression_size": -1, "data_groupsize": 32, "patience": 3, "dataset": "mnist", "n_classes": 2, "first_class": -1, "second_class": -1, "validation_size": 0.1, "max_epochs": 200, "batch_size": 64, "delta": 0.01, "nbr_parameter_bounds": 20, "classic_bounds": true, "p2l_bounds": true, "real_bounds": true, "log_iterations": 10, "deterministic": true}}