{"train_set_size": 10206, "validation_set_size": 1133, "test_set_size": 1850, "compression_set_size": 127, "complement_error": 0.0, "complement_loss": 0.0005831584567204118, "validation_error": 0.0052373940125107765, "validation_loss": 0.025250010192394257, "test_error": 0.0037425572518259287, "test_loss": 0.03381159529089928, "brute_force_binomial_tail_inversion": 0.06661, "beta_ppf": 1.0, "beta_isf": 0.06661023551030483, "binomial_approximation_shah": 0.06661023551030487, "binomial_approximation_sokolova": 0.06665632509246733, "p2l_bound": 0.014576164083897766, "p2l_upper_bound": 0.03140453185282044, "kl_bound": 0.06710113491863012, "nbr_parameter_bounds": 20, "min_val_linear_bound": 0.19509152310562983, "min_param_linear_bound": 0.5455594781168515, "min_val_catoni_bound": 0.06688762119678937, "min_param_catoni_bound": 69.51927961775604, "config": {"seed": 1, "prior_size": 0.0, "pretraining_epochs": null, "pretraining_lr": null, "model_type": "cnn", "dropout_probability": 0.1, "optimizer": "Adam", "training_lr": 0.001, "momentum": null, "nesterov": null, "max_compression_size": -1, "data_groupsize": 1, "patience": 3, "dataset": "mnist", "n_classes": 2, "first_class": 5, "second_class": 6, "validation_size": 0.1, "max_epochs": 200, "batch_size": 64, "delta": 0.01, "nbr_parameter_bounds": 20, "classic_bounds": true, "p2l_bounds": true, "real_bounds": true, "log_iterations": 10, "deterministic": true}}