{"train_set_size": 10612, "validation_set_size": 1179, "test_set_size": 1991, "compression_set_size": 541, "complement_error": 0.0, "complement_loss": 0.0002721948258113116, "validation_error": 0.00518715288490057, "validation_loss": 0.10212700068950653, "test_error": 0.0071405768394470215, "test_loss": 0.08206886053085327, "brute_force_binomial_tail_inversion": 1, "beta_ppf": 1.0, "beta_isf": 1.0, "binomial_approximation_shah": 0.1923003501120346, "binomial_approximation_sokolova": 0.19234026495933454, "p2l_bound": 0.05574652345737105, "p2l_upper_bound": 0.08938914159432693, "kl_bound": 0.1927254507318139, "nbr_parameter_bounds": 20, "min_val_linear_bound": 0.33055839745985277, "min_param_linear_bound": 1.1288378916846884, "min_val_catoni_bound": 0.19254057373112354, "min_param_catoni_bound": 69.51927961775604, "config": {"seed": 2, "prior_size": 0.0, "pretraining_epochs": null, "pretraining_lr": null, "model_type": "cnn", "dropout_probability": 0.2, "optimizer": "Adam", "training_lr": 0.005, "momentum": null, "nesterov": null, "max_compression_size": -1, "data_groupsize": 1, "patience": 3, "dataset": "mnist", "n_classes": 2, "first_class": 4, "second_class": 9, "validation_size": 0.1, "max_epochs": 200, "batch_size": 64, "delta": 0.01, "nbr_parameter_bounds": 20, "classic_bounds": true, "p2l_bounds": true, "real_bounds": true, "log_iterations": 10, "deterministic": true}}