{"prior_set_size": 30000, "train_set_size": 24000, "validation_set_size": 6000, "test_set_size": 10000, "compression_set_size": 416, "complement_error": 0.0, "complement_loss": 0.0013804570771753788, "validation_error": 0.008859444409608841, "validation_loss": 0.037682048976421356, "test_error": 0.009371154941618443, "test_loss": 0.035949498414993286, "brute_force_binomial_tail_inversion": 1, "beta_ppf": 1.0, "beta_isf": 1.0, "binomial_approximation_shah": 0.08568077195874269, "binomial_approximation_sokolova": 0.0857000669110316, "p2l_bound": 0.019168255147058513, "p2l_upper_bound": 0.03216370696863936, "kl_bound": 0.08590278495103121, "nbr_parameter_bounds": 20, "min_val_linear_bound": 0.22056922669275672, "min_param_linear_bound": 1.1288378916846884, "min_val_catoni_bound": 0.08579690500081949, "min_param_catoni_bound": 69.51927961775604, "config": {"seed": 1, "prior_size": 0.5, "pretraining_epochs": 100, "pretraining_lr": 0.0001, "model_type": "cnn", "dropout_probability": 0.1, "optimizer": "Adam", "training_lr": 0.0001, "momentum": null, "nesterov": null, "max_compression_size": -1, "data_groupsize": 32, "patience": 3, "dataset": "mnist", "n_classes": 2, "first_class": -1, "second_class": -1, "validation_size": 0.1, "max_epochs": 200, "batch_size": 64, "delta": 0.01, "nbr_parameter_bounds": 20, "classic_bounds": true, "p2l_bounds": true, "real_bounds": true, "log_iterations": 10, "deterministic": true}}