{"prior_set_size": 6000, "train_set_size": 48000, "validation_set_size": 6000, "test_set_size": 10000, "compression_set_size": 2240, "complement_error": 0.0, "complement_loss": 0.0002325378591194749, "validation_error": 0.00685493228957057, "validation_loss": 0.049750570207834244, "test_error": 0.010421425104141235, "test_loss": 0.056213296949863434, "brute_force_binomial_tail_inversion": 1, "beta_ppf": 1.0, "beta_isf": 1.0, "binomial_approximation_shah": 0.17975895003190778, "binomial_approximation_sokolova": 0.17976787118572413, "p2l_bound": 0.04906861228480315, "p2l_upper_bound": 0.0643639083609122, "kl_bound": 0.17986754421144724, "nbr_parameter_bounds": 20, "min_val_linear_bound": 0.3167034527903162, "min_param_linear_bound": 1.1288378916846884, "min_val_catoni_bound": 0.17981264632025473, "min_param_catoni_bound": 69.51927961775604, "config": {"seed": 2, "prior_size": 0.1, "pretraining_epochs": 50, "pretraining_lr": 0.001, "model_type": "cnn", "dropout_probability": 0.1, "optimizer": "Adam", "training_lr": 0.001, "momentum": null, "nesterov": null, "max_compression_size": -1, "data_groupsize": 32, "patience": 3, "dataset": "mnist", "n_classes": 2, "first_class": -1, "second_class": -1, "validation_size": 0.1, "max_epochs": 200, "batch_size": 64, "delta": 0.01, "nbr_parameter_bounds": 20, "classic_bounds": true, "p2l_bounds": true, "real_bounds": true, "log_iterations": 10, "deterministic": true}}