{"train_set_size": 10612, "validation_set_size": 1179, "test_set_size": 1991, "compression_set_size": 256, "complement_error": 0.0, "complement_loss": 5.5428910854971036e-05, "validation_error": 0.003183845430612564, "validation_loss": 0.028762483969330788, "test_error": 0.006168091669678688, "test_loss": 0.02526072785258293, "brute_force_binomial_tail_inversion": 1, "beta_ppf": 1.0, "beta_isf": 1.0, "binomial_approximation_shah": 0.11103693319925867, "binomial_approximation_sokolova": 0.11107965496015382, "p2l_bound": 0.027228303575054368, "p2l_upper_bound": 0.050243841159799914, "kl_bound": 0.11149312648922205, "nbr_parameter_bounds": 20, "min_val_linear_bound": 0.245627152737119, "min_param_linear_bound": 1.1288378916846884, "min_val_catoni_bound": 0.1112940508318242, "min_param_catoni_bound": 69.51927961775604, "config": {"seed": 4, "prior_size": 0.0, "pretraining_epochs": null, "pretraining_lr": null, "model_type": "cnn", "dropout_probability": 0.2, "optimizer": "Adam", "training_lr": 0.001, "momentum": null, "nesterov": null, "max_compression_size": -1, "data_groupsize": 1, "patience": 3, "dataset": "mnist", "n_classes": 2, "first_class": 4, "second_class": 9, "validation_size": 0.1, "max_epochs": 200, "batch_size": 64, "delta": 0.01, "nbr_parameter_bounds": 20, "classic_bounds": true, "p2l_bounds": true, "real_bounds": true, "log_iterations": 10, "deterministic": true}}