{"prior_set_size": 12000, "train_set_size": 42000, "validation_set_size": 6000, "test_set_size": 10000, "compression_set_size": 2912, "complement_error": 0.0, "complement_loss": 3.965451833209954e-05, "validation_error": 0.011079692281782627, "validation_loss": 0.08110277354717255, "test_error": 0.012356080114841461, "test_loss": 0.07582797855138779, "brute_force_binomial_tail_inversion": 1, "beta_ppf": 1.0, "beta_isf": 1.0, "binomial_approximation_shah": 0.23745377852240301, "binomial_approximation_sokolova": 0.2374634878211369, "p2l_bound": 0.07248803371253112, "p2l_upper_bound": 0.09249763217129109, "kl_bound": 0.23757042828947306, "nbr_parameter_bounds": 20, "min_val_linear_bound": 0.38132416630003063, "min_param_linear_bound": 1.1288378916846884, "min_val_catoni_bound": 0.23751221837068304, "min_param_catoni_bound": 69.51927961775604, "CE_kl_bound": 2.7355059295320245, "CE_nbr_parameter_bounds": 20, "CE_min_val_linear_bound": 4.239337600993836, "CE_min_param_linear_bound": 0.1274274985703132, "CE_min_val_catoni_bound": 2.735086074015728, "CE_min_param_catoni_bound": 20.6913808111479, "config": {"seed": 2, "prior_size": 0.2, "pretraining_epochs": 50, "pretraining_lr": 0.0001, "model_type": "cnn", "dropout_probability": 0.2, "optimizer": "Adam", "training_lr": 0.001, "momentum": null, "nesterov": null, "max_compression_size": -1, "data_groupsize": 32, "patience": 3, "dataset": "mnist", "n_classes": 10, "first_class": null, "second_class": null, "validation_size": 0.1, "max_epochs": 200, "batch_size": 64, "delta": 0.01, "nbr_parameter_bounds": 20, "classic_bounds": true, "p2l_bounds": true, "real_bounds": true, "log_iterations": 10, "deterministic": true, "clamping": true, "min_probability": 1e-05}}