{"prior_set_size": 30000, "train_set_size": 24000, "validation_set_size": 6000, "test_set_size": 10000, "compression_set_size": 10336, "complement_error": 0.0, "validation_error": 0.06248398870229721, "test_error": 0.0675450935959816, "complement_loss": 0.0, "validation_loss": 0.6696689128875732, "test_loss": 0.7471884489059448, "brute_force_binomial_tail_inversion": 1, "beta_ppf": 1.0, "beta_isf": 1.0, "binomial_approximation_shah": 0.6993690441211085, "binomial_approximation_sokolova": 0.6993799941644879, "p2l_bound": 0.4397247789983326, "p2l_upper_bound": 0.508690067227605, "kl_bound": 0.6994890263304114, "nbr_parameter_bounds": 20, "min_val_linear_bound": 0.8066203277844224, "min_param_linear_bound": 2.335721469090121, "min_val_catoni_bound": 0.699434948039295, "min_param_catoni_bound": 69.51927961775604, "CE_kl_bound": 8.053165023706624, "CE_nbr_parameter_bounds": 20, "CE_min_val_linear_bound": 8.92767601276118, "CE_min_param_linear_bound": 0.2636650898730355, "CE_min_val_catoni_bound": 8.052542424371728, "CE_min_param_catoni_bound": 69.51927961775604, "config": {"seed": 42, "prior_size": 0.5, "pretraining_epochs": 100, "pretraining_lr": 0.0001, "model_type": "cnn", "dropout_probability": 0.1, "optimizer": "Adam", "training_lr": 0.005, "momentum": null, "nesterov": null, "max_compression_size": 40000, "data_groupsize": 32, "patience": 3, "dataset": "mnist", "n_classes": 10, "first_class": null, "second_class": null, "validation_size": 0.1, "max_epochs": 200, "batch_size": 64, "delta": 0.01, "nbr_parameter_bounds": 20, "classic_bounds": true, "p2l_bounds": true, "real_bounds": true, "log_iterations": 10, "deterministic": true, "clamping": true, "min_probability": 1e-05, "regression": false, "early_stopping": false}}