{"prior_set_size": 30000, "train_set_size": 24000, "validation_set_size": 6000, "test_set_size": 10000, "compression_set_size": 9568, "complement_error": 0.0, "complement_loss": 0.0, "validation_error": 0.05366789177060127, "validation_loss": 0.6082665920257568, "test_error": 0.0478130467236042, "test_loss": 0.536501944065094, "brute_force_binomial_tail_inversion": 1, "beta_ppf": 1.0, "beta_isf": 1.0, "binomial_approximation_shah": 0.6735746654308581, "binomial_approximation_sokolova": 0.673585922303534, "p2l_bound": 0.40755791000742464, "p2l_upper_bound": 0.4736392639368955, "kl_bound": 0.6736986292526126, "nbr_parameter_bounds": 20, "min_val_linear_bound": 0.7713723523597694, "min_param_linear_bound": 2.335721469090121, "min_val_catoni_bound": 0.6736424163610368, "min_param_catoni_bound": 69.51927961775604, "CE_kl_bound": 7.75624210443794, "CE_nbr_parameter_bounds": 20, "CE_min_val_linear_bound": 8.615425904182272, "CE_min_param_linear_bound": 0.2636650898730355, "CE_min_val_catoni_bound": 7.755594929607058, "CE_min_param_catoni_bound": 69.51927961775604, "config": {"seed": 2, "prior_size": 0.5, "pretraining_epochs": 50, "pretraining_lr": 0.001, "model_type": "cnn", "dropout_probability": 0.1, "optimizer": "Adam", "training_lr": 0.005, "momentum": null, "nesterov": null, "max_compression_size": -1, "data_groupsize": 32, "patience": 3, "dataset": "mnist", "n_classes": 10, "first_class": null, "second_class": null, "validation_size": 0.1, "max_epochs": 200, "batch_size": 64, "delta": 0.01, "nbr_parameter_bounds": 20, "classic_bounds": true, "p2l_bounds": true, "real_bounds": true, "log_iterations": 10, "deterministic": true, "clamping": true, "min_probability": 1e-05}}