{"train_set_size": 10597, "validation_set_size": 1177, "test_set_size": 1954, "compression_set_size": 115, "complement_error": 0.0, "complement_loss": 3.618839764385484e-05, "validation_error": 0.001558674848638475, "validation_loss": 0.017783258110284805, "test_error": 0.0024584142956882715, "test_loss": 0.024761533364653587, "brute_force_binomial_tail_inversion": 0.059758, "beta_ppf": 1.0, "beta_isf": 0.05975875206004313, "binomial_approximation_shah": 0.05975875206004311, "binomial_approximation_sokolova": 0.059803394994979775, "p2l_bound": 0.012787626360836085, "p2l_upper_bound": 0.028211554864522953, "kl_bound": 0.060236004181206226, "nbr_parameter_bounds": 20, "min_val_linear_bound": 0.1816648498871407, "min_param_linear_bound": 0.5455594781168515, "min_val_catoni_bound": 0.060027432520341484, "min_param_catoni_bound": 69.51927961775604, "config": {"seed": 1, "prior_size": 0.0, "pretraining_epochs": null, "pretraining_lr": null, "model_type": "cnn", "dropout_probability": 0.1, "optimizer": "Adam", "training_lr": 0.005, "momentum": null, "nesterov": null, "max_compression_size": -1, "data_groupsize": 1, "patience": 3, "dataset": "mnist", "n_classes": 2, "first_class": 0, "second_class": 8, "validation_size": 0.1, "max_epochs": 200, "batch_size": 64, "delta": 0.01, "nbr_parameter_bounds": 20, "classic_bounds": true, "p2l_bounds": true, "real_bounds": true, "log_iterations": 10, "deterministic": true}}