{"train_set_size": 10597, "validation_set_size": 1177, "test_set_size": 1954, "compression_set_size": 162, "complement_error": 0.0, "complement_loss": 3.667672353913076e-05, "validation_error": 0.0034472967963665724, "validation_loss": 0.3155791163444519, "test_error": 0.002658638870343566, "test_loss": 0.11535172164440155, "brute_force_binomial_tail_inversion": 1, "beta_ppf": 1.0, "beta_isf": 1.0, "binomial_approximation_shah": 0.07821574275923038, "binomial_approximation_sokolova": 0.07825970647395752, "p2l_bound": 0.017662463887768036, "p2l_upper_bound": 0.03596935519009441, "kl_bound": 0.07868553418666124, "nbr_parameter_bounds": 20, "min_val_linear_bound": 0.21350765875174613, "min_param_linear_bound": 1.1288378916846884, "min_val_catoni_bound": 0.0784803352370066, "min_param_catoni_bound": 69.51927961775604, "config": {"seed": 42, "prior_size": 0.0, "pretraining_epochs": null, "pretraining_lr": null, "model_type": "mlp", "dropout_probability": 0.1, "optimizer": "Adam", "training_lr": 0.001, "momentum": null, "nesterov": null, "max_compression_size": -1, "data_groupsize": 1, "patience": 3, "dataset": "mnist", "n_classes": 2, "first_class": 0, "second_class": 8, "validation_size": 0.1, "max_epochs": 200, "batch_size": 64, "delta": 0.01, "nbr_parameter_bounds": 20, "classic_bounds": true, "p2l_bounds": true, "real_bounds": true, "log_iterations": 10, "deterministic": true}}