{"train_set_size": 11707, "validation_set_size": 1300, "test_set_size": 2163, "compression_set_size": 147, "complement_error": 0.0, "complement_loss": 3.600031050154939e-05, "validation_error": 0.0022417567670345306, "validation_loss": 0.060899991542100906, "test_error": 0.0018864620942622423, "test_loss": 0.010651547461748123, "brute_force_binomial_tail_inversion": 1, "beta_ppf": 1.0, "beta_isf": 1.0, "binomial_approximation_shah": 0.06696526820761617, "binomial_approximation_sokolova": 0.0670054379024192, "p2l_bound": 0.014587045760248201, "p2l_upper_bound": 0.030369325246827318, "kl_bound": 0.06739865709096193, "nbr_parameter_bounds": 20, "min_val_linear_bound": 0.19571906747435586, "min_param_linear_bound": 0.5455594781168515, "min_val_catoni_bound": 0.06720702946338941, "min_param_catoni_bound": 69.51927961775604, "config": {"seed": 3, "prior_size": 0.0, "pretraining_epochs": null, "pretraining_lr": null, "model_type": "cnn", "dropout_probability": 0.1, "optimizer": "Adam", "training_lr": 0.01, "momentum": null, "nesterov": null, "max_compression_size": -1, "data_groupsize": 1, "patience": 3, "dataset": "mnist", "n_classes": 2, "first_class": 1, "second_class": 7, "validation_size": 0.1, "max_epochs": 200, "batch_size": 64, "delta": 0.01, "nbr_parameter_bounds": 20, "classic_bounds": true, "p2l_bounds": true, "real_bounds": true, "log_iterations": 10, "deterministic": true}}