{"prior_set_size": 6000, "train_set_size": 48000, "validation_set_size": 6000, "test_set_size": 10000, "compression_set_size": 3072, "complement_error": 0.0, "validation_error": 0.01058467198163271, "test_error": 0.009681426919996738, "complement_loss": 4.4754200644092634e-05, "validation_loss": 0.06785401701927185, "test_loss": 0.07434538006782532, "brute_force_binomial_tail_inversion": 1, "beta_ppf": 1.0, "beta_isf": 1.0, "binomial_approximation_shah": 0.22466404245667448, "binomial_approximation_sokolova": 0.2246726313723446, "p2l_bound": 0.06685306233866141, "p2l_upper_bound": 0.08483719215900476, "kl_bound": 0.224768434651196, "nbr_parameter_bounds": 20, "min_val_linear_bound": 0.3665804494434077, "min_param_linear_bound": 1.1288378916846884, "min_val_catoni_bound": 0.22471573898257202, "min_param_catoni_bound": 69.51927961775604, "CE_kl_bound": 2.58816618884218, "CE_nbr_parameter_bounds": 20, "CE_min_val_linear_bound": 4.108733009371232, "CE_min_param_linear_bound": 0.1274274985703132, "CE_min_val_catoni_bound": 2.5878534610562145, "CE_min_param_catoni_bound": 20.6913808111479, "config": {"seed": 3, "prior_size": 0.1, "pretraining_epochs": 100, "pretraining_lr": 0.0001, "model_type": "cnn", "dropout_probability": 0.1, "optimizer": "Adam", "training_lr": 0.001, "momentum": null, "nesterov": null, "max_compression_size": 40000, "data_groupsize": 32, "patience": 3, "dataset": "mnist", "n_classes": 10, "first_class": null, "second_class": null, "validation_size": 0.1, "max_epochs": 200, "batch_size": 64, "delta": 0.01, "nbr_parameter_bounds": 20, "classic_bounds": true, "p2l_bounds": true, "real_bounds": true, "log_iterations": 10, "deterministic": true, "clamping": true, "min_probability": 1e-05, "regression": false, "early_stopping": false}}