{"train_set_size": 10597, "validation_set_size": 1177, "test_set_size": 1954, "compression_set_size": 168, "complement_error": 0.0, "complement_loss": 0.00012482536840252578, "validation_error": 0.0016538153868168592, "validation_loss": 0.01947796158492565, "test_error": 0.0005282789352349937, "test_loss": 0.012233073823153973, "brute_force_binomial_tail_inversion": 1, "beta_ppf": 1.0, "beta_isf": 1.0, "binomial_approximation_shah": 0.08046010574045659, "binomial_approximation_sokolova": 0.08050398764317035, "p2l_bound": 0.018280457416044643, "p2l_upper_bound": 0.03692445164875463, "kl_bound": 0.08092899899929762, "nbr_parameter_bounds": 20, "min_val_linear_bound": 0.21566734619184863, "min_param_linear_bound": 1.1288378916846884, "min_val_catoni_bound": 0.08072420582028672, "min_param_catoni_bound": 69.51927961775604, "config": {"seed": 2, "prior_size": 0.0, "pretraining_epochs": null, "pretraining_lr": null, "model_type": "cnn", "dropout_probability": 0.2, "optimizer": "Adam", "training_lr": 0.01, "momentum": null, "nesterov": null, "max_compression_size": -1, "data_groupsize": 1, "patience": 3, "dataset": "mnist", "n_classes": 2, "first_class": 0, "second_class": 8, "validation_size": 0.1, "max_epochs": 200, "batch_size": 64, "delta": 0.01, "nbr_parameter_bounds": 20, "classic_bounds": true, "p2l_bounds": true, "real_bounds": true, "log_iterations": 10, "deterministic": true}}