{"prior_set_size": 6000, "train_set_size": 48000, "validation_set_size": 6000, "test_set_size": 10000, "compression_set_size": 3360, "complement_error": 0.0, "complement_loss": 0.03174365311861038, "validation_error": 0.013782051391899586, "validation_loss": 0.061536192893981934, "test_error": 0.013667047023773193, "test_loss": 0.058747079223394394, "brute_force_binomial_tail_inversion": 1, "beta_ppf": 1.0, "beta_isf": 1.0, "binomial_approximation_shah": 0.23898137113050333, "binomial_approximation_sokolova": 0.2389898558323481, "p2l_bound": 0.07299377372430171, "p2l_upper_bound": 0.09182543401815738, "kl_bound": 0.23908444214612246, "nbr_parameter_bounds": 20, "min_val_linear_bound": 0.3830921402052508, "min_param_linear_bound": 1.1288378916846884, "min_val_catoni_bound": 0.2390324403861377, "min_param_catoni_bound": 69.51927961775604, "config": {"seed": 1, "prior_size": 0.1, "pretraining_epochs": 100, "pretraining_lr": 0.01, "model_type": "cnn", "dropout_probability": 0.1, "optimizer": "Adam", "training_lr": 0.0001, "momentum": null, "nesterov": null, "max_compression_size": -1, "data_groupsize": 32, "patience": 3, "dataset": "mnist", "n_classes": 2, "first_class": -1, "second_class": -1, "validation_size": 0.1, "max_epochs": 200, "batch_size": 64, "delta": 0.01, "nbr_parameter_bounds": 20, "classic_bounds": true, "p2l_bounds": true, "real_bounds": true, "log_iterations": 10, "deterministic": true}}