{"train_set_size": 11707, "validation_set_size": 1300, "test_set_size": 2163, "compression_set_size": 82, "complement_error": 0.0, "complement_loss": 0.0003935919376090169, "validation_error": 0.002033855766057968, "validation_loss": 0.004993296694010496, "test_error": 0.002231513150036335, "test_loss": 0.009688095189630985, "brute_force_binomial_tail_inversion": 0.042045, "beta_ppf": 1.0, "beta_isf": 0.0420456946539818, "binomial_approximation_shah": 0.04204569465398178, "binomial_approximation_sokolova": 0.042086706605949153, "p2l_bound": 0.008432772115091981, "p2l_upper_bound": 0.020235086338469557, "kl_bound": 0.04248840268701315, "nbr_parameter_bounds": 20, "min_val_linear_bound": 0.1474033423731835, "min_param_linear_bound": 0.5455594781168515, "min_val_catoni_bound": 0.042292525182510365, "min_param_catoni_bound": 69.51927961775604, "config": {"seed": 1, "prior_size": 0.0, "pretraining_epochs": null, "pretraining_lr": null, "model_type": "cnn", "dropout_probability": 0.2, "optimizer": "Adam", "training_lr": 0.001, "momentum": null, "nesterov": null, "max_compression_size": -1, "data_groupsize": 1, "patience": 3, "dataset": "mnist", "n_classes": 2, "first_class": 1, "second_class": 7, "validation_size": 0.1, "max_epochs": 200, "batch_size": 64, "delta": 0.01, "nbr_parameter_bounds": 20, "classic_bounds": true, "p2l_bounds": true, "real_bounds": true, "log_iterations": 10, "deterministic": true}}