{"train_set_size": 10597, "validation_set_size": 1177, "test_set_size": 1954, "compression_set_size": 87, "complement_error": 0.0, "complement_loss": 0.0007632960914634168, "validation_error": 0.0047145443968474865, "validation_loss": 0.01472389604896307, "test_error": 0.001556113362312317, "test_loss": 0.008101259358227253, "brute_force_binomial_tail_inversion": 0.047852, "beta_ppf": 1.0, "beta_isf": 0.04785257542987255, "binomial_approximation_shah": 0.047852575429872535, "binomial_approximation_sokolova": 0.04789766323586775, "p2l_bound": 0.00984515066061658, "p2l_upper_bound": 0.023271950969745506, "kl_bound": 0.0483347037807107, "nbr_parameter_bounds": 20, "min_val_linear_bound": 0.15859834042235693, "min_param_linear_bound": 0.5455594781168515, "min_val_catoni_bound": 0.04812393340244525, "min_param_catoni_bound": 69.51927961775604, "config": {"seed": 3, "prior_size": 0.0, "pretraining_epochs": null, "pretraining_lr": null, "model_type": "cnn", "dropout_probability": 0.2, "optimizer": "Adam", "training_lr": 0.001, "momentum": null, "nesterov": null, "max_compression_size": -1, "data_groupsize": 1, "patience": 3, "dataset": "mnist", "n_classes": 2, "first_class": 0, "second_class": 8, "validation_size": 0.1, "max_epochs": 200, "batch_size": 64, "delta": 0.01, "nbr_parameter_bounds": 20, "classic_bounds": true, "p2l_bounds": true, "real_bounds": true, "log_iterations": 10, "deterministic": true}}