{"train_set_size": 10597, "validation_set_size": 1177, "test_set_size": 1954, "compression_set_size": 112, "complement_error": 0.0, "complement_loss": 9.259422949980944e-05, "validation_error": 0.0015741443494334817, "validation_loss": 0.004252167418599129, "test_error": 0.002405473031103611, "test_loss": 0.019820254296064377, "brute_force_binomial_tail_inversion": 0.058519999999999996, "beta_ppf": 1.0, "beta_isf": 0.058520285518612755, "binomial_approximation_shah": 0.05852028551861277, "binomial_approximation_sokolova": 0.058564974466417064, "p2l_bound": 0.012474005924387011, "p2l_upper_bound": 0.027696094208499725, "kl_bound": 0.05899804178625345, "nbr_parameter_bounds": 20, "min_val_linear_bound": 0.1792519239760857, "min_param_linear_bound": 0.5455594781168515, "min_val_catoni_bound": 0.058789242913387274, "min_param_catoni_bound": 69.51927961775604, "config": {"seed": 42, "prior_size": 0.0, "pretraining_epochs": null, "pretraining_lr": null, "model_type": "cnn", "dropout_probability": 0.2, "optimizer": "Adam", "training_lr": 0.005, "momentum": null, "nesterov": null, "max_compression_size": -1, "data_groupsize": 1, "patience": 3, "dataset": "mnist", "n_classes": 2, "first_class": 0, "second_class": 8, "validation_size": 0.1, "max_epochs": 200, "batch_size": 64, "delta": 0.01, "nbr_parameter_bounds": 20, "classic_bounds": true, "p2l_bounds": true, "real_bounds": true, "log_iterations": 10, "deterministic": true}}