{"prior_set_size": 12000, "train_set_size": 42000, "validation_set_size": 6000, "test_set_size": 10000, "compression_set_size": 672, "complement_error": 0.0, "validation_error": 0.008944729343056679, "test_error": 0.011825617402791977, "complement_loss": 0.0023283683694899082, "validation_loss": 0.04152762517333031, "test_loss": 0.0387498140335083, "brute_force_binomial_tail_inversion": 1, "beta_ppf": 1.0, "beta_isf": 1.0, "binomial_approximation_shah": 0.08029807565470393, "binomial_approximation_sokolova": 0.08030915127340688, "p2l_bound": 0.017389341600239274, "p2l_upper_bound": 0.026854403106111844, "kl_bound": 0.08043176215142012, "nbr_parameter_bounds": 20, "min_val_linear_bound": 0.2153210115145044, "min_param_linear_bound": 1.1288378916846884, "min_val_catoni_bound": 0.08036473943911593, "min_param_catoni_bound": 69.51927961775604, "CE_kl_bound": 0.9411682350165839, "CE_nbr_parameter_bounds": 20, "CE_min_val_linear_bound": 2.383062270216304, "CE_min_param_linear_bound": 0.061584821106602614, "CE_min_val_catoni_bound": 0.9404012772744087, "CE_min_param_catoni_bound": 6.1584821106602545, "config": {"seed": 42, "prior_size": 0.2, "pretraining_epochs": 100, "pretraining_lr": 0.001, "model_type": "cnn", "dropout_probability": 0.1, "optimizer": "Adam", "training_lr": 0.0001, "momentum": null, "nesterov": null, "max_compression_size": 40000, "data_groupsize": 32, "patience": 3, "dataset": "mnist", "n_classes": 10, "first_class": null, "second_class": null, "validation_size": 0.1, "max_epochs": 200, "batch_size": 64, "delta": 0.01, "nbr_parameter_bounds": 20, "classic_bounds": true, "p2l_bounds": true, "real_bounds": true, "log_iterations": 10, "deterministic": true, "clamping": true, "min_probability": 1e-05, "regression": false, "early_stopping": false}}