{"train_set_size": 10612, "validation_set_size": 1179, "test_set_size": 1991, "compression_set_size": 644, "complement_error": 0.0, "complement_loss": 0.016248028725385666, "validation_error": 0.01195352990180254, "validation_loss": 14.192197799682617, "test_error": 0.008428400382399559, "test_loss": 9.075139045715332, "brute_force_binomial_tail_inversion": 1, "beta_ppf": 1.0, "beta_isf": 1.0, "binomial_approximation_shah": 0.21732108251432614, "binomial_approximation_sokolova": 0.21736016054495566, "p2l_bound": 0.0659394053752119, "p2l_upper_bound": 0.10271144807034902, "kl_bound": 0.21773686539381742, "nbr_parameter_bounds": 20, "min_val_linear_bound": 0.3584373321382116, "min_param_linear_bound": 1.1288378916846884, "min_val_catoni_bound": 0.21755626953244678, "min_param_catoni_bound": 69.51927961775604, "config": {"seed": 42, "prior_size": 0.0, "pretraining_epochs": null, "pretraining_lr": null, "model_type": "mlp", "dropout_probability": 0.1, "optimizer": "Adam", "training_lr": 0.01, "momentum": null, "nesterov": null, "max_compression_size": -1, "data_groupsize": 1, "patience": 3, "dataset": "mnist", "n_classes": 2, "first_class": 4, "second_class": 9, "validation_size": 0.1, "max_epochs": 200, "batch_size": 64, "delta": 0.01, "nbr_parameter_bounds": 20, "classic_bounds": true, "p2l_bounds": true, "real_bounds": true, "log_iterations": 10, "deterministic": true}}