{"prior_set_size": 12000, "train_set_size": 42000, "validation_set_size": 6000, "test_set_size": 10000, "compression_set_size": 1536, "complement_error": 0.0, "validation_error": 0.01252121850848198, "test_error": 0.012060130946338177, "complement_loss": 0.000812958984170109, "validation_loss": 0.05283689871430397, "test_loss": 0.05339915677905083, "brute_force_binomial_tail_inversion": 1, "beta_ppf": 1.0, "beta_isf": 1.0, "binomial_approximation_shah": 0.15059731910245022, "binomial_approximation_sokolova": 0.1506077665463842, "p2l_bound": 0.038792679573741884, "p2l_upper_bound": 0.053211904781601246, "kl_bound": 0.15072320122271776, "nbr_parameter_bounds": 20, "min_val_linear_bound": 0.2857631861745343, "min_param_linear_bound": 1.1288378916846884, "min_val_catoni_bound": 0.15066020188302698, "min_param_catoni_bound": 69.51927961775604, "CE_kl_bound": 1.7413619346150444, "CE_nbr_parameter_bounds": 20, "CE_min_val_linear_bound": 3.3935679179375215, "CE_min_param_linear_bound": 0.1274274985703132, "CE_min_val_catoni_bound": 1.7424771934195207, "CE_min_param_catoni_bound": 6.1584821106602545, "config": {"seed": 42, "prior_size": 0.2, "pretraining_epochs": 50, "pretraining_lr": 0.0001, "model_type": "cnn", "dropout_probability": 0.2, "optimizer": "Adam", "training_lr": 0.0001, "momentum": null, "nesterov": null, "max_compression_size": 40000, "data_groupsize": 32, "patience": 3, "dataset": "mnist", "n_classes": 10, "first_class": null, "second_class": null, "validation_size": 0.1, "max_epochs": 200, "batch_size": 64, "delta": 0.01, "nbr_parameter_bounds": 20, "classic_bounds": true, "p2l_bounds": true, "real_bounds": true, "log_iterations": 10, "deterministic": true, "clamping": true, "min_probability": 1e-05, "regression": false, "early_stopping": false}}