{"prior_set_size": 30000, "train_set_size": 24000, "validation_set_size": 6000, "test_set_size": 10000, "compression_set_size": 1280, "complement_error": 0.0, "validation_error": 0.010429680347442627, "test_error": 0.014888833276927471, "complement_loss": 0.00010806544014485553, "validation_loss": 0.05510838329792023, "test_loss": 0.08560524880886078, "brute_force_binomial_tail_inversion": 1, "beta_ppf": 1.0, "beta_isf": 1.0, "binomial_approximation_shah": 0.19796553265673222, "binomial_approximation_sokolova": 0.19798310168951894, "p2l_bound": 0.056805643839761624, "p2l_upper_bound": 0.07983439853175316, "kl_bound": 0.1981670269742608, "nbr_parameter_bounds": 20, "min_val_linear_bound": 0.33664702941628694, "min_param_linear_bound": 1.1288378916846884, "min_val_catoni_bound": 0.19807127746937603, "min_param_catoni_bound": 69.51927961775604, "CE_kl_bound": 2.28245082250494, "CE_nbr_parameter_bounds": 20, "CE_min_val_linear_bound": 3.8436260933565087, "CE_min_param_linear_bound": 0.1274274985703132, "CE_min_val_catoni_bound": 2.282172813702042, "CE_min_param_catoni_bound": 20.6913808111479, "config": {"seed": 4, "prior_size": 0.5, "pretraining_epochs": 50, "pretraining_lr": 0.01, "model_type": "cnn", "dropout_probability": 0.1, "optimizer": "Adam", "training_lr": 0.005, "momentum": null, "nesterov": null, "max_compression_size": 40000, "data_groupsize": 32, "patience": 3, "dataset": "mnist", "n_classes": 10, "first_class": null, "second_class": null, "validation_size": 0.1, "max_epochs": 200, "batch_size": 64, "delta": 0.01, "nbr_parameter_bounds": 20, "classic_bounds": true, "p2l_bounds": true, "real_bounds": true, "log_iterations": 10, "deterministic": true, "clamping": true, "min_probability": 1e-05, "regression": false, "early_stopping": false}}