{"prior_set_size": 6000, "train_set_size": 48000, "validation_set_size": 6000, "test_set_size": 10000, "compression_set_size": 5344, "complement_error": 0.0, "validation_error": 0.017582258209586143, "test_error": 0.015380253084003925, "complement_loss": 2.3539212634204887e-05, "validation_loss": 0.1305944323539734, "test_loss": 0.11672159284353256, "brute_force_binomial_tail_inversion": 1, "beta_ppf": 1.0, "beta_isf": 1.0, "binomial_approximation_shah": 0.3252785065605711, "binomial_approximation_sokolova": 0.32528637900834645, "p2l_bound": 0.11515013519236042, "p2l_upper_bound": 0.13907623831174362, "kl_bound": 0.32537377905100584, "nbr_parameter_bounds": 20, "min_val_linear_bound": 0.46044653332017527, "min_param_linear_bound": 2.335721469090121, "min_val_catoni_bound": 0.32532589060918704, "min_param_catoni_bound": 69.51927961775604, "CE_kl_bound": 3.7462163992549145, "CE_nbr_parameter_bounds": 20, "CE_min_val_linear_bound": 5.199527973684269, "CE_min_param_linear_bound": 0.1274274985703132, "CE_min_val_catoni_bound": 3.7457813332955836, "CE_min_param_catoni_bound": 20.6913808111479, "config": {"seed": 4, "prior_size": 0.1, "pretraining_epochs": 100, "pretraining_lr": 0.01, "model_type": "cnn", "dropout_probability": 0.1, "optimizer": "Adam", "training_lr": 0.005, "momentum": null, "nesterov": null, "max_compression_size": 40000, "data_groupsize": 32, "patience": 3, "dataset": "mnist", "n_classes": 10, "first_class": null, "second_class": null, "validation_size": 0.1, "max_epochs": 200, "batch_size": 64, "delta": 0.01, "nbr_parameter_bounds": 20, "classic_bounds": true, "p2l_bounds": true, "real_bounds": true, "log_iterations": 10, "deterministic": true, "clamping": true, "min_probability": 1e-05, "regression": false, "early_stopping": false}}