{"train_set_size": 10597, "validation_set_size": 1177, "test_set_size": 1954, "compression_set_size": 96, "complement_error": 0.0, "complement_loss": 0.02112884260714054, "validation_error": 0.0018125158967450261, "validation_loss": 0.02368099056184292, "test_error": 0.0005282789352349937, "test_loss": 0.02104937843978405, "brute_force_binomial_tail_inversion": 0.051767999999999995, "beta_ppf": 1.0, "beta_isf": 0.05176885386272598, "binomial_approximation_shah": 0.051768853862726005, "binomial_approximation_sokolova": 0.051813794701181526, "p2l_bound": 0.010794975969864753, "p2l_upper_bound": 0.024893579868592457, "kl_bound": 0.05224937293678522, "nbr_parameter_bounds": 20, "min_val_linear_bound": 0.16615357029001343, "min_param_linear_bound": 0.5455594781168515, "min_val_catoni_bound": 0.052039327293353255, "min_param_catoni_bound": 69.51927961775604, "config": {"seed": 2, "prior_size": 0.0, "pretraining_epochs": null, "pretraining_lr": null, "model_type": "cnn", "dropout_probability": 0.2, "optimizer": "Adam", "training_lr": 0.0001, "momentum": null, "nesterov": null, "max_compression_size": -1, "data_groupsize": 1, "patience": 3, "dataset": "mnist", "n_classes": 2, "first_class": 0, "second_class": 8, "validation_size": 0.1, "max_epochs": 200, "batch_size": 64, "delta": 0.01, "nbr_parameter_bounds": 20, "classic_bounds": true, "p2l_bounds": true, "real_bounds": true, "log_iterations": 10, "deterministic": true}}