{"train_set_size": 11707, "validation_set_size": 1300, "test_set_size": 2163, "compression_set_size": 130, "complement_error": 0.0, "complement_loss": 0.0008580472785979509, "validation_error": 0.005222426261752844, "validation_loss": 0.5563330054283142, "test_error": 0.0035949067678302526, "test_loss": 0.11872097849845886, "brute_force_binomial_tail_inversion": 0.060771, "beta_ppf": 1.0, "beta_isf": 0.0607712944120898, "binomial_approximation_shah": 0.060771294411954724, "binomial_approximation_sokolova": 0.06081167139761323, "p2l_bound": 0.012991137716549781, "p2l_upper_bound": 0.027832565774492637, "kl_bound": 0.06120698060840368, "nbr_parameter_bounds": 20, "min_val_linear_bound": 0.18359029472366478, "min_param_linear_bound": 0.5455594781168515, "min_val_catoni_bound": 0.06101430328602542, "min_param_catoni_bound": 69.51927961775604, "config": {"seed": 1, "prior_size": 0.0, "pretraining_epochs": null, "pretraining_lr": null, "model_type": "mlp", "dropout_probability": 0.1, "optimizer": "Adam", "training_lr": 0.005, "momentum": null, "nesterov": null, "max_compression_size": -1, "data_groupsize": 1, "patience": 3, "dataset": "mnist", "n_classes": 2, "first_class": 1, "second_class": 7, "validation_size": 0.1, "max_epochs": 200, "batch_size": 64, "delta": 0.01, "nbr_parameter_bounds": 20, "classic_bounds": true, "p2l_bounds": true, "real_bounds": true, "log_iterations": 10, "deterministic": true}}