{"prior_set_size": 12000, "train_set_size": 42000, "validation_set_size": 6000, "test_set_size": 10000, "compression_set_size": 2112, "complement_error": 0.0, "complement_loss": 0.05141108110547066, "validation_error": 0.021558089181780815, "validation_loss": 0.11015158891677856, "test_error": 0.018839143216609955, "test_loss": 0.10488691180944443, "brute_force_binomial_tail_inversion": 1, "beta_ppf": 1.0, "beta_isf": 1.0, "binomial_approximation_shah": 0.18966264761205498, "binomial_approximation_sokolova": 0.1896727584882405, "p2l_bound": 0.05293538668192923, "p2l_upper_bound": 0.06990498804348175, "kl_bound": 0.18978432845324278, "nbr_parameter_bounds": 20, "min_val_linear_bound": 0.32747315901113916, "min_param_linear_bound": 1.1288378916846884, "min_val_catoni_bound": 0.1897235045766129, "min_param_catoni_bound": 69.51927961775604, "CE_kl_bound": 2.393854344290528, "CE_nbr_parameter_bounds": 20, "CE_min_val_linear_bound": 3.8136608377073715, "CE_min_param_linear_bound": 0.1274274985703132, "CE_min_val_catoni_bound": 2.4424891467349723, "CE_min_param_catoni_bound": 6.1584821106602545, "config": {"seed": 2, "prior_size": 0.2, "pretraining_epochs": 100, "pretraining_lr": 0.01, "model_type": "cnn", "dropout_probability": 0.2, "optimizer": "Adam", "training_lr": 0.0001, "momentum": null, "nesterov": null, "max_compression_size": -1, "data_groupsize": 32, "patience": 3, "dataset": "mnist", "n_classes": 10, "first_class": null, "second_class": null, "validation_size": 0.1, "max_epochs": 200, "batch_size": 64, "delta": 0.01, "nbr_parameter_bounds": 20, "classic_bounds": true, "p2l_bounds": true, "real_bounds": true, "log_iterations": 10, "deterministic": true, "clamping": true, "min_probability": 1e-05}}