{"prior_set_size": 30000, "train_set_size": 24000, "validation_set_size": 6000, "test_set_size": 10000, "compression_set_size": 1120, "complement_error": 0.0, "complement_loss": 0.024553587660193443, "validation_error": 0.021408550441265106, "validation_loss": 0.08556047827005386, "test_error": 0.020037582144141197, "test_loss": 0.07790781557559967, "brute_force_binomial_tail_inversion": 1, "beta_ppf": 1.0, "beta_isf": 1.0, "binomial_approximation_shah": 0.18000452687388724, "binomial_approximation_sokolova": 0.1800223637426055, "p2l_bound": 0.049891369965237894, "p2l_upper_bound": 0.07139999914907748, "kl_bound": 0.18020921852439642, "nbr_parameter_bounds": 20, "min_val_linear_bound": 0.31702671173661756, "min_param_linear_bound": 1.1288378916846884, "min_val_catoni_bound": 0.18011188378355603, "min_param_catoni_bound": 69.51927961775604, "CE_kl_bound": 2.1887756247281307, "CE_nbr_parameter_bounds": 20, "CE_min_val_linear_bound": 3.694261737079408, "CE_min_param_linear_bound": 0.1274274985703132, "CE_min_val_catoni_bound": 2.2014387364710917, "CE_min_param_catoni_bound": 6.1584821106602545, "config": {"seed": 1, "prior_size": 0.5, "pretraining_epochs": 100, "pretraining_lr": 0.01, "model_type": "cnn", "dropout_probability": 0.1, "optimizer": "Adam", "training_lr": 0.0001, "momentum": null, "nesterov": null, "max_compression_size": -1, "data_groupsize": 32, "patience": 3, "dataset": "mnist", "n_classes": 10, "first_class": null, "second_class": null, "validation_size": 0.1, "max_epochs": 200, "batch_size": 64, "delta": 0.01, "nbr_parameter_bounds": 20, "classic_bounds": true, "p2l_bounds": true, "real_bounds": true, "log_iterations": 10, "deterministic": true, "clamping": true, "min_probability": 1e-05}}