{"train_set_size": 11707, "validation_set_size": 1300, "test_set_size": 2163, "compression_set_size": 100, "complement_error": 0.0, "complement_loss": 9.425103598914575e-06, "validation_error": 0.004027348943054676, "validation_loss": 0.048134010285139084, "test_error": 0.0027475026436150074, "test_loss": 0.014562772586941719, "brute_force_binomial_tail_inversion": 0.049311999999999995, "beta_ppf": 1.0, "beta_isf": 0.04931252149143584, "binomial_approximation_shah": 0.049312521491435835, "binomial_approximation_sokolova": 0.04935328545296069, "p2l_bound": 0.010153051854145542, "p2l_upper_bound": 0.02317566545520609, "kl_bound": 0.04975248780101538, "nbr_parameter_bounds": 20, "min_val_linear_bound": 0.1613616628467936, "min_param_linear_bound": 0.5455594781168515, "min_val_catoni_bound": 0.049557859448031594, "min_param_catoni_bound": 69.51927961775604, "config": {"seed": 4, "prior_size": 0.0, "pretraining_epochs": null, "pretraining_lr": null, "model_type": "cnn", "dropout_probability": 0.2, "optimizer": "Adam", "training_lr": 0.005, "momentum": null, "nesterov": null, "max_compression_size": -1, "data_groupsize": 1, "patience": 3, "dataset": "mnist", "n_classes": 2, "first_class": 1, "second_class": 7, "validation_size": 0.1, "max_epochs": 200, "batch_size": 64, "delta": 0.01, "nbr_parameter_bounds": 20, "classic_bounds": true, "p2l_bounds": true, "real_bounds": true, "log_iterations": 10, "deterministic": true}}