{"train_set_size": 11707, "validation_set_size": 1300, "test_set_size": 2163, "compression_set_size": 88, "complement_error": 0.0, "complement_loss": 0.0037473973352462053, "validation_error": 0.002415237482637167, "validation_loss": 0.014800948090851307, "test_error": 0.003362608840689063, "test_loss": 0.01269701961427927, "brute_force_binomial_tail_inversion": 0.044504999999999996, "beta_ppf": 1.0, "beta_isf": 0.04450535718924775, "binomial_approximation_shah": 0.04450535718924775, "binomial_approximation_sokolova": 0.04454628496167057, "p2l_bound": 0.009007952150403592, "p2l_upper_bound": 0.0212301570782426, "kl_bound": 0.044947135262191296, "nbr_parameter_bounds": 20, "min_val_linear_bound": 0.1521160365224607, "min_param_linear_bound": 0.5455594781168515, "min_val_catoni_bound": 0.044751681069325366, "min_param_catoni_bound": 69.51927961775604, "config": {"seed": 2, "prior_size": 0.0, "pretraining_epochs": null, "pretraining_lr": null, "model_type": "cnn", "dropout_probability": 0.2, "optimizer": "Adam", "training_lr": 0.001, "momentum": null, "nesterov": null, "max_compression_size": -1, "data_groupsize": 1, "patience": 3, "dataset": "mnist", "n_classes": 2, "first_class": 1, "second_class": 7, "validation_size": 0.1, "max_epochs": 200, "batch_size": 64, "delta": 0.01, "nbr_parameter_bounds": 20, "classic_bounds": true, "p2l_bounds": true, "real_bounds": true, "log_iterations": 10, "deterministic": true}}