{"train_set_size": 11707, "validation_set_size": 1300, "test_set_size": 2163, "compression_set_size": 92, "complement_error": 0.0, "complement_loss": 0.016223175451159477, "validation_error": 0.00133056053891778, "validation_loss": 0.022281387820839882, "test_error": 0.003800956765189767, "test_loss": 0.023307181894779205, "brute_force_binomial_tail_inversion": 0.046123, "beta_ppf": 1.0, "beta_isf": 0.0461237575536056, "binomial_approximation_shah": 0.04612375755360554, "binomial_approximation_sokolova": 0.046164630073896595, "p2l_bound": 0.00939039184017956, "p2l_upper_bound": 0.021884919023387406, "kl_bound": 0.04656492453068495, "nbr_parameter_bounds": 20, "min_val_linear_bound": 0.15522350271765376, "min_param_linear_bound": 0.5455594781168515, "min_val_catoni_bound": 0.046369748889511064, "min_param_catoni_bound": 69.51927961775604, "config": {"seed": 1, "prior_size": 0.0, "pretraining_epochs": null, "pretraining_lr": null, "model_type": "cnn", "dropout_probability": 0.2, "optimizer": "Adam", "training_lr": 0.0001, "momentum": null, "nesterov": null, "max_compression_size": -1, "data_groupsize": 1, "patience": 3, "dataset": "mnist", "n_classes": 2, "first_class": 1, "second_class": 7, "validation_size": 0.1, "max_epochs": 200, "batch_size": 64, "delta": 0.01, "nbr_parameter_bounds": 20, "classic_bounds": true, "p2l_bounds": true, "real_bounds": true, "log_iterations": 10, "deterministic": true}}