{"train_set_size": 11707, "validation_set_size": 1300, "test_set_size": 2163, "compression_set_size": 107, "complement_error": 0.0, "complement_loss": 4.5012358896201476e-05, "validation_error": 0.002872918965294957, "validation_loss": 0.08284888416528702, "test_error": 0.002857580315321684, "test_loss": 0.021715892478823662, "brute_force_binomial_tail_inversion": 0.052052999999999995, "beta_ppf": 1.0, "beta_isf": 0.0520534474640462, "binomial_approximation_shah": 0.052053447464046276, "binomial_approximation_sokolova": 0.05209411842653555, "p2l_bound": 0.010818162373737032, "p2l_upper_bound": 0.024286401103834197, "kl_bound": 0.052492386661469936, "nbr_parameter_bounds": 20, "min_val_linear_bound": 0.16665424568260354, "min_param_linear_bound": 0.5455594781168515, "min_val_catoni_bound": 0.05229822568992892, "min_param_catoni_bound": 69.51927961775604, "config": {"seed": 3, "prior_size": 0.0, "pretraining_epochs": null, "pretraining_lr": null, "model_type": "cnn", "dropout_probability": 0.1, "optimizer": "Adam", "training_lr": 0.005, "momentum": null, "nesterov": null, "max_compression_size": -1, "data_groupsize": 1, "patience": 3, "dataset": "mnist", "n_classes": 2, "first_class": 1, "second_class": 7, "validation_size": 0.1, "max_epochs": 200, "batch_size": 64, "delta": 0.01, "nbr_parameter_bounds": 20, "classic_bounds": true, "p2l_bounds": true, "real_bounds": true, "log_iterations": 10, "deterministic": true}}