{"prior_set_size": 30000, "train_set_size": 24000, "validation_set_size": 6000, "test_set_size": 10000, "compression_set_size": 10368, "complement_error": 0.0, "validation_error": 0.08678625524044037, "test_error": 0.07173822075128555, "complement_loss": 0.0, "validation_loss": 0.9766800999641418, "test_loss": 0.797845184803009, "brute_force_binomial_tail_inversion": 1, "beta_ppf": 1.0, "beta_isf": 1.0, "binomial_approximation_shah": 0.7004105992365244, "binomial_approximation_sokolova": 0.7004215369575856, "p2l_bound": 0.44106420772895216, "p2l_upper_bound": 0.5101480911180537, "kl_bound": 0.7005304200574756, "nbr_parameter_bounds": 20, "min_val_linear_bound": 0.8081064184682109, "min_param_linear_bound": 2.335721469090121, "min_val_catoni_bound": 0.7004764289774963, "min_param_catoni_bound": 69.51927961775604, "CE_kl_bound": 8.065154512066002, "CE_nbr_parameter_bounds": 20, "CE_min_val_linear_bound": 8.94084079660424, "CE_min_param_linear_bound": 0.2636650898730355, "CE_min_val_catoni_bound": 8.064532916786426, "CE_min_param_catoni_bound": 69.51927961775604, "config": {"seed": 42, "prior_size": 0.5, "pretraining_epochs": 50, "pretraining_lr": 0.0001, "model_type": "cnn", "dropout_probability": 0.1, "optimizer": "Adam", "training_lr": 0.005, "momentum": null, "nesterov": null, "max_compression_size": 40000, "data_groupsize": 32, "patience": 3, "dataset": "mnist", "n_classes": 10, "first_class": null, "second_class": null, "validation_size": 0.1, "max_epochs": 200, "batch_size": 64, "delta": 0.01, "nbr_parameter_bounds": 20, "classic_bounds": true, "p2l_bounds": true, "real_bounds": true, "log_iterations": 10, "deterministic": true, "clamping": true, "min_probability": 1e-05, "regression": false, "early_stopping": false}}