{"prior_set_size": 12000, "train_set_size": 42000, "validation_set_size": 6000, "test_set_size": 10000, "compression_set_size": 4288, "complement_error": 0.0, "validation_error": 0.016343168914318085, "test_error": 0.01680171862244606, "complement_loss": 1.5282421372830868e-05, "validation_loss": 0.13961713016033173, "test_loss": 0.12315789610147476, "brute_force_binomial_tail_inversion": 1, "beta_ppf": 1.0, "beta_isf": 1.0, "binomial_approximation_shah": 0.3075999491426764, "binomial_approximation_sokolova": 0.3076090869619591, "p2l_bound": 0.10596385143892395, "p2l_upper_bound": 0.13039070256544397, "kl_bound": 0.3077094042673707, "nbr_parameter_bounds": 20, "min_val_linear_bound": 0.4493772827261574, "min_param_linear_bound": 2.335721469090121, "min_val_catoni_bound": 0.3076549492167835, "min_param_catoni_bound": 69.51927961775604, "CE_kl_bound": 3.542780601547757, "CE_nbr_parameter_bounds": 20, "CE_min_val_linear_bound": 4.996622488670955, "CE_min_param_linear_bound": 0.1274274985703132, "CE_min_val_catoni_bound": 3.542227429387548, "CE_min_param_catoni_bound": 20.6913808111479, "config": {"seed": 3, "prior_size": 0.2, "pretraining_epochs": 50, "pretraining_lr": 0.01, "model_type": "cnn", "dropout_probability": 0.2, "optimizer": "Adam", "training_lr": 0.005, "momentum": null, "nesterov": null, "max_compression_size": 40000, "data_groupsize": 32, "patience": 3, "dataset": "mnist", "n_classes": 10, "first_class": null, "second_class": null, "validation_size": 0.1, "max_epochs": 200, "batch_size": 64, "delta": 0.01, "nbr_parameter_bounds": 20, "classic_bounds": true, "p2l_bounds": true, "real_bounds": true, "log_iterations": 10, "deterministic": true, "clamping": true, "min_probability": 1e-05, "regression": false, "early_stopping": false}}