{"prior_set_size": 12000, "train_set_size": 42000, "validation_set_size": 6000, "test_set_size": 10000, "compression_set_size": 3264, "complement_error": 0.0, "complement_loss": 0.0008231225656345487, "validation_error": 0.00850426685065031, "validation_loss": 0.05726569518446922, "test_error": 0.011292660608887672, "test_loss": 0.0596955306828022, "brute_force_binomial_tail_inversion": 1, "beta_ppf": 1.0, "beta_isf": 1.0, "binomial_approximation_shah": 0.25665118657358565, "binomial_approximation_sokolova": 0.2566607374449339, "p2l_bound": 0.08106726818292267, "p2l_upper_bound": 0.10228655996926442, "kl_bound": 0.256765847094357, "nbr_parameter_bounds": 20, "min_val_linear_bound": 0.40391237033082894, "min_param_linear_bound": 1.1288378916846884, "min_val_catoni_bound": 0.256708672837605, "min_param_catoni_bound": 69.51927961775604, "config": {"seed": 1, "prior_size": 0.2, "pretraining_epochs": 50, "pretraining_lr": 0.001, "model_type": "cnn", "dropout_probability": 0.2, "optimizer": "Adam", "training_lr": 0.005, "momentum": null, "nesterov": null, "max_compression_size": -1, "data_groupsize": 32, "patience": 3, "dataset": "mnist", "n_classes": 2, "first_class": -1, "second_class": -1, "validation_size": 0.1, "max_epochs": 200, "batch_size": 64, "delta": 0.01, "nbr_parameter_bounds": 20, "classic_bounds": true, "p2l_bounds": true, "real_bounds": true, "log_iterations": 10, "deterministic": true}}