{"train_set_size": 10881, "validation_set_size": 1208, "test_set_size": 2042, "compression_set_size": 286, "complement_error": 0.0, "complement_loss": 1.58080474648159e-05, "validation_error": 0.008282228372991085, "validation_loss": 0.05792703852057457, "test_error": 0.005002045538276434, "test_loss": 0.0482998788356781, "brute_force_binomial_tail_inversion": 1, "beta_ppf": 1.0, "beta_isf": 1.0, "binomial_approximation_shah": 0.11843655315125912, "binomial_approximation_sokolova": 0.1184779636363047, "p2l_bound": 0.029514892097020677, "p2l_upper_bound": 0.053253212568675067, "kl_bound": 0.1188796954229474, "nbr_parameter_bounds": 20, "min_val_linear_bound": 0.25302607989202974, "min_param_linear_bound": 1.1288378916846884, "min_val_catoni_bound": 0.11868577964898319, "min_param_catoni_bound": 69.51927961775604, "config": {"seed": 4, "prior_size": 0.0, "pretraining_epochs": null, "pretraining_lr": null, "model_type": "mlp", "dropout_probability": 0.2, "optimizer": "Adam", "training_lr": 0.0001, "momentum": null, "nesterov": null, "max_compression_size": -1, "data_groupsize": 1, "patience": 3, "dataset": "mnist", "n_classes": 2, "first_class": 2, "second_class": 3, "validation_size": 0.1, "max_epochs": 200, "batch_size": 64, "delta": 0.01, "nbr_parameter_bounds": 20, "classic_bounds": true, "p2l_bounds": true, "real_bounds": true, "log_iterations": 10, "deterministic": true}}