{"train_set_size": 10881, "validation_set_size": 1208, "test_set_size": 2042, "compression_set_size": 376, "complement_error": 0.0, "complement_loss": 6.749256863258779e-05, "validation_error": 0.010479665361344814, "validation_loss": 2.2744505405426025, "test_error": 0.00601055845618248, "test_loss": 0.5584483742713928, "brute_force_binomial_tail_inversion": 1, "beta_ppf": 1.0, "beta_isf": 1.0, "binomial_approximation_shah": 0.14517819384884834, "binomial_approximation_sokolova": 0.14521869218234518, "p2l_bound": 0.03833877698517972, "p2l_upper_bound": 0.06560552291477814, "kl_bound": 0.14561122749000788, "nbr_parameter_bounds": 20, "min_val_linear_bound": 0.28031641496803256, "min_param_linear_bound": 1.1288378916846884, "min_val_catoni_bound": 0.14542193037153184, "min_param_catoni_bound": 69.51927961775604, "config": {"seed": 42, "prior_size": 0.0, "pretraining_epochs": null, "pretraining_lr": null, "model_type": "mlp", "dropout_probability": 0.2, "optimizer": "Adam", "training_lr": 0.005, "momentum": null, "nesterov": null, "max_compression_size": -1, "data_groupsize": 1, "patience": 3, "dataset": "mnist", "n_classes": 2, "first_class": 2, "second_class": 3, "validation_size": 0.1, "max_epochs": 200, "batch_size": 64, "delta": 0.01, "nbr_parameter_bounds": 20, "classic_bounds": true, "p2l_bounds": true, "real_bounds": true, "log_iterations": 10, "deterministic": true}}