{"prior_set_size": 12000, "train_set_size": 42000, "validation_set_size": 6000, "test_set_size": 10000, "compression_set_size": 800, "complement_error": 0.0, "complement_loss": 0.0033174140844494104, "validation_error": 0.011394362896680832, "validation_loss": 0.04546190798282623, "test_error": 0.010387609712779522, "test_loss": 0.032931022346019745, "brute_force_binomial_tail_inversion": 1, "beta_ppf": 1.0, "beta_isf": 1.0, "binomial_approximation_shah": 0.0919770025169021, "binomial_approximation_sokolova": 0.09198797146328241, "p2l_bound": 0.020583251396948034, "p2l_upper_bound": 0.030925037751865794, "kl_bound": 0.0921093663200736, "nbr_parameter_bounds": 20, "min_val_linear_bound": 0.22664251450355044, "min_param_linear_bound": 1.1288378916846884, "min_val_catoni_bound": 0.09204302423791655, "min_param_catoni_bound": 69.51927961775604, "CE_kl_bound": 1.0811645438587885, "CE_nbr_parameter_bounds": 20, "CE_min_val_linear_bound": 2.5915722818967946, "CE_min_param_linear_bound": 0.061584821106602614, "CE_min_val_catoni_bound": 1.080503567373892, "CE_min_param_catoni_bound": 6.1584821106602545, "config": {"seed": 2, "prior_size": 0.2, "pretraining_epochs": 50, "pretraining_lr": 0.001, "model_type": "cnn", "dropout_probability": 0.2, "optimizer": "Adam", "training_lr": 0.0001, "momentum": null, "nesterov": null, "max_compression_size": -1, "data_groupsize": 32, "patience": 3, "dataset": "mnist", "n_classes": 10, "first_class": null, "second_class": null, "validation_size": 0.1, "max_epochs": 200, "batch_size": 64, "delta": 0.01, "nbr_parameter_bounds": 20, "classic_bounds": true, "p2l_bounds": true, "real_bounds": true, "log_iterations": 10, "deterministic": true, "clamping": true, "min_probability": 1e-05}}