{"prior_set_size": 6000, "train_set_size": 48000, "validation_set_size": 6000, "test_set_size": 10000, "compression_set_size": 2336, "complement_error": 0.0, "complement_loss": 0.0003527456719893962, "validation_error": 0.015621607191860676, "validation_loss": 0.07503216713666916, "test_error": 0.014044929295778275, "test_loss": 0.05347554013133049, "brute_force_binomial_tail_inversion": 1, "beta_ppf": 1.0, "beta_isf": 1.0, "binomial_approximation_shah": 0.18524752228314056, "binomial_approximation_sokolova": 0.1852564023712796, "p2l_bound": 0.05112465362235283, "p2l_upper_bound": 0.06675214650758297, "kl_bound": 0.1853555990383029, "nbr_parameter_bounds": 20, "min_val_linear_bound": 0.3226511972147357, "min_param_linear_bound": 1.1288378916846884, "min_val_catoni_bound": 0.18530097139473756, "min_param_catoni_bound": 69.51927961775604, "CE_kl_bound": 2.136833767620426, "CE_nbr_parameter_bounds": 20, "CE_min_val_linear_bound": 3.71988634407329, "CE_min_param_linear_bound": 0.1274274985703132, "CE_min_val_catoni_bound": 2.139300711200259, "CE_min_param_catoni_bound": 20.6913808111479, "config": {"seed": 2, "prior_size": 0.1, "pretraining_epochs": 50, "pretraining_lr": 0.0001, "model_type": "cnn", "dropout_probability": 0.1, "optimizer": "Adam", "training_lr": 0.0001, "momentum": null, "nesterov": null, "max_compression_size": -1, "data_groupsize": 32, "patience": 3, "dataset": "mnist", "n_classes": 10, "first_class": null, "second_class": null, "validation_size": 0.1, "max_epochs": 200, "batch_size": 64, "delta": 0.01, "nbr_parameter_bounds": 20, "classic_bounds": true, "p2l_bounds": true, "real_bounds": true, "log_iterations": 10, "deterministic": true, "clamping": true, "min_probability": 1e-05}}