{"prior_set_size": 6000, "train_set_size": 48000, "validation_set_size": 6000, "test_set_size": 10000, "compression_set_size": 2112, "complement_error": 0.0, "validation_error": 0.02126217633485794, "test_error": 0.0194031223654747, "complement_loss": 0.0025421809405088425, "validation_loss": 0.09014096111059189, "test_loss": 0.07515047490596771, "brute_force_binomial_tail_inversion": 1, "beta_ppf": 1.0, "beta_isf": 1.0, "binomial_approximation_shah": 0.17229770059680893, "binomial_approximation_sokolova": 0.17230667779021003, "p2l_bound": 0.046325298898620526, "p2l_upper_bound": 0.06116686453804651, "kl_bound": 0.17240700218826532, "nbr_parameter_bounds": 20, "min_val_linear_bound": 0.30868151253312365, "min_param_linear_bound": 1.1288378916846884, "min_val_catoni_bound": 0.1723517341906733, "min_param_catoni_bound": 69.51927961775604, "CE_kl_bound": 2.0014300661936644, "CE_nbr_parameter_bounds": 20, "CE_min_val_linear_bound": 3.598322982022404, "CE_min_param_linear_bound": 0.1274274985703132, "CE_min_val_catoni_bound": 2.001455507266824, "CE_min_param_catoni_bound": 6.1584821106602545, "config": {"seed": 3, "prior_size": 0.1, "pretraining_epochs": 100, "pretraining_lr": 0.01, "model_type": "cnn", "dropout_probability": 0.2, "optimizer": "Adam", "training_lr": 0.001, "momentum": null, "nesterov": null, "max_compression_size": 40000, "data_groupsize": 32, "patience": 3, "dataset": "mnist", "n_classes": 10, "first_class": null, "second_class": null, "validation_size": 0.1, "max_epochs": 200, "batch_size": 64, "delta": 0.01, "nbr_parameter_bounds": 20, "classic_bounds": true, "p2l_bounds": true, "real_bounds": true, "log_iterations": 10, "deterministic": true, "clamping": true, "min_probability": 1e-05, "regression": false, "early_stopping": false}}