{"train_set_size": 10206, "validation_set_size": 1133, "test_set_size": 1850, "compression_set_size": 192, "complement_error": 0.0, "complement_loss": 4.2087802398782515e-07, "validation_error": 0.00949072279036045, "validation_loss": 0.19751082360744476, "test_error": 0.0031799161806702614, "test_loss": 0.044761817902326584, "brute_force_binomial_tail_inversion": 1, "beta_ppf": 1.0, "beta_isf": 1.0, "binomial_approximation_shah": 0.09187973482347755, "binomial_approximation_sokolova": 0.09192486768739261, "p2l_bound": 0.0215385124930301, "p2l_upper_bound": 0.042240860289962615, "kl_bound": 0.09236014913767576, "nbr_parameter_bounds": 20, "min_val_linear_bound": 0.2267482231295312, "min_param_linear_bound": 1.1288378916846884, "min_val_catoni_bound": 0.09215136237537092, "min_param_catoni_bound": 69.51927961775604, "config": {"seed": 4, "prior_size": 0.0, "pretraining_epochs": null, "pretraining_lr": null, "model_type": "cnn", "dropout_probability": 0.2, "optimizer": "Adam", "training_lr": 0.01, "momentum": null, "nesterov": null, "max_compression_size": -1, "data_groupsize": 1, "patience": 3, "dataset": "mnist", "n_classes": 2, "first_class": 5, "second_class": 6, "validation_size": 0.1, "max_epochs": 200, "batch_size": 64, "delta": 0.01, "nbr_parameter_bounds": 20, "classic_bounds": true, "p2l_bounds": true, "real_bounds": true, "log_iterations": 10, "deterministic": true}}