{"prior_set_size": 6000, "train_set_size": 48000, "validation_set_size": 6000, "test_set_size": 10000, "compression_set_size": 2688, "complement_error": 0.0, "complement_loss": 0.0019255072111263871, "validation_error": 0.01828145608305931, "validation_loss": 0.06892106682062149, "test_error": 0.018354561179876328, "test_loss": 0.06615369766950607, "brute_force_binomial_tail_inversion": 1, "beta_ppf": 1.0, "beta_isf": 1.0, "binomial_approximation_shah": 0.20465043026732055, "binomial_approximation_sokolova": 0.20465916622131686, "p2l_bound": 0.058653984281234445, "p2l_upper_bound": 0.07544695437810897, "kl_bound": 0.20475668366998434, "nbr_parameter_bounds": 20, "min_val_linear_bound": 0.34400336853649316, "min_param_linear_bound": 1.1288378916846884, "min_val_catoni_bound": 0.20470301182659412, "min_param_catoni_bound": 69.51927961775604, "CE_kl_bound": 2.370119201351709, "CE_nbr_parameter_bounds": 20, "CE_min_val_linear_bound": 3.9106109003833422, "CE_min_param_linear_bound": 0.1274274985703132, "CE_min_val_catoni_bound": 2.3711725797641043, "CE_min_param_catoni_bound": 6.1584821106602545, "config": {"seed": 3, "prior_size": 0.1, "pretraining_epochs": 50, "pretraining_lr": 0.01, "model_type": "cnn", "dropout_probability": 0.2, "optimizer": "Adam", "training_lr": 0.001, "momentum": null, "nesterov": null, "max_compression_size": -1, "data_groupsize": 32, "patience": 3, "dataset": "mnist", "n_classes": 10, "first_class": null, "second_class": null, "validation_size": 0.1, "max_epochs": 200, "batch_size": 64, "delta": 0.01, "nbr_parameter_bounds": 20, "classic_bounds": true, "p2l_bounds": true, "real_bounds": true, "log_iterations": 10, "deterministic": true, "clamping": true, "min_probability": 1e-05}}