{"prior_set_size": 12000, "train_set_size": 42000, "validation_set_size": 6000, "test_set_size": 10000, "compression_set_size": 1632, "complement_error": 0.0, "complement_loss": 0.00021358155936468393, "validation_error": 0.0067129116505384445, "validation_loss": 0.04008674994111061, "test_error": 0.009176976978778839, "test_loss": 0.05240233615040779, "brute_force_binomial_tail_inversion": 1, "beta_ppf": 1.0, "beta_isf": 1.0, "binomial_approximation_shah": 0.1574447943087367, "binomial_approximation_sokolova": 0.157455182175257, "p2l_bound": 0.041154753386641714, "p2l_upper_bound": 0.05602752826174386, "kl_bound": 0.15756993275135756, "nbr_parameter_bounds": 20, "min_val_linear_bound": 0.292933714466568, "min_param_linear_bound": 1.1288378916846884, "min_val_catoni_bound": 0.15750731849046296, "min_param_catoni_bound": 69.51927961775604, "config": {"seed": 1, "prior_size": 0.2, "pretraining_epochs": 50, "pretraining_lr": 0.0001, "model_type": "cnn", "dropout_probability": 0.1, "optimizer": "Adam", "training_lr": 0.0001, "momentum": null, "nesterov": null, "max_compression_size": -1, "data_groupsize": 32, "patience": 3, "dataset": "mnist", "n_classes": 2, "first_class": -1, "second_class": -1, "validation_size": 0.1, "max_epochs": 200, "batch_size": 64, "delta": 0.01, "nbr_parameter_bounds": 20, "classic_bounds": true, "p2l_bounds": true, "real_bounds": true, "log_iterations": 10, "deterministic": true}}