{"train_set_size": 10597, "validation_set_size": 1177, "test_set_size": 1954, "compression_set_size": 99, "complement_error": 0.0, "complement_loss": 0.00046670553274452686, "validation_error": 0.002816705033183098, "validation_loss": 0.01435254979878664, "test_error": 0.0019197610672563314, "test_loss": 0.005346762016415596, "brute_force_binomial_tail_inversion": 0.053054, "beta_ppf": 1.0, "beta_isf": 0.0530544756216995, "binomial_approximation_shah": 0.053054475621699515, "binomial_approximation_sokolova": 0.05309936835386331, "p2l_bound": 0.011110672702795043, "p2l_upper_bound": 0.025426423632873646, "kl_bound": 0.053534467704594135, "nbr_parameter_bounds": 20, "min_val_linear_bound": 0.16864058048195035, "min_param_linear_bound": 0.5455594781168515, "min_val_catoni_bound": 0.053324659518643736, "min_param_catoni_bound": 69.51927961775604, "config": {"seed": 4, "prior_size": 0.0, "pretraining_epochs": null, "pretraining_lr": null, "model_type": "cnn", "dropout_probability": 0.1, "optimizer": "Adam", "training_lr": 0.001, "momentum": null, "nesterov": null, "max_compression_size": -1, "data_groupsize": 1, "patience": 3, "dataset": "mnist", "n_classes": 2, "first_class": 0, "second_class": 8, "validation_size": 0.1, "max_epochs": 200, "batch_size": 64, "delta": 0.01, "nbr_parameter_bounds": 20, "classic_bounds": true, "p2l_bounds": true, "real_bounds": true, "log_iterations": 10, "deterministic": true}}