{"prior_set_size": 6000, "train_set_size": 48000, "validation_set_size": 6000, "test_set_size": 10000, "compression_set_size": 4672, "complement_error": 0.0, "complement_loss": 0.00017249412485398352, "validation_error": 0.012300726026296616, "validation_loss": 0.08147142827510834, "test_error": 0.013983464799821377, "test_loss": 0.0805642381310463, "brute_force_binomial_tail_inversion": 1, "beta_ppf": 1.0, "beta_isf": 1.0, "binomial_approximation_shah": 0.2981189428292875, "binomial_approximation_sokolova": 0.2981270051540692, "p2l_bound": 0.10089540512502816, "p2l_upper_bound": 0.12321435685455578, "kl_bound": 0.2982166400179267, "nbr_parameter_bounds": 20, "min_val_linear_bound": 0.4435502373423805, "min_param_linear_bound": 2.335721469090121, "min_val_catoni_bound": 0.2981674697644674, "min_param_catoni_bound": 69.51927961775604, "config": {"seed": 2, "prior_size": 0.1, "pretraining_epochs": 100, "pretraining_lr": 0.01, "model_type": "cnn", "dropout_probability": 0.1, "optimizer": "Adam", "training_lr": 0.005, "momentum": null, "nesterov": null, "max_compression_size": -1, "data_groupsize": 32, "patience": 3, "dataset": "mnist", "n_classes": 2, "first_class": -1, "second_class": -1, "validation_size": 0.1, "max_epochs": 200, "batch_size": 64, "delta": 0.01, "nbr_parameter_bounds": 20, "classic_bounds": true, "p2l_bounds": true, "real_bounds": true, "log_iterations": 10, "deterministic": true}}