{"train_set_size": 10881, "validation_set_size": 1208, "test_set_size": 2042, "compression_set_size": 372, "complement_error": 0.0, "complement_loss": 8.102292667899746e-07, "validation_error": 0.012162872590124607, "validation_loss": 1.5091561079025269, "test_error": 0.0061821904964745045, "test_loss": 0.5207926034927368, "brute_force_binomial_tail_inversion": 1, "beta_ppf": 1.0, "beta_isf": 1.0, "binomial_approximation_shah": 0.14403980452646448, "binomial_approximation_sokolova": 0.1440803413578009, "p2l_bound": 0.03794802676112208, "p2l_upper_bound": 0.06506722394257809, "kl_bound": 0.14447326492518187, "nbr_parameter_bounds": 20, "min_val_linear_bound": 0.279137370889172, "min_param_linear_bound": 1.1288378916846884, "min_val_catoni_bound": 0.14428377275687132, "min_param_catoni_bound": 69.51927961775604, "config": {"seed": 3, "prior_size": 0.0, "pretraining_epochs": null, "pretraining_lr": null, "model_type": "mlp", "dropout_probability": 0.2, "optimizer": "Adam", "training_lr": 0.005, "momentum": null, "nesterov": null, "max_compression_size": -1, "data_groupsize": 1, "patience": 3, "dataset": "mnist", "n_classes": 2, "first_class": 2, "second_class": 3, "validation_size": 0.1, "max_epochs": 200, "batch_size": 64, "delta": 0.01, "nbr_parameter_bounds": 20, "classic_bounds": true, "p2l_bounds": true, "real_bounds": true, "log_iterations": 10, "deterministic": true}}