{"prior_set_size": 12000, "train_set_size": 42000, "validation_set_size": 6000, "test_set_size": 10000, "compression_set_size": 3520, "complement_error": 0.0, "complement_loss": 8.828123827697709e-05, "validation_error": 0.010219458490610123, "validation_loss": 0.08036976307630539, "test_error": 0.012840223498642445, "test_loss": 0.08347867429256439, "brute_force_binomial_tail_inversion": 1, "beta_ppf": 1.0, "beta_isf": 1.0, "binomial_approximation_shah": 0.27002684507255803, "binomial_approximation_sokolova": 0.2700362864839536, "p2l_bound": 0.0872993113734715, "p2l_upper_bound": 0.10936013251308935, "kl_bound": 0.2701401272788644, "nbr_parameter_bounds": 20, "min_val_linear_bound": 0.4199980776367426, "min_param_linear_bound": 1.1288378916846884, "min_val_catoni_bound": 0.27008367248986775, "min_param_catoni_bound": 69.51927961775604, "config": {"seed": 1, "prior_size": 0.2, "pretraining_epochs": 50, "pretraining_lr": 0.0001, "model_type": "cnn", "dropout_probability": 0.2, "optimizer": "Adam", "training_lr": 0.005, "momentum": null, "nesterov": null, "max_compression_size": -1, "data_groupsize": 32, "patience": 3, "dataset": "mnist", "n_classes": 2, "first_class": -1, "second_class": -1, "validation_size": 0.1, "max_epochs": 200, "batch_size": 64, "delta": 0.01, "nbr_parameter_bounds": 20, "classic_bounds": true, "p2l_bounds": true, "real_bounds": true, "log_iterations": 10, "deterministic": true}}