{"prior_set_size": 30000, "train_set_size": 24000, "validation_set_size": 6000, "test_set_size": 10000, "compression_set_size": 320, "complement_error": 0.0, "validation_error": 0.006113858427852392, "test_error": 0.010499026626348495, "complement_loss": 8.154170063789934e-05, "validation_loss": 0.03639329597353935, "test_loss": 0.05003662407398224, "brute_force_binomial_tail_inversion": 1, "beta_ppf": 1.0, "beta_isf": 1.0, "binomial_approximation_shah": 0.0697575980310775, "binomial_approximation_sokolova": 0.06977714942716906, "p2l_bound": 0.01490806687468042, "p2l_upper_bound": 0.02628823645505195, "kl_bound": 0.06998264137655497, "nbr_parameter_bounds": 20, "min_val_linear_bound": 0.2009698042129648, "min_param_linear_bound": 0.5455594781168515, "min_val_catoni_bound": 0.06987527459012977, "min_param_catoni_bound": 69.51927961775604, "CE_kl_bound": 0.8064838863216601, "CE_nbr_parameter_bounds": 20, "CE_min_val_linear_bound": 2.1966539119641326, "CE_min_param_linear_bound": 0.061584821106602614, "CE_min_val_catoni_bound": 0.8060380301385296, "CE_min_param_catoni_bound": 20.6913808111479, "config": {"seed": 42, "prior_size": 0.5, "pretraining_epochs": 100, "pretraining_lr": 0.001, "model_type": "cnn", "dropout_probability": 0.2, "optimizer": "Adam", "training_lr": 0.001, "momentum": null, "nesterov": null, "max_compression_size": 40000, "data_groupsize": 32, "patience": 3, "dataset": "mnist", "n_classes": 10, "first_class": null, "second_class": null, "validation_size": 0.1, "max_epochs": 200, "batch_size": 64, "delta": 0.01, "nbr_parameter_bounds": 20, "classic_bounds": true, "p2l_bounds": true, "real_bounds": true, "log_iterations": 10, "deterministic": true, "clamping": true, "min_probability": 1e-05, "regression": false, "early_stopping": false}}