{"train_set_size": 11707, "validation_set_size": 1300, "test_set_size": 2163, "compression_set_size": 128, "complement_error": 0.0, "complement_loss": 0.009792570024728775, "validation_error": 0.006424680817872286, "validation_loss": 0.40612098574638367, "test_error": 0.0052942209877073765, "test_loss": 0.07164502143859863, "brute_force_binomial_tail_inversion": 0.060029, "beta_ppf": 1.0, "beta_isf": 0.060029399749509556, "binomial_approximation_shah": 0.060029399749509604, "binomial_approximation_sokolova": 0.060069801649325405, "p2l_bound": 0.012802856960670392, "p2l_upper_bound": 0.027529790261935583, "kl_bound": 0.06046536099165678, "nbr_parameter_bounds": 20, "min_val_linear_bound": 0.18214291694935245, "min_param_linear_bound": 0.5455594781168515, "min_val_catoni_bound": 0.06027255857395797, "min_param_catoni_bound": 69.51927961775604, "config": {"seed": 1, "prior_size": 0.0, "pretraining_epochs": null, "pretraining_lr": null, "model_type": "mlp", "dropout_probability": 0.1, "optimizer": "Adam", "training_lr": 0.001, "momentum": null, "nesterov": null, "max_compression_size": -1, "data_groupsize": 1, "patience": 3, "dataset": "mnist", "n_classes": 2, "first_class": 1, "second_class": 7, "validation_size": 0.1, "max_epochs": 200, "batch_size": 64, "delta": 0.01, "nbr_parameter_bounds": 20, "classic_bounds": true, "p2l_bounds": true, "real_bounds": true, "log_iterations": 10, "deterministic": true}}