{"prior_set_size": 30000, "train_set_size": 24000, "validation_set_size": 6000, "test_set_size": 10000, "compression_set_size": 2432, "complement_error": 0.0, "complement_loss": 6.81532546877861e-05, "validation_error": 0.010643200017511845, "validation_loss": 0.10880644619464874, "test_error": 0.012115372344851494, "test_loss": 0.1281629353761673, "brute_force_binomial_tail_inversion": 1, "beta_ppf": 1.0, "beta_isf": 1.0, "binomial_approximation_shah": 0.30630782688579816, "binomial_approximation_sokolova": 0.30632383424952825, "p2l_bound": 0.10623745446450387, "p2l_upper_bound": 0.1382655047340675, "kl_bound": 0.3064905731007457, "nbr_parameter_bounds": 20, "min_val_linear_bound": 0.44860452329614087, "min_param_linear_bound": 2.335721469090121, "min_val_catoni_bound": 0.3064041720135552, "min_param_catoni_bound": 69.51927961775604, "config": {"seed": 1, "prior_size": 0.5, "pretraining_epochs": 100, "pretraining_lr": 0.0001, "model_type": "cnn", "dropout_probability": 0.1, "optimizer": "Adam", "training_lr": 0.005, "momentum": null, "nesterov": null, "max_compression_size": -1, "data_groupsize": 32, "patience": 3, "dataset": "mnist", "n_classes": 2, "first_class": -1, "second_class": -1, "validation_size": 0.1, "max_epochs": 200, "batch_size": 64, "delta": 0.01, "nbr_parameter_bounds": 20, "classic_bounds": true, "p2l_bounds": true, "real_bounds": true, "log_iterations": 10, "deterministic": true}}