{"train_set_size": 10612, "validation_set_size": 1179, "test_set_size": 1991, "compression_set_size": 236, "complement_error": 0.0, "complement_loss": 0.0007465025992132723, "validation_error": 0.007796610239893198, "validation_loss": 0.09462925046682358, "test_error": 0.008162714540958405, "test_loss": 0.03216760233044624, "brute_force_binomial_tail_inversion": 1, "beta_ppf": 1.0, "beta_isf": 1.0, "binomial_approximation_shah": 0.10438945108047248, "binomial_approximation_sokolova": 0.1044324093448169, "p2l_bound": 0.02519957947525797, "p2l_upper_bound": 0.047289400810357686, "kl_bound": 0.10484825354069471, "nbr_parameter_bounds": 20, "min_val_linear_bound": 0.23902697488503644, "min_param_linear_bound": 1.1288378916846884, "min_val_catoni_bound": 0.10464799215096054, "min_param_catoni_bound": 69.51927961775604, "config": {"seed": 1, "prior_size": 0.0, "pretraining_epochs": null, "pretraining_lr": null, "model_type": "cnn", "dropout_probability": 0.2, "optimizer": "Adam", "training_lr": 0.0001, "momentum": null, "nesterov": null, "max_compression_size": -1, "data_groupsize": 1, "patience": 3, "dataset": "mnist", "n_classes": 2, "first_class": 4, "second_class": 9, "validation_size": 0.1, "max_epochs": 200, "batch_size": 64, "delta": 0.01, "nbr_parameter_bounds": 20, "classic_bounds": true, "p2l_bounds": true, "real_bounds": true, "log_iterations": 10, "deterministic": true}}