{"train_set_size": 10206, "validation_set_size": 1133, "test_set_size": 1850, "compression_set_size": 239, "complement_error": 0.0, "complement_loss": 0.0004315191472414881, "validation_error": 0.006748664192855358, "validation_loss": 0.2358558177947998, "test_error": 0.00952718872576952, "test_loss": 0.08864036202430725, "brute_force_binomial_tail_inversion": 1, "beta_ppf": 1.0, "beta_isf": 1.0, "binomial_approximation_shah": 0.10860373986129401, "binomial_approximation_sokolova": 0.10864825045743443, "p2l_bound": 0.026517518801039884, "p2l_upper_bound": 0.04963419198492518, "kl_bound": 0.10907732043415308, "nbr_parameter_bounds": 20, "min_val_linear_bound": 0.24321574806944404, "min_param_linear_bound": 1.1288378916846884, "min_val_catoni_bound": 0.10887162220031665, "min_param_catoni_bound": 69.51927961775604, "config": {"seed": 1, "prior_size": 0.0, "pretraining_epochs": null, "pretraining_lr": null, "model_type": "mlp", "dropout_probability": 0.2, "optimizer": "Adam", "training_lr": 0.005, "momentum": null, "nesterov": null, "max_compression_size": -1, "data_groupsize": 1, "patience": 3, "dataset": "mnist", "n_classes": 2, "first_class": 5, "second_class": 6, "validation_size": 0.1, "max_epochs": 200, "batch_size": 64, "delta": 0.01, "nbr_parameter_bounds": 20, "classic_bounds": true, "p2l_bounds": true, "real_bounds": true, "log_iterations": 10, "deterministic": true}}