{"prior_set_size": 6000, "train_set_size": 48000, "validation_set_size": 6000, "test_set_size": 10000, "compression_set_size": 2976, "complement_error": 0.0, "complement_loss": 0.0158016849309206, "validation_error": 0.017093941569328308, "validation_loss": 0.05285602807998657, "test_error": 0.015784993767738342, "test_loss": 0.05012909695506096, "brute_force_binomial_tail_inversion": 1, "beta_ppf": 1.0, "beta_isf": 1.0, "binomial_approximation_shah": 0.21976424627560942, "binomial_approximation_sokolova": 0.21977287104072019, "p2l_bound": 0.06480459057888946, "p2l_upper_bound": 0.08249790143872578, "kl_bound": 0.21986909303814173, "nbr_parameter_bounds": 20, "min_val_linear_bound": 0.3609996343661915, "min_param_linear_bound": 1.1288378916846884, "min_val_catoni_bound": 0.2198161585817099, "min_param_catoni_bound": 69.51927961775604, "config": {"seed": 1, "prior_size": 0.1, "pretraining_epochs": 50, "pretraining_lr": 0.01, "model_type": "cnn", "dropout_probability": 0.1, "optimizer": "Adam", "training_lr": 0.0001, "momentum": null, "nesterov": null, "max_compression_size": -1, "data_groupsize": 32, "patience": 3, "dataset": "mnist", "n_classes": 2, "first_class": -1, "second_class": -1, "validation_size": 0.1, "max_epochs": 200, "batch_size": 64, "delta": 0.01, "nbr_parameter_bounds": 20, "classic_bounds": true, "p2l_bounds": true, "real_bounds": true, "log_iterations": 10, "deterministic": true}}