{"train_set_size": 10612, "validation_set_size": 1179, "test_set_size": 1991, "compression_set_size": 239, "complement_error": 0.0, "complement_loss": 8.062872075242922e-05, "validation_error": 0.009802228771150112, "validation_loss": 0.07205823063850403, "test_error": 0.009633844718337059, "test_loss": 0.07443982362747192, "brute_force_binomial_tail_inversion": 1, "beta_ppf": 1.0, "beta_isf": 1.0, "binomial_approximation_shah": 0.10539739039652274, "binomial_approximation_sokolova": 0.10544031272449705, "p2l_bound": 0.025504233972441736, "p2l_upper_bound": 0.047735258518483446, "kl_bound": 0.10585579741746187, "nbr_parameter_bounds": 20, "min_val_linear_bound": 0.2400245837657259, "min_param_linear_bound": 1.1288378916846884, "min_val_catoni_bound": 0.10565571517768813, "min_param_catoni_bound": 69.51927961775604, "config": {"seed": 42, "prior_size": 0.0, "pretraining_epochs": null, "pretraining_lr": null, "model_type": "cnn", "dropout_probability": 0.1, "optimizer": "Adam", "training_lr": 0.001, "momentum": null, "nesterov": null, "max_compression_size": -1, "data_groupsize": 1, "patience": 3, "dataset": "mnist", "n_classes": 2, "first_class": 4, "second_class": 9, "validation_size": 0.1, "max_epochs": 200, "batch_size": 64, "delta": 0.01, "nbr_parameter_bounds": 20, "classic_bounds": true, "p2l_bounds": true, "real_bounds": true, "log_iterations": 10, "deterministic": true}}