{"prior_set_size": 12000, "train_set_size": 42000, "validation_set_size": 6000, "test_set_size": 10000, "compression_set_size": 928, "complement_error": 0.0, "complement_loss": 0.005044972058385611, "validation_error": 0.008788056671619415, "validation_loss": 0.03369351848959923, "test_error": 0.010858680121600628, "test_loss": 0.04021523520350456, "brute_force_binomial_tail_inversion": 1, "beta_ppf": 1.0, "beta_isf": 1.0, "binomial_approximation_shah": 0.10312047421248127, "binomial_approximation_sokolova": 0.10313134231013255, "p2l_bound": 0.023766731634026483, "p2l_upper_bound": 0.03491945086239872, "kl_bound": 0.10325158666819334, "nbr_parameter_bounds": 20, "min_val_linear_bound": 0.2375815408170691, "min_param_linear_bound": 1.1288378916846884, "min_val_catoni_bound": 0.1031858889221916, "min_param_catoni_bound": 69.51927961775604, "config": {"seed": 1, "prior_size": 0.2, "pretraining_epochs": 100, "pretraining_lr": 0.001, "model_type": "cnn", "dropout_probability": 0.2, "optimizer": "Adam", "training_lr": 0.0001, "momentum": null, "nesterov": null, "max_compression_size": -1, "data_groupsize": 32, "patience": 3, "dataset": "mnist", "n_classes": 2, "first_class": -1, "second_class": -1, "validation_size": 0.1, "max_epochs": 200, "batch_size": 64, "delta": 0.01, "nbr_parameter_bounds": 20, "classic_bounds": true, "p2l_bounds": true, "real_bounds": true, "log_iterations": 10, "deterministic": true}}