{"train_set_size": 10206, "validation_set_size": 1133, "test_set_size": 1850, "compression_set_size": 226, "complement_error": 0.0, "complement_loss": 5.262365084490739e-05, "validation_error": 0.005141380243003368, "validation_loss": 0.08647754043340683, "test_error": 0.005950116086751223, "test_loss": 0.08811165392398834, "brute_force_binomial_tail_inversion": 1, "beta_ppf": 1.0, "beta_isf": 1.0, "binomial_approximation_shah": 0.10408670288416866, "binomial_approximation_sokolova": 0.10413138075999762, "p2l_bound": 0.025143971347081955, "p2l_upper_bound": 0.04761769870598235, "kl_bound": 0.10456212144345045, "nbr_parameter_bounds": 20, "min_val_linear_bound": 0.23873771962632281, "min_param_linear_bound": 1.1288378916846884, "min_val_catoni_bound": 0.10435559202228406, "min_param_catoni_bound": 69.51927961775604, "config": {"seed": 1, "prior_size": 0.0, "pretraining_epochs": null, "pretraining_lr": null, "model_type": "mlp", "dropout_probability": 0.2, "optimizer": "Adam", "training_lr": 0.0001, "momentum": null, "nesterov": null, "max_compression_size": -1, "data_groupsize": 1, "patience": 3, "dataset": "mnist", "n_classes": 2, "first_class": 5, "second_class": 6, "validation_size": 0.1, "max_epochs": 200, "batch_size": 64, "delta": 0.01, "nbr_parameter_bounds": 20, "classic_bounds": true, "p2l_bounds": true, "real_bounds": true, "log_iterations": 10, "deterministic": true}}