{"train_set_size": 10881, "validation_set_size": 1208, "test_set_size": 2042, "compression_set_size": 317, "complement_error": 0.0, "complement_loss": 4.723645542981103e-05, "validation_error": 0.005425525829195976, "validation_loss": 0.07851193845272064, "test_error": 0.006181385833770037, "test_loss": 0.10095972567796707, "brute_force_binomial_tail_inversion": 1, "beta_ppf": 1.0, "beta_isf": 1.0, "binomial_approximation_shah": 0.12792935925811388, "binomial_approximation_sokolova": 0.12797044403638336, "p2l_bound": 0.032562370662877954, "p2l_upper_bound": 0.05756945325955465, "kl_bound": 0.1283688945695758, "nbr_parameter_bounds": 20, "min_val_linear_bound": 0.26261769123604084, "min_param_linear_bound": 1.1288378916846884, "min_val_catoni_bound": 0.12817662542378672, "min_param_catoni_bound": 69.51927961775604, "config": {"seed": 1, "prior_size": 0.0, "pretraining_epochs": null, "pretraining_lr": null, "model_type": "mlp", "dropout_probability": 0.1, "optimizer": "Adam", "training_lr": 0.0001, "momentum": null, "nesterov": null, "max_compression_size": -1, "data_groupsize": 1, "patience": 3, "dataset": "mnist", "n_classes": 2, "first_class": 2, "second_class": 3, "validation_size": 0.1, "max_epochs": 200, "batch_size": 64, "delta": 0.01, "nbr_parameter_bounds": 20, "classic_bounds": true, "p2l_bounds": true, "real_bounds": true, "log_iterations": 10, "deterministic": true}}