{"prior_set_size": 180000, "train_set_size": 144000, "validation_set_size": 36000, "test_set_size": 400000, "compression_set_size": 320, "complement_error": 0.1819300800561905, "validation_error": 0.18660782277584076, "test_error": 0.18576042354106903, "complement_loss": 0.5418161749839783, "validation_loss": 0.5430183410644531, "test_loss": 0.5436408519744873, "brute_force_binomial_tail_inversion": 1, "beta_ppf": 1.0, "beta_isf": 1.0, "binomial_approximation_shah": 0.4507487460372128, "binomial_approximation_sokolova": 0.4508461210825667, "p2l_bound": 0.0024860050808638338, "p2l_upper_bound": 0.004381372742508658, "kl_bound": 0.2571888367326052, "nbr_parameter_bounds": 20, "min_val_linear_bound": 0.27534854716761914, "min_param_linear_bound": 0.2636650898730355, "min_val_catoni_bound": 0.25876846057592817, "min_param_catoni_bound": 0.5455594781168515, "CE_kl_bound": 1.0903630954912595, "CE_nbr_parameter_bounds": 20, "CE_min_val_linear_bound": 1.5705489202387977, "CE_min_param_linear_bound": 0.02976351441631316, "CE_min_val_catoni_bound": 1.1160771067593909, "CE_min_param_catoni_bound": 0.5455594781168515, "config": {"seed": 4, "prior_size": 0.5, "pretraining_epochs": 5, "pretraining_lr": 0.001, "model_type": "transformer", "dropout_probability": 0.2, "optimizer": "Adam", "training_lr": 0.0001, "momentum": null, "nesterov": null, "max_compression_size": 20000, "data_groupsize": 32, "patience": 3, "dataset": "amazon", "n_classes": 2, "regression": false, "validation_size": 0.1, "max_epochs": 200, "batch_size": 128, "delta": 0.01, "nbr_parameter_bounds": 20, "classic_bounds": true, "p2l_bounds": true, "real_bounds": true, "log_iterations": 10, "deterministic": true, "clamping": true, "early_stopping": true, "early_stopping_patience": 10, "min_probability": 1e-05, "n_shards": 10}}