{"train_set_size": 10881, "validation_set_size": 1208, "test_set_size": 2042, "compression_set_size": 272, "complement_error": 0.0, "complement_loss": 1.7558480976731516e-05, "validation_error": 0.0026230313815176487, "validation_loss": 0.11880213767290115, "test_error": 0.0009408160112798214, "test_loss": 0.05788341164588928, "brute_force_binomial_tail_inversion": 1, "beta_ppf": 1.0, "beta_isf": 1.0, "binomial_approximation_shah": 0.11404082418665795, "binomial_approximation_sokolova": 0.11408238623840417, "p2l_bound": 0.028135354301827425, "p2l_upper_bound": 0.05127902477045308, "kl_bound": 0.11448564473539591, "nbr_parameter_bounds": 20, "min_val_linear_bound": 0.24861953888824428, "min_param_linear_bound": 1.1288378916846884, "min_val_catoni_bound": 0.11429096291830709, "min_param_catoni_bound": 69.51927961775604, "config": {"seed": 3, "prior_size": 0.0, "pretraining_epochs": null, "pretraining_lr": null, "model_type": "cnn", "dropout_probability": 0.1, "optimizer": "Adam", "training_lr": 0.01, "momentum": null, "nesterov": null, "max_compression_size": -1, "data_groupsize": 1, "patience": 3, "dataset": "mnist", "n_classes": 2, "first_class": 2, "second_class": 3, "validation_size": 0.1, "max_epochs": 200, "batch_size": 64, "delta": 0.01, "nbr_parameter_bounds": 20, "classic_bounds": true, "p2l_bounds": true, "real_bounds": true, "log_iterations": 10, "deterministic": true}}