{"prior_set_size": 30000, "train_set_size": 24000, "validation_set_size": 6000, "test_set_size": 10000, "compression_set_size": 2816, "complement_error": 0.0, "complement_loss": 1.7737222151481546e-05, "validation_error": 0.00930510088801384, "validation_loss": 0.11340146511793137, "test_error": 0.013521646149456501, "test_loss": 0.14762166142463684, "brute_force_binomial_tail_inversion": 1, "beta_ppf": 1.0, "beta_isf": 1.0, "binomial_approximation_shah": 0.3366188835587567, "binomial_approximation_sokolova": 0.33663446895829696, "p2l_bound": 0.12262289145635441, "p2l_upper_bound": 0.15717421022719108, "kl_bound": 0.3367965305224061, "nbr_parameter_bounds": 20, "min_val_linear_bound": 0.46773401479928856, "min_param_linear_bound": 2.335721469090121, "min_val_catoni_bound": 0.336712688869797, "min_param_catoni_bound": 69.51927961775604, "config": {"seed": 1, "prior_size": 0.5, "pretraining_epochs": 50, "pretraining_lr": 0.0001, "model_type": "cnn", "dropout_probability": 0.1, "optimizer": "Adam", "training_lr": 0.005, "momentum": null, "nesterov": null, "max_compression_size": -1, "data_groupsize": 32, "patience": 3, "dataset": "mnist", "n_classes": 2, "first_class": -1, "second_class": -1, "validation_size": 0.1, "max_epochs": 200, "batch_size": 64, "delta": 0.01, "nbr_parameter_bounds": 20, "classic_bounds": true, "p2l_bounds": true, "real_bounds": true, "log_iterations": 10, "deterministic": true}}