{"train_set_size": 11707, "validation_set_size": 1300, "test_set_size": 2163, "compression_set_size": 84, "complement_error": 0.0, "complement_loss": 0.04972878471016884, "validation_error": 0.002437606221064925, "validation_loss": 0.05650544911623001, "test_error": 0.001956911524757743, "test_loss": 0.056203704327344894, "brute_force_binomial_tail_inversion": 1, "beta_ppf": 1.0, "beta_isf": 0.04286998908393413, "binomial_approximation_shah": 0.042869989083934135, "binomial_approximation_sokolova": 0.042910972797008284, "p2l_bound": 0.008624710337779909, "p2l_upper_bound": 0.020568578974748602, "kl_bound": 0.043312384746968746, "nbr_parameter_bounds": 20, "min_val_linear_bound": 0.1489813342129505, "min_param_linear_bound": 0.5455594781168515, "min_val_catoni_bound": 0.04311664965205808, "min_param_catoni_bound": 69.51927961775604, "config": {"seed": 4, "prior_size": 0.0, "pretraining_epochs": null, "pretraining_lr": null, "model_type": "cnn", "dropout_probability": 0.1, "optimizer": "Adam", "training_lr": 0.0001, "momentum": null, "nesterov": null, "max_compression_size": -1, "data_groupsize": 1, "patience": 3, "dataset": "mnist", "n_classes": 2, "first_class": 1, "second_class": 7, "validation_size": 0.1, "max_epochs": 200, "batch_size": 64, "delta": 0.01, "nbr_parameter_bounds": 20, "classic_bounds": true, "p2l_bounds": true, "real_bounds": true, "log_iterations": 10, "deterministic": true}}