{"prior_set_size": 12000, "train_set_size": 42000, "validation_set_size": 6000, "test_set_size": 10000, "compression_set_size": 14848, "complement_error": 0.0, "validation_error": 0.06564541906118393, "test_error": 0.04902805760502815, "complement_loss": 0.0, "validation_loss": 0.7176392078399658, "test_loss": 0.5698896050453186, "brute_force_binomial_tail_inversion": 1, "beta_ppf": 1.0, "beta_isf": 1.0, "binomial_approximation_shah": 0.634147865522468, "binomial_approximation_sokolova": 0.6341545715864478, "p2l_bound": 0.3602370601100404, "p2l_upper_bound": 0.4072808872125886, "kl_bound": 0.6342259766533971, "nbr_parameter_bounds": 20, "min_val_linear_bound": 0.7225115379852958, "min_param_linear_bound": 2.335721469090121, "min_val_catoni_bound": 0.6341882284639533, "min_param_catoni_bound": 69.51927961775604, "CE_kl_bound": 7.301796397158509, "CE_nbr_parameter_bounds": 20, "CE_min_val_linear_bound": 8.182584176114894, "CE_min_param_linear_bound": 0.2636650898730355, "CE_min_val_catoni_bound": 7.301361805067005, "CE_min_param_catoni_bound": 69.51927961775604, "config": {"seed": 42, "prior_size": 0.2, "pretraining_epochs": 100, "pretraining_lr": 0.0001, "model_type": "cnn", "dropout_probability": 0.1, "optimizer": "Adam", "training_lr": 0.005, "momentum": null, "nesterov": null, "max_compression_size": 40000, "data_groupsize": 32, "patience": 3, "dataset": "mnist", "n_classes": 10, "first_class": null, "second_class": null, "validation_size": 0.1, "max_epochs": 200, "batch_size": 64, "delta": 0.01, "nbr_parameter_bounds": 20, "classic_bounds": true, "p2l_bounds": true, "real_bounds": true, "log_iterations": 10, "deterministic": true, "clamping": true, "min_probability": 1e-05, "regression": false, "early_stopping": false}}