{"prior_set_size": 30000, "train_set_size": 24000, "validation_set_size": 6000, "test_set_size": 10000, "compression_set_size": 352, "complement_error": 0.0, "validation_error": 0.006684438791126013, "test_error": 0.009235398843884468, "complement_loss": 0.00016828947991598397, "validation_loss": 0.03257746621966362, "test_loss": 0.04606259614229202, "brute_force_binomial_tail_inversion": 1, "beta_ppf": 1.0, "beta_isf": 1.0, "binomial_approximation_shah": 0.07519440220723739, "binomial_approximation_sokolova": 0.0752138656367981, "p2l_bound": 0.016331601780528827, "p2l_upper_bound": 0.028273461778163155, "kl_bound": 0.07541840616613626, "nbr_parameter_bounds": 20, "min_val_linear_bound": 0.21046669607955165, "min_param_linear_bound": 1.1288378916846884, "min_val_catoni_bound": 0.07531154930220096, "min_param_catoni_bound": 69.51927961775604, "CE_kl_bound": 0.8697846206480626, "CE_nbr_parameter_bounds": 20, "CE_min_val_linear_bound": 2.291923525761084, "CE_min_param_linear_bound": 0.061584821106602614, "CE_min_val_catoni_bound": 0.8698547093835934, "CE_min_param_catoni_bound": 6.1584821106602545, "config": {"seed": 42, "prior_size": 0.5, "pretraining_epochs": 50, "pretraining_lr": 0.001, "model_type": "cnn", "dropout_probability": 0.2, "optimizer": "Adam", "training_lr": 0.001, "momentum": null, "nesterov": null, "max_compression_size": 40000, "data_groupsize": 32, "patience": 3, "dataset": "mnist", "n_classes": 10, "first_class": null, "second_class": null, "validation_size": 0.1, "max_epochs": 200, "batch_size": 64, "delta": 0.01, "nbr_parameter_bounds": 20, "classic_bounds": true, "p2l_bounds": true, "real_bounds": true, "log_iterations": 10, "deterministic": true, "clamping": true, "min_probability": 1e-05, "regression": false, "early_stopping": false}}