{"train_set_size": 10612, "validation_set_size": 1179, "test_set_size": 1991, "compression_set_size": 233, "complement_error": 0.0, "complement_loss": 0.00053675431990996, "validation_error": 0.006173956673592329, "validation_loss": 0.0245084036141634, "test_error": 0.005859528202563524, "test_loss": 0.020641610026359558, "brute_force_binomial_tail_inversion": 1, "beta_ppf": 1.0, "beta_isf": 1.0, "binomial_approximation_shah": 0.10337756961544398, "binomial_approximation_sokolova": 0.10342056398441635, "p2l_bound": 0.02489479752546201, "p2l_upper_bound": 0.04684254788540152, "kl_bound": 0.10383677016943693, "nbr_parameter_bounds": 20, "min_val_linear_bound": 0.23802659319456443, "min_param_linear_bound": 1.1288378916846884, "min_val_catoni_bound": 0.10363632798791211, "min_param_catoni_bound": 69.51927961775604, "config": {"seed": 4, "prior_size": 0.0, "pretraining_epochs": null, "pretraining_lr": null, "model_type": "cnn", "dropout_probability": 0.1, "optimizer": "Adam", "training_lr": 0.0001, "momentum": null, "nesterov": null, "max_compression_size": -1, "data_groupsize": 1, "patience": 3, "dataset": "mnist", "n_classes": 2, "first_class": 4, "second_class": 9, "validation_size": 0.1, "max_epochs": 200, "batch_size": 64, "delta": 0.01, "nbr_parameter_bounds": 20, "classic_bounds": true, "p2l_bounds": true, "real_bounds": true, "log_iterations": 10, "deterministic": true}}