{"prior_set_size": 6000, "train_set_size": 48000, "validation_set_size": 6000, "test_set_size": 10000, "compression_set_size": 992, "complement_error": 0.0, "validation_error": 0.011720264330506325, "test_error": 0.010439482517540455, "complement_loss": 0.0019537019543349743, "validation_loss": 0.0531388483941555, "test_loss": 0.040653739124536514, "brute_force_binomial_tail_inversion": 1, "beta_ppf": 1.0, "beta_isf": 1.0, "binomial_approximation_shah": 0.09792290751882149, "binomial_approximation_sokolova": 0.09793245826901442, "p2l_bound": 0.02218784781510476, "p2l_upper_bound": 0.032281376922159044, "kl_bound": 0.09803942497819662, "nbr_parameter_bounds": 20, "min_val_linear_bound": 0.23245445379896457, "min_param_linear_bound": 1.1288378916846884, "min_val_catoni_bound": 0.09798039337978437, "min_param_catoni_bound": 69.51927961775604, "CE_kl_bound": 1.1418845299123142, "CE_nbr_parameter_bounds": 20, "CE_min_val_linear_bound": 2.696740295976912, "CE_min_param_linear_bound": 0.061584821106602614, "CE_min_val_catoni_bound": 1.1413026333935232, "CE_min_param_catoni_bound": 6.1584821106602545, "config": {"seed": 42, "prior_size": 0.1, "pretraining_epochs": 50, "pretraining_lr": 0.001, "model_type": "cnn", "dropout_probability": 0.2, "optimizer": "Adam", "training_lr": 0.0001, "momentum": null, "nesterov": null, "max_compression_size": 40000, "data_groupsize": 32, "patience": 3, "dataset": "mnist", "n_classes": 10, "first_class": null, "second_class": null, "validation_size": 0.1, "max_epochs": 200, "batch_size": 64, "delta": 0.01, "nbr_parameter_bounds": 20, "classic_bounds": true, "p2l_bounds": true, "real_bounds": true, "log_iterations": 10, "deterministic": true, "clamping": true, "min_probability": 1e-05, "regression": false, "early_stopping": false}}