{"prior_set_size": 30000, "train_set_size": 24000, "validation_set_size": 6000, "test_set_size": 10000, "compression_set_size": 224, "complement_error": 0.0, "validation_error": 0.00631231302395463, "test_error": 0.009718991816043854, "complement_loss": 0.0003185076348017901, "validation_loss": 0.03262950852513313, "test_loss": 0.04221656545996666, "brute_force_binomial_tail_inversion": 1, "beta_ppf": 1.0, "beta_isf": 1.0, "binomial_approximation_shah": 0.052503134780621186, "binomial_approximation_sokolova": 0.05252296841709447, "p2l_bound": 0.010609902742318813, "p2l_upper_bound": 0.020116737562687025, "kl_bound": 0.05273150745779276, "nbr_parameter_bounds": 20, "min_val_linear_bound": 0.16728156204512382, "min_param_linear_bound": 0.5455594781168515, "min_val_catoni_bound": 0.05262251012240238, "min_param_catoni_bound": 69.51927961775604, "CE_kl_bound": 0.6096917973494258, "CE_nbr_parameter_bounds": 20, "CE_min_val_linear_bound": 1.8984579282604677, "CE_min_param_linear_bound": 0.061584821106602614, "CE_min_val_catoni_bound": 0.6089854673373433, "CE_min_param_catoni_bound": 6.1584821106602545, "config": {"seed": 42, "prior_size": 0.5, "pretraining_epochs": 50, "pretraining_lr": 0.001, "model_type": "cnn", "dropout_probability": 0.2, "optimizer": "Adam", "training_lr": 0.0001, "momentum": null, "nesterov": null, "max_compression_size": 40000, "data_groupsize": 32, "patience": 3, "dataset": "mnist", "n_classes": 10, "first_class": null, "second_class": null, "validation_size": 0.1, "max_epochs": 200, "batch_size": 64, "delta": 0.01, "nbr_parameter_bounds": 20, "classic_bounds": true, "p2l_bounds": true, "real_bounds": true, "log_iterations": 10, "deterministic": true, "clamping": true, "min_probability": 1e-05, "regression": false, "early_stopping": false}}