{"train_set_size": 10612, "validation_set_size": 1179, "test_set_size": 1991, "compression_set_size": 391, "complement_error": 0.0, "complement_loss": 2.0297063656471437e-06, "validation_error": 0.004803047049790621, "validation_loss": 0.3638385236263275, "test_error": 0.007262499537318945, "test_loss": 0.48347172141075134, "brute_force_binomial_tail_inversion": 1, "beta_ppf": 1.0, "beta_isf": 1.0, "binomial_approximation_shah": 0.15219808083604935, "binomial_approximation_sokolova": 0.1522393626087276, "p2l_bound": 0.04081033072715531, "p2l_upper_bound": 0.06933050198292541, "kl_bound": 0.1526383524760604, "nbr_parameter_bounds": 20, "min_val_linear_bound": 0.28762830144328144, "min_param_linear_bound": 1.1288378916846884, "min_val_catoni_bound": 0.15244653161450872, "min_param_catoni_bound": 69.51927961775604, "config": {"seed": 4, "prior_size": 0.0, "pretraining_epochs": null, "pretraining_lr": null, "model_type": "cnn", "dropout_probability": 0.1, "optimizer": "Adam", "training_lr": 0.01, "momentum": null, "nesterov": null, "max_compression_size": -1, "data_groupsize": 1, "patience": 3, "dataset": "mnist", "n_classes": 2, "first_class": 4, "second_class": 9, "validation_size": 0.1, "max_epochs": 200, "batch_size": 64, "delta": 0.01, "nbr_parameter_bounds": 20, "classic_bounds": true, "p2l_bounds": true, "real_bounds": true, "log_iterations": 10, "deterministic": true}}