{"prior_set_size": 6000, "train_set_size": 48000, "validation_set_size": 6000, "test_set_size": 10000, "compression_set_size": 17600, "complement_error": 0.0, "complement_loss": 0.0, "validation_error": 0.06941096484661102, "validation_loss": 0.8154990077018738, "test_error": 0.07003452628850937, "test_loss": 0.7851811647415161, "brute_force_binomial_tail_inversion": 1, "beta_ppf": 1.0, "beta_isf": 1.0, "binomial_approximation_shah": 0.6459244657648373, "binomial_approximation_sokolova": 0.6459302625430594, "p2l_bound": 0.3730655415837342, "p2l_upper_bound": 0.4180201748431034, "kl_bound": 0.6459926450625062, "nbr_parameter_bounds": 20, "min_val_linear_bound": 0.7365145756033119, "min_param_linear_bound": 2.335721469090121, "min_val_catoni_bound": 0.6459593560031076, "min_param_catoni_bound": 69.51927961775604, "CE_kl_bound": 7.437265173523602, "CE_nbr_parameter_bounds": 20, "CE_min_val_linear_bound": 8.30663243602153, "CE_min_param_linear_bound": 0.2636650898730355, "CE_min_val_catoni_bound": 7.436881919063947, "CE_min_param_catoni_bound": 69.51927961775604, "config": {"seed": 1, "prior_size": 0.1, "pretraining_epochs": 100, "pretraining_lr": 0.001, "model_type": "cnn", "dropout_probability": 0.2, "optimizer": "Adam", "training_lr": 0.005, "momentum": null, "nesterov": null, "max_compression_size": -1, "data_groupsize": 32, "patience": 3, "dataset": "mnist", "n_classes": 10, "first_class": null, "second_class": null, "validation_size": 0.1, "max_epochs": 200, "batch_size": 64, "delta": 0.01, "nbr_parameter_bounds": 20, "classic_bounds": true, "p2l_bounds": true, "real_bounds": true, "log_iterations": 10, "deterministic": true, "clamping": true, "min_probability": 1e-05}}