{"train_set_size": 11707, "validation_set_size": 1300, "test_set_size": 2163, "compression_set_size": 143, "complement_error": 0.0, "complement_loss": 7.997041393537074e-06, "validation_error": 0.0028533143922686577, "validation_loss": 0.03560008108615875, "test_error": 0.004197636153548956, "test_loss": 0.09622684866189957, "brute_force_binomial_tail_inversion": 1, "beta_ppf": 1.0, "beta_isf": 1.0, "binomial_approximation_shah": 0.0655252694159818, "binomial_approximation_sokolova": 0.06556548719078215, "p2l_bound": 0.014212223216385333, "p2l_upper_bound": 0.029778059467970068, "kl_bound": 0.0659591918811202, "nbr_parameter_bounds": 20, "min_val_linear_bound": 0.19289215386879383, "min_param_linear_bound": 0.5455594781168515, "min_val_catoni_bound": 0.06576732005020247, "min_param_catoni_bound": 69.51927961775604, "config": {"seed": 2, "prior_size": 0.0, "pretraining_epochs": null, "pretraining_lr": null, "model_type": "mlp", "dropout_probability": 0.1, "optimizer": "Adam", "training_lr": 0.001, "momentum": null, "nesterov": null, "max_compression_size": -1, "data_groupsize": 1, "patience": 3, "dataset": "mnist", "n_classes": 2, "first_class": 1, "second_class": 7, "validation_size": 0.1, "max_epochs": 200, "batch_size": 64, "delta": 0.01, "nbr_parameter_bounds": 20, "classic_bounds": true, "p2l_bounds": true, "real_bounds": true, "log_iterations": 10, "deterministic": true}}