{"prior_set_size": 180000, "train_set_size": 144000, "validation_set_size": 36000, "test_set_size": 400000, "compression_set_size": 640, "complement_error": 0.09434322267770767, "validation_error": 0.09708431363105774, "test_error": 0.09910882264375687, "complement_loss": 0.22378800809383392, "validation_loss": 0.24278654158115387, "test_loss": 0.24338805675506592, "brute_force_binomial_tail_inversion": 1, "beta_ppf": 1.0, "beta_isf": 1.0, "binomial_approximation_shah": 0.3138803728092566, "binomial_approximation_sokolova": 0.31398353243677113, "p2l_bound": 0.004840362750821643, "p2l_upper_bound": 0.007531536356609601, "kl_bound": 0.17955352078245382, "nbr_parameter_bounds": 20, "min_val_linear_bound": 0.21523836204511038, "min_param_linear_bound": 0.5455594781168515, "min_val_catoni_bound": 0.1833312298226091, "min_param_catoni_bound": 0.5455594781168515, "CE_kl_bound": 0.8319432100979595, "CE_nbr_parameter_bounds": 20, "CE_min_val_linear_bound": 1.68290734567309, "CE_min_param_linear_bound": 0.02976351441631316, "CE_min_val_catoni_bound": 0.8545213750971916, "CE_min_param_catoni_bound": 1.8329807108324336, "config": {"seed": 2, "prior_size": 0.5, "pretraining_epochs": 2, "pretraining_lr": 0.001, "model_type": "transformer", "dropout_probability": 0.1, "optimizer": "Adam", "training_lr": 1e-06, "momentum": null, "nesterov": null, "max_compression_size": 20000, "data_groupsize": 32, "patience": 3, "dataset": "amazon", "n_classes": 2, "regression": false, "validation_size": 0.1, "max_epochs": 200, "batch_size": 128, "delta": 0.01, "nbr_parameter_bounds": 20, "classic_bounds": true, "p2l_bounds": true, "real_bounds": true, "log_iterations": 2, "deterministic": true, "clamping": true, "early_stopping": true, "early_stopping_patience": 20, "min_probability": 1e-05, "n_shards": 10}}