{"train_set_size": 10206, "validation_set_size": 1133, "test_set_size": 1850, "compression_set_size": 252, "complement_error": 0.0, "complement_loss": 4.158762578754249e-07, "validation_error": 0.009705041535198689, "validation_loss": 0.8061500787734985, "test_error": 0.006990778259932995, "test_loss": 0.5703514218330383, "brute_force_binomial_tail_inversion": 1, "beta_ppf": 1.0, "beta_isf": 1.0, "binomial_approximation_shah": 0.1130447733530413, "binomial_approximation_sokolova": 0.11308912003264848, "p2l_bound": 0.02788861435162547, "p2l_upper_bound": 0.05163159553955849, "kl_bound": 0.11351655144244432, "nbr_parameter_bounds": 20, "min_val_linear_bound": 0.2476406117632557, "min_param_linear_bound": 1.1288378916846884, "min_val_catoni_bound": 0.1133116691339795, "min_param_catoni_bound": 69.51927961775604, "config": {"seed": 2, "prior_size": 0.0, "pretraining_epochs": null, "pretraining_lr": null, "model_type": "mlp", "dropout_probability": 0.2, "optimizer": "Adam", "training_lr": 0.005, "momentum": null, "nesterov": null, "max_compression_size": -1, "data_groupsize": 1, "patience": 3, "dataset": "mnist", "n_classes": 2, "first_class": 5, "second_class": 6, "validation_size": 0.1, "max_epochs": 200, "batch_size": 64, "delta": 0.01, "nbr_parameter_bounds": 20, "classic_bounds": true, "p2l_bounds": true, "real_bounds": true, "log_iterations": 10, "deterministic": true}}