{"prior_set_size": 6000, "train_set_size": 48000, "validation_set_size": 6000, "test_set_size": 10000, "compression_set_size": 4864, "complement_error": 0.0, "complement_loss": 0.12623357772827148, "validation_error": 0.024674786254763603, "validation_loss": 0.15905317664146423, "test_error": 0.02274775505065918, "test_loss": 0.1524084508419037, "brute_force_binomial_tail_inversion": 1, "beta_ppf": 1.0, "beta_isf": 1.0, "binomial_approximation_shah": 0.30606827438601714, "binomial_approximation_sokolova": 0.30607628087798, "p2l_bound": 0.10497035358613356, "p2l_upper_bound": 0.1277588465711121, "kl_bound": 0.30616526026278734, "nbr_parameter_bounds": 20, "min_val_linear_bound": 0.4484269684723556, "min_param_linear_bound": 2.335721469090121, "min_val_catoni_bound": 0.3061164652586468, "min_param_catoni_bound": 69.51927961775604, "config": {"seed": 2, "prior_size": 0.1, "pretraining_epochs": 50, "pretraining_lr": 0.01, "model_type": "cnn", "dropout_probability": 0.2, "optimizer": "Adam", "training_lr": 0.0001, "momentum": null, "nesterov": null, "max_compression_size": -1, "data_groupsize": 32, "patience": 3, "dataset": "mnist", "n_classes": 2, "first_class": -1, "second_class": -1, "validation_size": 0.1, "max_epochs": 200, "batch_size": 64, "delta": 0.01, "nbr_parameter_bounds": 20, "classic_bounds": true, "p2l_bounds": true, "real_bounds": true, "log_iterations": 10, "deterministic": true}}