{"train_set_size": 10881, "validation_set_size": 1208, "test_set_size": 2042, "compression_set_size": 297, "complement_error": 0.0, "complement_loss": 6.94867194397375e-05, "validation_error": 0.010833405889570713, "validation_loss": 0.09493671357631683, "test_error": 0.006108182482421398, "test_loss": 0.08423992991447449, "brute_force_binomial_tail_inversion": 1, "beta_ppf": 1.0, "beta_isf": 1.0, "binomial_approximation_shah": 0.12184181357769908, "binomial_approximation_sokolova": 0.12188310697519067, "p2l_bound": 0.030597348876584038, "p2l_upper_bound": 0.054793120942975025, "kl_bound": 0.12228366080671549, "nbr_parameter_bounds": 20, "min_val_linear_bound": 0.2564548493988159, "min_param_linear_bound": 1.1288378916846884, "min_val_catoni_bound": 0.1220903353606193, "min_param_catoni_bound": 69.51927961775604, "config": {"seed": 2, "prior_size": 0.0, "pretraining_epochs": null, "pretraining_lr": null, "model_type": "mlp", "dropout_probability": 0.2, "optimizer": "Adam", "training_lr": 0.0001, "momentum": null, "nesterov": null, "max_compression_size": -1, "data_groupsize": 1, "patience": 3, "dataset": "mnist", "n_classes": 2, "first_class": 2, "second_class": 3, "validation_size": 0.1, "max_epochs": 200, "batch_size": 64, "delta": 0.01, "nbr_parameter_bounds": 20, "classic_bounds": true, "p2l_bounds": true, "real_bounds": true, "log_iterations": 10, "deterministic": true}}