{"prior_set_size": 30000, "train_set_size": 24000, "validation_set_size": 6000, "test_set_size": 10000, "compression_set_size": 2272, "complement_error": 0.0, "complement_loss": 0.00010858634050237015, "validation_error": 0.010690394788980484, "validation_loss": 0.08867697417736053, "test_error": 0.01121119037270546, "test_loss": 0.07109005749225616, "brute_force_binomial_tail_inversion": 1, "beta_ppf": 1.0, "beta_isf": 1.0, "binomial_approximation_shah": 0.29297029760340887, "binomial_approximation_sokolova": 0.29298649259911014, "p2l_bound": 0.09939925102237611, "p2l_upper_bound": 0.13032172987895077, "kl_bound": 0.29315530601888895, "nbr_parameter_bounds": 20, "min_val_linear_bound": 0.44045055783757714, "min_param_linear_bound": 2.335721469090121, "min_val_catoni_bound": 0.2930677720921211, "min_param_catoni_bound": 69.51927961775604, "config": {"seed": 1, "prior_size": 0.5, "pretraining_epochs": 50, "pretraining_lr": 0.001, "model_type": "cnn", "dropout_probability": 0.2, "optimizer": "Adam", "training_lr": 0.005, "momentum": null, "nesterov": null, "max_compression_size": -1, "data_groupsize": 32, "patience": 3, "dataset": "mnist", "n_classes": 2, "first_class": -1, "second_class": -1, "validation_size": 0.1, "max_epochs": 200, "batch_size": 64, "delta": 0.01, "nbr_parameter_bounds": 20, "classic_bounds": true, "p2l_bounds": true, "real_bounds": true, "log_iterations": 10, "deterministic": true}}