{"train_set_size": 11707, "validation_set_size": 1300, "test_set_size": 2163, "compression_set_size": 127, "complement_error": 0.0, "complement_loss": 5.3211078920867294e-05, "validation_error": 0.0015521005261689425, "validation_loss": 0.046562958508729935, "test_error": 0.00370771624147892, "test_loss": 0.19282083213329315, "brute_force_binomial_tail_inversion": 0.059656999999999995, "beta_ppf": 1.0, "beta_isf": 0.05965735831960449, "binomial_approximation_shah": 0.0596573583196045, "binomial_approximation_sokolova": 0.059697772720294306, "p2l_bound": 0.012708672048731499, "p2l_upper_bound": 0.02737803468778384, "kl_bound": 0.06009345781058073, "nbr_parameter_bounds": 20, "min_val_linear_bound": 0.18141752369021047, "min_param_linear_bound": 0.5455594781168515, "min_val_catoni_bound": 0.05990059238282608, "min_param_catoni_bound": 69.51927961775604, "config": {"seed": 4, "prior_size": 0.0, "pretraining_epochs": null, "pretraining_lr": null, "model_type": "mlp", "dropout_probability": 0.1, "optimizer": "Adam", "training_lr": 0.001, "momentum": null, "nesterov": null, "max_compression_size": -1, "data_groupsize": 1, "patience": 3, "dataset": "mnist", "n_classes": 2, "first_class": 1, "second_class": 7, "validation_size": 0.1, "max_epochs": 200, "batch_size": 64, "delta": 0.01, "nbr_parameter_bounds": 20, "classic_bounds": true, "p2l_bounds": true, "real_bounds": true, "log_iterations": 10, "deterministic": true}}