{"prior_set_size": 30000, "train_set_size": 24000, "validation_set_size": 6000, "test_set_size": 10000, "compression_set_size": 928, "complement_error": 0.0, "complement_loss": 0.017183775082230568, "validation_error": 0.017291272059082985, "validation_loss": 0.06777296215295792, "test_error": 0.015606631524860859, "test_loss": 0.06008099764585495, "brute_force_binomial_tail_inversion": 1, "beta_ppf": 1.0, "beta_isf": 1.0, "binomial_approximation_shah": 0.15708868936975118, "binomial_approximation_sokolova": 0.1571068721319503, "p2l_bound": 0.04156952502819089, "p2l_upper_bound": 0.061109039009197764, "kl_bound": 0.15729750413447618, "nbr_parameter_bounds": 20, "min_val_linear_bound": 0.2926086657528226, "min_param_linear_bound": 1.1288378916846884, "min_val_catoni_bound": 0.15719812819988, "min_param_catoni_bound": 69.51927961775604, "CE_kl_bound": 1.8957661936042187, "CE_nbr_parameter_bounds": 20, "CE_min_val_linear_bound": 3.4705805642639422, "CE_min_param_linear_bound": 0.1274274985703132, "CE_min_val_catoni_bound": 1.902616911144816, "CE_min_param_catoni_bound": 6.1584821106602545, "config": {"seed": 2, "prior_size": 0.5, "pretraining_epochs": 50, "pretraining_lr": 0.01, "model_type": "cnn", "dropout_probability": 0.2, "optimizer": "Adam", "training_lr": 0.001, "momentum": null, "nesterov": null, "max_compression_size": -1, "data_groupsize": 32, "patience": 3, "dataset": "mnist", "n_classes": 10, "first_class": null, "second_class": null, "validation_size": 0.1, "max_epochs": 200, "batch_size": 64, "delta": 0.01, "nbr_parameter_bounds": 20, "classic_bounds": true, "p2l_bounds": true, "real_bounds": true, "log_iterations": 10, "deterministic": true, "clamping": true, "min_probability": 1e-05}}