{"train_set_size": 10597, "validation_set_size": 1177, "test_set_size": 1954, "compression_set_size": 164, "complement_error": 0.0, "complement_loss": 1.3925376151746605e-05, "validation_error": 0.0017477826913818717, "validation_loss": 0.04610135033726692, "test_error": 0.0025666586589068174, "test_loss": 0.13885906338691711, "brute_force_binomial_tail_inversion": 1, "beta_ppf": 1.0, "beta_isf": 1.0, "binomial_approximation_shah": 0.07896638247613774, "binomial_approximation_sokolova": 0.07901031881049758, "p2l_bound": 0.017868554869412398, "p2l_upper_bound": 0.03628847247850639, "kl_bound": 0.0794358728453517, "nbr_parameter_bounds": 20, "min_val_linear_bound": 0.21422939231417792, "min_param_linear_bound": 1.1288378916846884, "min_val_catoni_bound": 0.07923081016106193, "min_param_catoni_bound": 69.51927961775604, "config": {"seed": 1, "prior_size": 0.0, "pretraining_epochs": null, "pretraining_lr": null, "model_type": "mlp", "dropout_probability": 0.1, "optimizer": "Adam", "training_lr": 0.005, "momentum": null, "nesterov": null, "max_compression_size": -1, "data_groupsize": 1, "patience": 3, "dataset": "mnist", "n_classes": 2, "first_class": 0, "second_class": 8, "validation_size": 0.1, "max_epochs": 200, "batch_size": 64, "delta": 0.01, "nbr_parameter_bounds": 20, "classic_bounds": true, "p2l_bounds": true, "real_bounds": true, "log_iterations": 10, "deterministic": true, "clamping": false, "min_probability": 1e-05}}