{"prior_set_size": 30000, "train_set_size": 24000, "validation_set_size": 6000, "test_set_size": 10000, "compression_set_size": 992, "complement_error": 0.0, "complement_loss": 0.04483691230416298, "validation_error": 0.023005411028862, "validation_loss": 0.10655757784843445, "test_error": 0.02162986807525158, "test_loss": 0.09862066805362701, "brute_force_binomial_tail_inversion": 1, "beta_ppf": 1.0, "beta_isf": 1.0, "binomial_approximation_shah": 0.16490853387962923, "binomial_approximation_sokolova": 0.16492659806512933, "p2l_bound": 0.04434684386686422, "p2l_upper_bound": 0.06456275384431809, "kl_bound": 0.16511593665927649, "nbr_parameter_bounds": 20, "min_val_linear_bound": 0.30086569517386186, "min_param_linear_bound": 1.1288378916846884, "min_val_catoni_bound": 0.165017259001205, "min_param_catoni_bound": 69.51927961775604, "CE_kl_bound": 2.0877548425861914, "CE_nbr_parameter_bounds": 20, "CE_min_val_linear_bound": 3.5713799830012514, "CE_min_param_linear_bound": 0.1274274985703132, "CE_min_val_catoni_bound": 2.1321605214870933, "CE_min_param_catoni_bound": 6.1584821106602545, "config": {"seed": 2, "prior_size": 0.5, "pretraining_epochs": 50, "pretraining_lr": 0.01, "model_type": "cnn", "dropout_probability": 0.2, "optimizer": "Adam", "training_lr": 0.0001, "momentum": null, "nesterov": null, "max_compression_size": -1, "data_groupsize": 32, "patience": 3, "dataset": "mnist", "n_classes": 10, "first_class": null, "second_class": null, "validation_size": 0.1, "max_epochs": 200, "batch_size": 64, "delta": 0.01, "nbr_parameter_bounds": 20, "classic_bounds": true, "p2l_bounds": true, "real_bounds": true, "log_iterations": 10, "deterministic": true, "clamping": true, "min_probability": 1e-05}}