{"prior_set_size": 12000, "train_set_size": 42000, "validation_set_size": 6000, "test_set_size": 10000, "compression_set_size": 4128, "complement_error": 0.0, "validation_error": 0.015847306698560715, "test_error": 0.01713181473314762, "complement_loss": 3.14401913783513e-05, "validation_loss": 0.11713094264268875, "test_loss": 0.12291345000267029, "brute_force_binomial_tail_inversion": 1, "beta_ppf": 1.0, "beta_isf": 1.0, "binomial_approximation_shah": 0.3000614815906001, "binomial_approximation_sokolova": 0.300070679872268, "p2l_bound": 0.10207894691711825, "p2l_upper_bound": 0.126030314503798, "kl_bound": 0.30017170030623674, "nbr_parameter_bounds": 20, "min_val_linear_bound": 0.4447410539055146, "min_param_linear_bound": 2.335721469090121, "min_val_catoni_bound": 0.3001168455925052, "min_param_catoni_bound": 69.51927961775604, "CE_kl_bound": 3.4561396669536593, "CE_nbr_parameter_bounds": 20, "CE_min_val_linear_bound": 4.911657466448524, "CE_min_param_linear_bound": 0.1274274985703132, "CE_min_val_catoni_bound": 3.455678167460834, "CE_min_param_catoni_bound": 20.6913808111479, "config": {"seed": 42, "prior_size": 0.2, "pretraining_epochs": 50, "pretraining_lr": 0.01, "model_type": "cnn", "dropout_probability": 0.2, "optimizer": "Adam", "training_lr": 0.005, "momentum": null, "nesterov": null, "max_compression_size": 40000, "data_groupsize": 32, "patience": 3, "dataset": "mnist", "n_classes": 10, "first_class": null, "second_class": null, "validation_size": 0.1, "max_epochs": 200, "batch_size": 64, "delta": 0.01, "nbr_parameter_bounds": 20, "classic_bounds": true, "p2l_bounds": true, "real_bounds": true, "log_iterations": 10, "deterministic": true, "clamping": true, "min_probability": 1e-05, "regression": false, "early_stopping": false}}