{"prior_set_size": 6000, "train_set_size": 48000, "validation_set_size": 6000, "test_set_size": 10000, "compression_set_size": 5024, "complement_error": 0.0, "validation_error": 0.017602456733584404, "test_error": 0.017526311799883842, "complement_loss": 6.16672114119865e-05, "validation_loss": 0.1313384771347046, "test_loss": 0.10712310671806335, "brute_force_binomial_tail_inversion": 1, "beta_ppf": 1.0, "beta_isf": 1.0, "binomial_approximation_shah": 0.31257404706087233, "binomial_approximation_sokolova": 0.3125820080187003, "p2l_bound": 0.108364783273777, "p2l_upper_bound": 0.13153802596058123, "kl_bound": 0.3126704515889287, "nbr_parameter_bounds": 20, "min_val_linear_bound": 0.45245986252558135, "min_param_linear_bound": 2.335721469090121, "min_val_catoni_bound": 0.31262196385953, "min_param_catoni_bound": 69.51927961775604, "CE_kl_bound": 3.6002750302685564, "CE_nbr_parameter_bounds": 20, "CE_min_val_linear_bound": 5.053171966580452, "CE_min_param_linear_bound": 0.1274274985703132, "CE_min_val_catoni_bound": 3.600070404200461, "CE_min_param_catoni_bound": 20.6913808111479, "config": {"seed": 3, "prior_size": 0.1, "pretraining_epochs": 100, "pretraining_lr": 0.01, "model_type": "cnn", "dropout_probability": 0.1, "optimizer": "Adam", "training_lr": 0.005, "momentum": null, "nesterov": null, "max_compression_size": 40000, "data_groupsize": 32, "patience": 3, "dataset": "mnist", "n_classes": 10, "first_class": null, "second_class": null, "validation_size": 0.1, "max_epochs": 200, "batch_size": 64, "delta": 0.01, "nbr_parameter_bounds": 20, "classic_bounds": true, "p2l_bounds": true, "real_bounds": true, "log_iterations": 10, "deterministic": true, "clamping": true, "min_probability": 1e-05, "regression": false, "early_stopping": false}}