{"train_set_size": 11707, "validation_set_size": 1300, "test_set_size": 2163, "compression_set_size": 141, "complement_error": 0.0, "complement_loss": 1.8350405298406258e-05, "validation_error": 0.0013510689605027437, "validation_loss": 0.29798099398612976, "test_error": 0.0024511783849447966, "test_loss": 0.13513018190860748, "brute_force_binomial_tail_inversion": 1, "beta_ppf": 1.0, "beta_isf": 1.0, "binomial_approximation_shah": 0.06480135721003266, "binomial_approximation_sokolova": 0.06484159918073074, "p2l_bound": 0.014024659569108394, "p2l_upper_bound": 0.029481179531791194, "kl_bound": 0.06523554679006338, "nbr_parameter_bounds": 20, "min_val_linear_bound": 0.19147266107917973, "min_param_linear_bound": 0.5455594781168515, "min_val_catoni_bound": 0.06504355347176105, "min_param_catoni_bound": 69.51927961775604, "config": {"seed": 4, "prior_size": 0.0, "pretraining_epochs": null, "pretraining_lr": null, "model_type": "mlp", "dropout_probability": 0.2, "optimizer": "Adam", "training_lr": 0.01, "momentum": null, "nesterov": null, "max_compression_size": -1, "data_groupsize": 1, "patience": 3, "dataset": "mnist", "n_classes": 2, "first_class": 1, "second_class": 7, "validation_size": 0.1, "max_epochs": 200, "batch_size": 64, "delta": 0.01, "nbr_parameter_bounds": 20, "classic_bounds": true, "p2l_bounds": true, "real_bounds": true, "log_iterations": 10, "deterministic": true}}