{"train_set_size": 10597, "validation_set_size": 1177, "test_set_size": 1954, "compression_set_size": 111, "complement_error": 0.0, "complement_loss": 4.004712536698207e-05, "validation_error": 0.0017301287734881043, "validation_loss": 0.007518494036048651, "test_error": 0.0014794485177844763, "test_loss": 0.021536920219659805, "brute_force_binomial_tail_inversion": 0.058105, "beta_ppf": 1.0, "beta_isf": 0.058105626117166596, "binomial_approximation_shah": 0.05810562611716663, "binomial_approximation_sokolova": 0.05815033048394136, "p2l_bound": 0.012369387065030733, "p2l_upper_bound": 0.027523618364496304, "kl_bound": 0.058583552949130535, "nbr_parameter_bounds": 20, "min_val_linear_bound": 0.17844474527172377, "min_param_linear_bound": 0.5455594781168515, "min_val_catoni_bound": 0.05837467631302329, "min_param_catoni_bound": 69.51927961775604, "config": {"seed": 2, "prior_size": 0.0, "pretraining_epochs": null, "pretraining_lr": null, "model_type": "cnn", "dropout_probability": 0.1, "optimizer": "Adam", "training_lr": 0.005, "momentum": null, "nesterov": null, "max_compression_size": -1, "data_groupsize": 1, "patience": 3, "dataset": "mnist", "n_classes": 2, "first_class": 0, "second_class": 8, "validation_size": 0.1, "max_epochs": 200, "batch_size": 64, "delta": 0.01, "nbr_parameter_bounds": 20, "classic_bounds": true, "p2l_bounds": true, "real_bounds": true, "log_iterations": 10, "deterministic": true}}