{"prior_set_size": 30000, "train_set_size": 24000, "validation_set_size": 6000, "test_set_size": 10000, "compression_set_size": 2176, "complement_error": 0.0, "complement_loss": 0.002495315857231617, "validation_error": 0.02467169426381588, "validation_loss": 0.11695101857185364, "test_error": 0.03026629611849785, "test_loss": 0.12882842123508453, "brute_force_binomial_tail_inversion": 1, "beta_ppf": 1.0, "beta_isf": 1.0, "binomial_approximation_shah": 0.2847465133534596, "binomial_approximation_sokolova": 0.28476282465375113, "p2l_bound": 0.09529288340779021, "p2l_upper_bound": 0.1255345397321249, "kl_bound": 0.2849329235032201, "nbr_parameter_bounds": 20, "min_val_linear_bound": 0.43549922421741616, "min_param_linear_bound": 2.335721469090121, "min_val_catoni_bound": 0.28484468788141293, "min_param_catoni_bound": 69.51927961775604, "CE_kl_bound": 3.295605295497067, "CE_nbr_parameter_bounds": 20, "CE_min_val_linear_bound": 4.744720386603547, "CE_min_param_linear_bound": 0.1274274985703132, "CE_min_val_catoni_bound": 3.2973538032286482, "CE_min_param_catoni_bound": 6.1584821106602545, "config": {"seed": 1, "prior_size": 0.5, "pretraining_epochs": 100, "pretraining_lr": 0.01, "model_type": "cnn", "dropout_probability": 0.2, "optimizer": "Adam", "training_lr": 0.005, "momentum": null, "nesterov": null, "max_compression_size": -1, "data_groupsize": 32, "patience": 3, "dataset": "mnist", "n_classes": 10, "first_class": null, "second_class": null, "validation_size": 0.1, "max_epochs": 200, "batch_size": 64, "delta": 0.01, "nbr_parameter_bounds": 20, "classic_bounds": true, "p2l_bounds": true, "real_bounds": true, "log_iterations": 10, "deterministic": true, "clamping": true, "min_probability": 1e-05}}