{"train_set_size": 10612, "validation_set_size": 1179, "test_set_size": 1991, "compression_set_size": 351, "complement_error": 0.0, "complement_loss": 8.270846592495218e-05, "validation_error": 0.005461517255753279, "validation_loss": 0.17843008041381836, "test_error": 0.01246931403875351, "test_loss": 0.5768118500709534, "brute_force_binomial_tail_inversion": 1, "beta_ppf": 1.0, "beta_isf": 1.0, "binomial_approximation_shah": 0.14059294473900563, "binomial_approximation_sokolova": 0.14063462847141595, "p2l_bound": 0.036803062455719224, "p2l_upper_bound": 0.06380368929461032, "kl_bound": 0.14103766810148954, "nbr_parameter_bounds": 20, "min_val_linear_bound": 0.27558334718169963, "min_param_linear_bound": 1.1288378916846884, "min_val_catoni_bound": 0.1408438147968476, "min_param_catoni_bound": 69.51927961775604, "config": {"seed": 4, "prior_size": 0.0, "pretraining_epochs": null, "pretraining_lr": null, "model_type": "cnn", "dropout_probability": 0.2, "optimizer": "Adam", "training_lr": 0.005, "momentum": null, "nesterov": null, "max_compression_size": -1, "data_groupsize": 1, "patience": 3, "dataset": "mnist", "n_classes": 2, "first_class": 4, "second_class": 9, "validation_size": 0.1, "max_epochs": 200, "batch_size": 64, "delta": 0.01, "nbr_parameter_bounds": 20, "classic_bounds": true, "p2l_bounds": true, "real_bounds": true, "log_iterations": 10, "deterministic": true}}