{"prior_set_size": 30000, "train_set_size": 24000, "validation_set_size": 6000, "test_set_size": 10000, "compression_set_size": 8800, "complement_error": 0.0, "complement_loss": 0.0, "validation_error": 0.04544113576412201, "validation_loss": 0.5411078929901123, "test_error": 0.052253976464271545, "test_loss": 0.6031755208969116, "brute_force_binomial_tail_inversion": 1, "beta_ppf": 1.0, "beta_isf": 1.0, "binomial_approximation_shah": 0.6461223746682798, "binomial_approximation_sokolova": 0.6461339616497093, "p2l_bound": 0.3753507338852312, "p2l_upper_bound": 0.43846732234688957, "kl_bound": 0.6462505785748363, "nbr_parameter_bounds": 20, "min_val_linear_bound": 0.7367961355138339, "min_param_linear_bound": 2.335721469090121, "min_val_catoni_bound": 0.6461921127052153, "min_param_catoni_bound": 69.51927961775604, "CE_kl_bound": 7.440234742825976, "CE_nbr_parameter_bounds": 20, "CE_min_val_linear_bound": 8.309126681763953, "CE_min_param_linear_bound": 0.2636650898730355, "CE_min_val_catoni_bound": 7.439561629626785, "CE_min_param_catoni_bound": 69.51927961775604, "config": {"seed": 1, "prior_size": 0.5, "pretraining_epochs": 100, "pretraining_lr": 0.0001, "model_type": "cnn", "dropout_probability": 0.2, "optimizer": "Adam", "training_lr": 0.005, "momentum": null, "nesterov": null, "max_compression_size": -1, "data_groupsize": 32, "patience": 3, "dataset": "mnist", "n_classes": 10, "first_class": null, "second_class": null, "validation_size": 0.1, "max_epochs": 200, "batch_size": 64, "delta": 0.01, "nbr_parameter_bounds": 20, "classic_bounds": true, "p2l_bounds": true, "real_bounds": true, "log_iterations": 10, "deterministic": true, "clamping": true, "min_probability": 1e-05}}