{"prior_set_size": 30000, "train_set_size": 24000, "validation_set_size": 6000, "test_set_size": 10000, "compression_set_size": 1408, "complement_error": 0.0, "complement_loss": 0.07252497971057892, "validation_error": 0.027141299098730087, "validation_loss": 0.13696731626987457, "test_error": 0.027610747143626213, "test_loss": 0.13744676113128662, "brute_force_binomial_tail_inversion": 1, "beta_ppf": 1.0, "beta_isf": 1.0, "binomial_approximation_shah": 0.21169211199245241, "binomial_approximation_sokolova": 0.21170947817307872, "p2l_bound": 0.06232585022955513, "p2l_upper_bound": 0.08650637522500577, "kl_bound": 0.21189118083566427, "nbr_parameter_bounds": 20, "min_val_linear_bound": 0.35194027611700024, "min_param_linear_bound": 1.1288378916846884, "min_val_catoni_bound": 0.21179663584228448, "min_param_catoni_bound": 69.51927961775604, "CE_kl_bound": 2.714629095052972, "CE_nbr_parameter_bounds": 20, "CE_min_val_linear_bound": 4.051520801324047, "CE_min_param_linear_bound": 0.1274274985703132, "CE_min_val_catoni_bound": 2.789604968498402, "CE_min_param_catoni_bound": 6.1584821106602545, "config": {"seed": 1, "prior_size": 0.5, "pretraining_epochs": 100, "pretraining_lr": 0.01, "model_type": "cnn", "dropout_probability": 0.2, "optimizer": "Adam", "training_lr": 0.0001, "momentum": null, "nesterov": null, "max_compression_size": -1, "data_groupsize": 32, "patience": 3, "dataset": "mnist", "n_classes": 10, "first_class": null, "second_class": null, "validation_size": 0.1, "max_epochs": 200, "batch_size": 64, "delta": 0.01, "nbr_parameter_bounds": 20, "classic_bounds": true, "p2l_bounds": true, "real_bounds": true, "log_iterations": 10, "deterministic": true, "clamping": true, "min_probability": 1e-05}}