{"prior_set_size": 30000, "train_set_size": 24000, "validation_set_size": 6000, "test_set_size": 10000, "compression_set_size": 288, "complement_error": 0.0, "complement_loss": 0.005378374829888344, "validation_error": 0.007849656045436859, "validation_loss": 0.033485595136880875, "test_error": 0.010382573120296001, "test_loss": 0.03975636139512062, "brute_force_binomial_tail_inversion": 1, "beta_ppf": 1.0, "beta_isf": 1.0, "binomial_approximation_shah": 0.06417484402928308, "binomial_approximation_sokolova": 0.06419448621784618, "p2l_bound": 0.013480408791685479, "p2l_upper_bound": 0.024270937088701275, "kl_bound": 0.06440095882862806, "nbr_parameter_bounds": 20, "min_val_linear_bound": 0.19000192379641107, "min_param_linear_bound": 0.5455594781168515, "min_val_catoni_bound": 0.0642930670613403, "min_param_catoni_bound": 69.51927961775604, "config": {"seed": 1, "prior_size": 0.5, "pretraining_epochs": 50, "pretraining_lr": 0.001, "model_type": "cnn", "dropout_probability": 0.1, "optimizer": "Adam", "training_lr": 0.0001, "momentum": null, "nesterov": null, "max_compression_size": -1, "data_groupsize": 32, "patience": 3, "dataset": "mnist", "n_classes": 2, "first_class": -1, "second_class": -1, "validation_size": 0.1, "max_epochs": 200, "batch_size": 64, "delta": 0.01, "nbr_parameter_bounds": 20, "classic_bounds": true, "p2l_bounds": true, "real_bounds": true, "log_iterations": 10, "deterministic": true}}