{"train_set_size": 10206, "validation_set_size": 1133, "test_set_size": 1850, "compression_set_size": 109, "complement_error": 0.0, "complement_loss": 0.0003660217043943703, "validation_error": 0.011519539169967175, "validation_loss": 0.06275727599859238, "test_error": 0.004520561080425978, "test_loss": 0.025512658059597015, "brute_force_binomial_tail_inversion": 0.059039999999999995, "beta_ppf": 1.0, "beta_isf": 0.05904035670074595, "binomial_approximation_shah": 0.05904035670074592, "binomial_approximation_sokolova": 0.05908673724518321, "p2l_bound": 0.012625532527321882, "p2l_upper_bound": 0.028218854891211245, "kl_bound": 0.05953443702310324, "nbr_parameter_bounds": 20, "min_val_linear_bound": 0.1802848627894767, "min_param_linear_bound": 0.5455594781168515, "min_val_catoni_bound": 0.05931949357716404, "min_param_catoni_bound": 69.51927961775604, "config": {"seed": 4, "prior_size": 0.0, "pretraining_epochs": null, "pretraining_lr": null, "model_type": "cnn", "dropout_probability": 0.1, "optimizer": "Adam", "training_lr": 0.001, "momentum": null, "nesterov": null, "max_compression_size": -1, "data_groupsize": 1, "patience": 3, "dataset": "mnist", "n_classes": 2, "first_class": 5, "second_class": 6, "validation_size": 0.1, "max_epochs": 200, "batch_size": 64, "delta": 0.01, "nbr_parameter_bounds": 20, "classic_bounds": true, "p2l_bounds": true, "real_bounds": true, "log_iterations": 10, "deterministic": true}}