{"train_set_size": 11707, "validation_set_size": 1300, "test_set_size": 2163, "compression_set_size": 111, "complement_error": 0.0, "complement_loss": 3.5689921787707135e-05, "validation_error": 0.004026181995868683, "validation_loss": 0.4774874746799469, "test_error": 0.003217798424884677, "test_loss": 0.17603524029254913, "brute_force_binomial_tail_inversion": 0.053599999999999995, "beta_ppf": 1.0, "beta_isf": 0.05360028722676084, "binomial_approximation_shah": 0.05360028722676091, "binomial_approximation_sokolova": 0.05364090582932102, "p2l_bound": 0.011197373248236414, "p2l_upper_bound": 0.024913964620190257, "kl_bound": 0.05403864663094282, "nbr_parameter_bounds": 20, "min_val_linear_bound": 0.1696478723410983, "min_param_linear_bound": 0.5455594781168515, "min_val_catoni_bound": 0.0538447503152818, "min_param_catoni_bound": 69.51927961775604, "config": {"seed": 3, "prior_size": 0.0, "pretraining_epochs": null, "pretraining_lr": null, "model_type": "mlp", "dropout_probability": 0.2, "optimizer": "Adam", "training_lr": 0.005, "momentum": null, "nesterov": null, "max_compression_size": -1, "data_groupsize": 1, "patience": 3, "dataset": "mnist", "n_classes": 2, "first_class": 1, "second_class": 7, "validation_size": 0.1, "max_epochs": 200, "batch_size": 64, "delta": 0.01, "nbr_parameter_bounds": 20, "classic_bounds": true, "p2l_bounds": true, "real_bounds": true, "log_iterations": 10, "deterministic": true}}