{"prior_set_size": 6000, "train_set_size": 48000, "validation_set_size": 6000, "test_set_size": 10000, "compression_set_size": 5728, "complement_error": 0.0, "validation_error": 0.014224832877516747, "test_error": 0.013568557798862457, "complement_loss": 3.124664260667487e-07, "validation_loss": 0.1364476978778839, "test_loss": 0.133897602558136, "brute_force_binomial_tail_inversion": 1, "beta_ppf": 1.0, "beta_isf": 1.0, "binomial_approximation_shah": 0.34001716330937937, "binomial_approximation_sokolova": 0.3400249337419061, "p2l_bound": 0.1232867911333839, "p2l_upper_bound": 0.14808939867478396, "kl_bound": 0.34011113177984953, "nbr_parameter_bounds": 20, "min_val_linear_bound": 0.46990263158039647, "min_param_linear_bound": 2.335721469090121, "min_val_catoni_bound": 0.3400639333185539, "min_param_catoni_bound": 69.51927961775604, "CE_kl_bound": 3.9156777687447555, "CE_nbr_parameter_bounds": 20, "CE_min_val_linear_bound": 5.3728332040452775, "CE_min_param_linear_bound": 0.1274274985703132, "CE_min_val_catoni_bound": 3.9151349883873428, "CE_min_param_catoni_bound": 20.6913808111479, "config": {"seed": 42, "prior_size": 0.1, "pretraining_epochs": 50, "pretraining_lr": 0.01, "model_type": "cnn", "dropout_probability": 0.1, "optimizer": "Adam", "training_lr": 0.005, "momentum": null, "nesterov": null, "max_compression_size": 40000, "data_groupsize": 32, "patience": 3, "dataset": "mnist", "n_classes": 10, "first_class": null, "second_class": null, "validation_size": 0.1, "max_epochs": 200, "batch_size": 64, "delta": 0.01, "nbr_parameter_bounds": 20, "classic_bounds": true, "p2l_bounds": true, "real_bounds": true, "log_iterations": 10, "deterministic": true, "clamping": true, "min_probability": 1e-05, "regression": false, "early_stopping": false}}