{"train_set_size": 11707, "validation_set_size": 1300, "test_set_size": 2163, "compression_set_size": 125, "complement_error": 0.0, "complement_loss": 2.7380778192309663e-05, "validation_error": 0.0014479651581496, "validation_loss": 0.011817079037427902, "test_error": 0.0, "test_loss": 0.0001247077452717349, "brute_force_binomial_tail_inversion": 0.058911, "beta_ppf": 1.0, "beta_isf": 0.05891105870553162, "binomial_approximation_shah": 0.058911058705531594, "binomial_approximation_sokolova": 0.05895149819674972, "p2l_bound": 0.012520211450386868, "p2l_upper_bound": 0.027073773678631168, "kl_bound": 0.059347436763346195, "nbr_parameter_bounds": 20, "min_val_linear_bound": 0.17996328011234675, "min_param_linear_bound": 0.5455594781168515, "min_val_catoni_bound": 0.059154443780625954, "min_param_catoni_bound": 69.51927961775604, "config": {"seed": 1, "prior_size": 0.0, "pretraining_epochs": null, "pretraining_lr": null, "model_type": "cnn", "dropout_probability": 0.1, "optimizer": "Adam", "training_lr": 0.01, "momentum": null, "nesterov": null, "max_compression_size": -1, "data_groupsize": 1, "patience": 3, "dataset": "mnist", "n_classes": 2, "first_class": 1, "second_class": 7, "validation_size": 0.1, "max_epochs": 200, "batch_size": 64, "delta": 0.01, "nbr_parameter_bounds": 20, "classic_bounds": true, "p2l_bounds": true, "real_bounds": true, "log_iterations": 10, "deterministic": true}}