{"train_set_size": 10597, "validation_set_size": 1177, "test_set_size": 1954, "compression_set_size": 170, "complement_error": 0.0, "complement_loss": 4.915786462333926e-07, "validation_error": 0.006127298343926668, "validation_loss": 0.8560125231742859, "test_error": 0.0031167599372565746, "test_loss": 0.1802709549665451, "brute_force_binomial_tail_inversion": 1, "beta_ppf": 1.0, "beta_isf": 1.0, "binomial_approximation_shah": 0.08120324943956048, "binomial_approximation_sokolova": 0.08124710428825055, "p2l_bound": 0.01848627200131089, "p2l_upper_bound": 0.037241339818963805, "kl_bound": 0.08167184423655272, "nbr_parameter_bounds": 20, "min_val_linear_bound": 0.2163836145912036, "min_param_linear_bound": 1.1288378916846884, "min_val_catoni_bound": 0.0814671866906288, "min_param_catoni_bound": 69.51927961775604, "config": {"seed": 42, "prior_size": 0.0, "pretraining_epochs": null, "pretraining_lr": null, "model_type": "mlp", "dropout_probability": 0.1, "optimizer": "Adam", "training_lr": 0.005, "momentum": null, "nesterov": null, "max_compression_size": -1, "data_groupsize": 1, "patience": 3, "dataset": "mnist", "n_classes": 2, "first_class": 0, "second_class": 8, "validation_size": 0.1, "max_epochs": 200, "batch_size": 64, "delta": 0.01, "nbr_parameter_bounds": 20, "classic_bounds": true, "p2l_bounds": true, "real_bounds": true, "log_iterations": 10, "deterministic": true}}