{"prior_set_size": 30000, "train_set_size": 24000, "validation_set_size": 6000, "test_set_size": 10000, "compression_set_size": 2048, "complement_error": 0.0, "complement_loss": 4.668647306971252e-05, "validation_error": 0.011091298423707485, "validation_loss": 0.12202175706624985, "test_error": 0.010270176455378532, "test_loss": 0.1267615407705307, "brute_force_binomial_tail_inversion": 1, "beta_ppf": 1.0, "beta_isf": 1.0, "binomial_approximation_shah": 0.2735057071177539, "binomial_approximation_sokolova": 0.27352217816050495, "p2l_bound": 0.08981340350210665, "p2l_upper_bound": 0.1191250442620502, "kl_bound": 0.27369403932243586, "nbr_parameter_bounds": 20, "min_val_linear_bound": 0.42428190599637783, "min_param_linear_bound": 1.1288378916846884, "min_val_catoni_bound": 0.2736048431374275, "min_param_catoni_bound": 69.51927961775604, "config": {"seed": 1, "prior_size": 0.5, "pretraining_epochs": 50, "pretraining_lr": 0.001, "model_type": "cnn", "dropout_probability": 0.1, "optimizer": "Adam", "training_lr": 0.005, "momentum": null, "nesterov": null, "max_compression_size": -1, "data_groupsize": 32, "patience": 3, "dataset": "mnist", "n_classes": 2, "first_class": -1, "second_class": -1, "validation_size": 0.1, "max_epochs": 200, "batch_size": 64, "delta": 0.01, "nbr_parameter_bounds": 20, "classic_bounds": true, "p2l_bounds": true, "real_bounds": true, "log_iterations": 10, "deterministic": true}}