{"prior_set_size": 30000, "train_set_size": 24000, "validation_set_size": 6000, "test_set_size": 10000, "compression_set_size": 1920, "complement_error": 0.0, "complement_loss": 0.00016738877457100898, "validation_error": 0.01169677171856165, "validation_loss": 0.07958202809095383, "test_error": 0.015316920354962349, "test_loss": 0.0826762244105339, "brute_force_binomial_tail_inversion": 1, "beta_ppf": 1.0, "beta_isf": 1.0, "binomial_approximation_shah": 0.2619289638993305, "binomial_approximation_sokolova": 0.2619456004046702, "p2l_bound": 0.08432861662702634, "p2l_upper_bound": 0.11268255426043933, "kl_bound": 0.26211928483098745, "nbr_parameter_bounds": 20, "min_val_linear_bound": 0.41027614065746987, "min_param_linear_bound": 1.1288378916846884, "min_val_catoni_bound": 0.262029095839339, "min_param_catoni_bound": 69.51927961775604, "CE_kl_bound": 3.019131203479591, "CE_nbr_parameter_bounds": 20, "CE_min_val_linear_bound": 4.495941261250672, "CE_min_param_linear_bound": 0.1274274985703132, "CE_min_val_catoni_bound": 3.0192770345704623, "CE_min_param_catoni_bound": 20.6913808111479, "config": {"seed": 1, "prior_size": 0.5, "pretraining_epochs": 100, "pretraining_lr": 0.0001, "model_type": "cnn", "dropout_probability": 0.1, "optimizer": "Adam", "training_lr": 0.001, "momentum": null, "nesterov": null, "max_compression_size": -1, "data_groupsize": 32, "patience": 3, "dataset": "mnist", "n_classes": 10, "first_class": null, "second_class": null, "validation_size": 0.1, "max_epochs": 200, "batch_size": 64, "delta": 0.01, "nbr_parameter_bounds": 20, "classic_bounds": true, "p2l_bounds": true, "real_bounds": true, "log_iterations": 10, "deterministic": true, "clamping": true, "min_probability": 1e-05}}