{"prior_set_size": 12000, "train_set_size": 42000, "validation_set_size": 6000, "test_set_size": 10000, "compression_set_size": 1312, "complement_error": 0.0, "complement_loss": 0.0017332969000563025, "validation_error": 0.010570161044597626, "validation_loss": 0.036354754120111465, "test_error": 0.01174957025796175, "test_loss": 0.043038465082645416, "brute_force_binomial_tail_inversion": 1, "beta_ppf": 1.0, "beta_isf": 1.0, "binomial_approximation_shah": 0.13400019362958981, "binomial_approximation_sokolova": 0.13401078657418053, "p2l_bound": 0.03327157421445562, "p2l_upper_bound": 0.04657612988813166, "kl_bound": 0.13412788789719343, "nbr_parameter_bounds": 20, "min_val_linear_bound": 0.26862014145767005, "min_param_linear_bound": 1.1288378916846884, "min_val_catoni_bound": 0.13406395218409928, "min_param_catoni_bound": 69.51927961775604, "config": {"seed": 2, "prior_size": 0.2, "pretraining_epochs": 50, "pretraining_lr": 0.0001, "model_type": "cnn", "dropout_probability": 0.2, "optimizer": "Adam", "training_lr": 0.0001, "momentum": null, "nesterov": null, "max_compression_size": -1, "data_groupsize": 32, "patience": 3, "dataset": "mnist", "n_classes": 2, "first_class": -1, "second_class": -1, "validation_size": 0.1, "max_epochs": 200, "batch_size": 64, "delta": 0.01, "nbr_parameter_bounds": 20, "classic_bounds": true, "p2l_bounds": true, "real_bounds": true, "log_iterations": 10, "deterministic": true}}