{"prior_set_size": 12000, "train_set_size": 42000, "validation_set_size": 6000, "test_set_size": 10000, "compression_set_size": 1696, "complement_error": 0.0, "validation_error": 0.019951852038502693, "test_error": 0.018115641549229622, "complement_loss": 0.0021226119715720415, "validation_loss": 0.08047716319561005, "test_loss": 0.07584216445684433, "brute_force_binomial_tail_inversion": 1, "beta_ppf": 1.0, "beta_isf": 1.0, "binomial_approximation_shah": 0.16192864847137567, "binomial_approximation_sokolova": 0.16193899746377827, "p2l_bound": 0.04272824687255723, "p2l_upper_bound": 0.057896289003079575, "kl_bound": 0.16205330286175013, "nbr_parameter_bounds": 20, "min_val_linear_bound": 0.2976607546587604, "min_param_linear_bound": 1.1288378916846884, "min_val_catoni_bound": 0.1619909386681746, "min_param_catoni_bound": 69.51927961775604, "CE_kl_bound": 1.8798631282878764, "CE_nbr_parameter_bounds": 20, "CE_min_val_linear_bound": 3.5002741789929797, "CE_min_param_linear_bound": 0.1274274985703132, "CE_min_val_catoni_bound": 1.8799147855912661, "CE_min_param_catoni_bound": 6.1584821106602545, "config": {"seed": 3, "prior_size": 0.2, "pretraining_epochs": 50, "pretraining_lr": 0.01, "model_type": "cnn", "dropout_probability": 0.1, "optimizer": "Adam", "training_lr": 0.001, "momentum": null, "nesterov": null, "max_compression_size": 40000, "data_groupsize": 32, "patience": 3, "dataset": "mnist", "n_classes": 10, "first_class": null, "second_class": null, "validation_size": 0.1, "max_epochs": 200, "batch_size": 64, "delta": 0.01, "nbr_parameter_bounds": 20, "classic_bounds": true, "p2l_bounds": true, "real_bounds": true, "log_iterations": 10, "deterministic": true, "clamping": true, "min_probability": 1e-05, "regression": false, "early_stopping": false}}