{"train_set_size": 10612, "validation_set_size": 1179, "test_set_size": 1991, "compression_set_size": 487, "complement_error": 0.0, "complement_loss": 1.5828032701392658e-05, "validation_error": 0.005629907362163067, "validation_loss": 0.21874845027923584, "test_error": 0.010213502682745457, "test_loss": 0.24550825357437134, "brute_force_binomial_tail_inversion": 1, "beta_ppf": 1.0, "beta_isf": 1.0, "binomial_approximation_shah": 0.17841984592593785, "binomial_approximation_sokolova": 0.17846023018682433, "p2l_bound": 0.050383854453224006, "p2l_upper_bound": 0.08227174699907294, "kl_bound": 0.17885016184300184, "nbr_parameter_bounds": 20, "min_val_linear_bound": 0.31546250042155355, "min_param_linear_bound": 1.1288378916846884, "min_val_catoni_bound": 0.17866289482571096, "min_param_catoni_bound": 69.51927961775604, "config": {"seed": 42, "prior_size": 0.0, "pretraining_epochs": null, "pretraining_lr": null, "model_type": "cnn", "dropout_probability": 0.2, "optimizer": "Adam", "training_lr": 0.01, "momentum": null, "nesterov": null, "max_compression_size": -1, "data_groupsize": 1, "patience": 3, "dataset": "mnist", "n_classes": 2, "first_class": 4, "second_class": 9, "validation_size": 0.1, "max_epochs": 200, "batch_size": 64, "delta": 0.01, "nbr_parameter_bounds": 20, "classic_bounds": true, "p2l_bounds": true, "real_bounds": true, "log_iterations": 10, "deterministic": true}}