{"prior_set_size": 30000, "train_set_size": 24000, "validation_set_size": 6000, "test_set_size": 10000, "compression_set_size": 2080, "complement_error": 0.0, "complement_loss": 0.00023842655355110765, "validation_error": 0.018618425354361534, "validation_loss": 0.1070515364408493, "test_error": 0.0179797001183033, "test_loss": 0.10302887856960297, "brute_force_binomial_tail_inversion": 1, "beta_ppf": 1.0, "beta_isf": 1.0, "binomial_approximation_shah": 0.27634647630411513, "binomial_approximation_sokolova": 0.2763629068921104, "p2l_bound": 0.09118375453671129, "p2l_upper_bound": 0.12073039322481575, "kl_bound": 0.2765343217179179, "nbr_parameter_bounds": 20, "min_val_linear_bound": 0.4277528270102019, "min_param_linear_bound": 1.1288378916846884, "min_val_catoni_bound": 0.27644536882622606, "min_param_catoni_bound": 69.51927961775604, "CE_kl_bound": 3.1855859080921514, "CE_nbr_parameter_bounds": 20, "CE_min_val_linear_bound": 4.650832459492636, "CE_min_param_linear_bound": 0.1274274985703132, "CE_min_val_catoni_bound": 3.186263731088411, "CE_min_param_catoni_bound": 20.6913808111479, "config": {"seed": 1, "prior_size": 0.5, "pretraining_epochs": 50, "pretraining_lr": 0.01, "model_type": "cnn", "dropout_probability": 0.1, "optimizer": "Adam", "training_lr": 0.005, "momentum": null, "nesterov": null, "max_compression_size": -1, "data_groupsize": 32, "patience": 3, "dataset": "mnist", "n_classes": 10, "first_class": null, "second_class": null, "validation_size": 0.1, "max_epochs": 200, "batch_size": 64, "delta": 0.01, "nbr_parameter_bounds": 20, "classic_bounds": true, "p2l_bounds": true, "real_bounds": true, "log_iterations": 10, "deterministic": true, "clamping": true, "min_probability": 1e-05}}