{"prior_set_size": 12000, "train_set_size": 42000, "validation_set_size": 6000, "test_set_size": 10000, "compression_set_size": 3936, "complement_error": 0.0, "validation_error": 0.016209784895181656, "test_error": 0.016018202528357506, "complement_loss": 8.986096872831695e-06, "validation_loss": 0.12050051987171173, "test_loss": 0.1236485168337822, "brute_force_binomial_tail_inversion": 1, "beta_ppf": 1.0, "beta_isf": 1.0, "binomial_approximation_shah": 0.29082249504455193, "binomial_approximation_sokolova": 0.2908317677313743, "p2l_bound": 0.09741471090507028, "p2l_upper_bound": 0.12078403135327824, "kl_bound": 0.29093365278095007, "nbr_parameter_bounds": 20, "min_val_linear_bound": 0.43912662015301873, "min_param_linear_bound": 2.335721469090121, "min_val_catoni_bound": 0.29087830689668237, "min_param_catoni_bound": 69.51927961775604, "CE_kl_bound": 3.349587765144513, "CE_nbr_parameter_bounds": 20, "CE_min_val_linear_bound": 4.808723524648302, "CE_min_param_linear_bound": 0.1274274985703132, "CE_min_val_catoni_bound": 3.348992119437474, "CE_min_param_catoni_bound": 20.6913808111479, "config": {"seed": 3, "prior_size": 0.2, "pretraining_epochs": 100, "pretraining_lr": 0.01, "model_type": "cnn", "dropout_probability": 0.2, "optimizer": "Adam", "training_lr": 0.005, "momentum": null, "nesterov": null, "max_compression_size": 40000, "data_groupsize": 32, "patience": 3, "dataset": "mnist", "n_classes": 10, "first_class": null, "second_class": null, "validation_size": 0.1, "max_epochs": 200, "batch_size": 64, "delta": 0.01, "nbr_parameter_bounds": 20, "classic_bounds": true, "p2l_bounds": true, "real_bounds": true, "log_iterations": 10, "deterministic": true, "clamping": true, "min_probability": 1e-05, "regression": false, "early_stopping": false}}