{"train_set_size": 11707, "validation_set_size": 1300, "test_set_size": 2163, "compression_set_size": 122, "complement_error": 0.0, "complement_loss": 0.00015178817557170987, "validation_error": 0.00301847024820745, "validation_loss": 0.32006531953811646, "test_error": 0.003820525947958231, "test_loss": 0.2508314251899719, "brute_force_binomial_tail_inversion": 1, "beta_ppf": 1.0, "beta_isf": 0.05778597899252955, "binomial_approximation_shah": 0.057785978992529574, "binomial_approximation_sokolova": 0.05782645634517347, "p2l_bound": 0.012237288666640232, "p2l_upper_bound": 0.02661546314264653, "kl_bound": 0.05822277534753084, "nbr_parameter_bounds": 20, "min_val_linear_bound": 0.1777731223862837, "min_param_linear_bound": 0.5455594781168515, "min_val_catoni_bound": 0.05802959194341528, "min_param_catoni_bound": 69.51927961775604, "config": {"seed": 1, "prior_size": 0.0, "pretraining_epochs": null, "pretraining_lr": null, "model_type": "mlp", "dropout_probability": 0.2, "optimizer": "Adam", "training_lr": 0.01, "momentum": null, "nesterov": null, "max_compression_size": -1, "data_groupsize": 1, "patience": 3, "dataset": "mnist", "n_classes": 2, "first_class": 1, "second_class": 7, "validation_size": 0.1, "max_epochs": 200, "batch_size": 64, "delta": 0.01, "nbr_parameter_bounds": 20, "classic_bounds": true, "p2l_bounds": true, "real_bounds": true, "log_iterations": 10, "deterministic": true}}