{"prior_set_size": 6000, "train_set_size": 48000, "validation_set_size": 6000, "test_set_size": 10000, "compression_set_size": 2816, "complement_error": 0.0, "complement_loss": 0.00014871683379169554, "validation_error": 0.012228175066411495, "validation_loss": 0.06517042219638824, "test_error": 0.012125728651881218, "test_loss": 0.06497964262962341, "brute_force_binomial_tail_inversion": 1, "beta_ppf": 1.0, "beta_isf": 1.0, "binomial_approximation_shah": 0.21144692347585714, "binomial_approximation_sokolova": 0.21145560931472107, "p2l_bound": 0.06138858658758303, "p2l_upper_bound": 0.07858710511359554, "kl_bound": 0.21155254263430834, "nbr_parameter_bounds": 20, "min_val_linear_bound": 0.3516060529411982, "min_param_linear_bound": 1.1288378916846884, "min_val_catoni_bound": 0.21149920338891437, "min_param_catoni_bound": 69.51927961775604, "config": {"seed": 2, "prior_size": 0.1, "pretraining_epochs": 50, "pretraining_lr": 0.01, "model_type": "cnn", "dropout_probability": 0.1, "optimizer": "Adam", "training_lr": 0.001, "momentum": null, "nesterov": null, "max_compression_size": -1, "data_groupsize": 32, "patience": 3, "dataset": "mnist", "n_classes": 2, "first_class": -1, "second_class": -1, "validation_size": 0.1, "max_epochs": 200, "batch_size": 64, "delta": 0.01, "nbr_parameter_bounds": 20, "classic_bounds": true, "p2l_bounds": true, "real_bounds": true, "log_iterations": 10, "deterministic": true}}