{"prior_set_size": 12000, "train_set_size": 42000, "validation_set_size": 6000, "test_set_size": 10000, "compression_set_size": 12864, "complement_error": 0.0, "validation_error": 0.039685554802417755, "test_error": 0.03936174139380455, "complement_loss": 0.0, "validation_loss": 0.46243610978126526, "test_loss": 0.4386427104473114, "brute_force_binomial_tail_inversion": 1, "beta_ppf": 1.0, "beta_isf": 1.0, "binomial_approximation_shah": 0.5888304946947189, "binomial_approximation_sokolova": 0.5888375182202321, "p2l_bound": 0.3126821663033749, "p2l_upper_bound": 0.35620493976462875, "kl_bound": 0.5889128027483821, "nbr_parameter_bounds": 20, "min_val_linear_bound": 0.6725125042527125, "min_param_linear_bound": 2.335721469090121, "min_val_catoni_bound": 0.5888727685289898, "min_param_catoni_bound": 69.51927961775604, "CE_kl_bound": 6.780109203408838, "CE_nbr_parameter_bounds": 20, "CE_min_val_linear_bound": 7.739659340752004, "CE_min_param_linear_bound": 0.2636650898730355, "CE_min_val_catoni_bound": 6.779648292424926, "CE_min_param_catoni_bound": 69.51927961775604, "config": {"seed": 3, "prior_size": 0.2, "pretraining_epochs": 50, "pretraining_lr": 0.0001, "model_type": "cnn", "dropout_probability": 0.1, "optimizer": "Adam", "training_lr": 0.005, "momentum": null, "nesterov": null, "max_compression_size": 40000, "data_groupsize": 32, "patience": 3, "dataset": "mnist", "n_classes": 10, "first_class": null, "second_class": null, "validation_size": 0.1, "max_epochs": 200, "batch_size": 64, "delta": 0.01, "nbr_parameter_bounds": 20, "classic_bounds": true, "p2l_bounds": true, "real_bounds": true, "log_iterations": 10, "deterministic": true, "clamping": true, "min_probability": 1e-05, "regression": false, "early_stopping": false}}