{"prior_set_size": 6000, "train_set_size": 48000, "validation_set_size": 6000, "test_set_size": 10000, "compression_set_size": 4064, "complement_error": 0.0, "complement_loss": 6.12176809227094e-05, "validation_error": 0.008608145639300346, "validation_loss": 0.06480901688337326, "test_error": 0.010264754295349121, "test_loss": 0.0707562267780304, "brute_force_binomial_tail_inversion": 1, "beta_ppf": 1.0, "beta_isf": 1.0, "binomial_approximation_shah": 0.27183529793859784, "binomial_approximation_sokolova": 0.27184354643049113, "p2l_bound": 0.08797856714840359, "p2l_upper_bound": 0.1087478644592548, "kl_bound": 0.27193536702543497, "nbr_parameter_bounds": 20, "min_val_linear_bound": 0.42218690389732516, "min_param_linear_bound": 1.1288378916846884, "min_val_catoni_bound": 0.271884945428863, "min_param_catoni_bound": 69.51927961775604, "config": {"seed": 1, "prior_size": 0.1, "pretraining_epochs": 50, "pretraining_lr": 0.0001, "model_type": "cnn", "dropout_probability": 0.2, "optimizer": "Adam", "training_lr": 0.005, "momentum": null, "nesterov": null, "max_compression_size": -1, "data_groupsize": 32, "patience": 3, "dataset": "mnist", "n_classes": 2, "first_class": -1, "second_class": -1, "validation_size": 0.1, "max_epochs": 200, "batch_size": 64, "delta": 0.01, "nbr_parameter_bounds": 20, "classic_bounds": true, "p2l_bounds": true, "real_bounds": true, "log_iterations": 10, "deterministic": true}}