{"prior_set_size": 30000, "train_set_size": 24000, "validation_set_size": 6000, "test_set_size": 10000, "compression_set_size": 1728, "complement_error": 0.0, "validation_error": 0.014674818143248558, "test_error": 0.013828185386955738, "complement_loss": 5.165520269656554e-05, "validation_loss": 0.09075889736413956, "test_loss": 0.08365759998559952, "brute_force_binomial_tail_inversion": 1, "beta_ppf": 1.0, "beta_isf": 1.0, "binomial_approximation_shah": 0.24387715960004896, "binomial_approximation_sokolova": 0.2438940560782128, "p2l_bound": 0.07609045712277293, "p2l_upper_bound": 0.10294954786417561, "kl_bound": 0.24407060164958239, "nbr_parameter_bounds": 20, "min_val_linear_bound": 0.38886921833911753, "min_param_linear_bound": 1.1288378916846884, "min_val_catoni_bound": 0.2439788563162969, "min_param_catoni_bound": 69.51927961775604, "CE_kl_bound": 2.8104424078449606, "CE_nbr_parameter_bounds": 20, "CE_min_val_linear_bound": 4.30618871201163, "CE_min_param_linear_bound": 0.1274274985703132, "CE_min_val_catoni_bound": 2.8097184017979555, "CE_min_param_catoni_bound": 20.6913808111479, "config": {"seed": 42, "prior_size": 0.5, "pretraining_epochs": 50, "pretraining_lr": 0.0001, "model_type": "cnn", "dropout_probability": 0.1, "optimizer": "Adam", "training_lr": 0.001, "momentum": null, "nesterov": null, "max_compression_size": 40000, "data_groupsize": 32, "patience": 3, "dataset": "mnist", "n_classes": 10, "first_class": null, "second_class": null, "validation_size": 0.1, "max_epochs": 200, "batch_size": 64, "delta": 0.01, "nbr_parameter_bounds": 20, "classic_bounds": true, "p2l_bounds": true, "real_bounds": true, "log_iterations": 10, "deterministic": true, "clamping": true, "min_probability": 1e-05, "regression": false, "early_stopping": false}}