{"train_set_size": 10881, "validation_set_size": 1208, "test_set_size": 2042, "compression_set_size": 213, "complement_error": 0.0, "complement_loss": 0.00011743523646146059, "validation_error": 0.0025386305060237646, "validation_loss": 0.06194961071014404, "test_error": 0.0028709557373076677, "test_loss": 0.020240899175405502, "brute_force_binomial_tail_inversion": 1, "beta_ppf": 1.0, "beta_isf": 1.0, "binomial_approximation_shah": 0.09466864689380694, "binomial_approximation_sokolova": 0.09471088284972862, "p2l_bound": 0.022294977339429343, "p2l_upper_bound": 0.04275290339131391, "kl_bound": 0.09512091521173716, "nbr_parameter_bounds": 20, "min_val_linear_bound": 0.2294567326136015, "min_param_linear_bound": 1.1288378916846884, "min_val_catoni_bound": 0.09492284164307896, "min_param_catoni_bound": 69.51927961775604, "config": {"seed": 2, "prior_size": 0.0, "pretraining_epochs": null, "pretraining_lr": null, "model_type": "cnn", "dropout_probability": 0.2, "optimizer": "Adam", "training_lr": 0.005, "momentum": null, "nesterov": null, "max_compression_size": -1, "data_groupsize": 1, "patience": 3, "dataset": "mnist", "n_classes": 2, "first_class": 2, "second_class": 3, "validation_size": 0.1, "max_epochs": 200, "batch_size": 64, "delta": 0.01, "nbr_parameter_bounds": 20, "classic_bounds": true, "p2l_bounds": true, "real_bounds": true, "log_iterations": 10, "deterministic": true}}