{"prior_set_size": 12000, "train_set_size": 42000, "validation_set_size": 6000, "test_set_size": 10000, "compression_set_size": 2944, "complement_error": 0.0, "validation_error": 0.0111827552318573, "test_error": 0.011084169149398804, "complement_loss": 1.5509864169871435e-05, "validation_loss": 0.09340497851371765, "test_loss": 0.07065543532371521, "brute_force_binomial_tail_inversion": 1, "beta_ppf": 1.0, "beta_isf": 1.0, "binomial_approximation_shah": 0.23924025083011902, "binomial_approximation_sokolova": 0.2392499453186685, "p2l_bound": 0.07326849080990291, "p2l_upper_bound": 0.09339081793974964, "kl_bound": 0.2393567143008113, "nbr_parameter_bounds": 20, "min_val_linear_bound": 0.3834020411516282, "min_param_linear_bound": 1.1288378916846884, "min_val_catoni_bound": 0.23929860153501326, "min_param_catoni_bound": 69.51927961775604, "CE_kl_bound": 2.7558536525719166, "CE_nbr_parameter_bounds": 20, "CE_min_val_linear_bound": 4.257720659596259, "CE_min_param_linear_bound": 0.1274274985703132, "CE_min_val_catoni_bound": 2.7552710874639343, "CE_min_param_catoni_bound": 20.6913808111479, "config": {"seed": 3, "prior_size": 0.2, "pretraining_epochs": 50, "pretraining_lr": 0.0001, "model_type": "cnn", "dropout_probability": 0.1, "optimizer": "Adam", "training_lr": 0.001, "momentum": null, "nesterov": null, "max_compression_size": 40000, "data_groupsize": 32, "patience": 3, "dataset": "mnist", "n_classes": 10, "first_class": null, "second_class": null, "validation_size": 0.1, "max_epochs": 200, "batch_size": 64, "delta": 0.01, "nbr_parameter_bounds": 20, "classic_bounds": true, "p2l_bounds": true, "real_bounds": true, "log_iterations": 10, "deterministic": true, "clamping": true, "min_probability": 1e-05, "regression": false, "early_stopping": false}}