{"train_set_size": 10881, "validation_set_size": 1208, "test_set_size": 2042, "compression_set_size": 420, "complement_error": 0.0, "complement_loss": 0.0004705211613327265, "validation_error": 0.01317353080958128, "validation_loss": 1.6194531917572021, "test_error": 0.004299090709537268, "test_loss": 0.43201744556427, "brute_force_binomial_tail_inversion": 1, "beta_ppf": 1.0, "beta_isf": 1.0, "binomial_approximation_shah": 0.15743003385254528, "binomial_approximation_sokolova": 0.15747011963321367, "p2l_bound": 0.04262966499405509, "p2l_upper_bound": 0.07147226068975936, "kl_bound": 0.15785848628729582, "nbr_parameter_bounds": 20, "min_val_linear_bound": 0.2931061417079464, "min_param_linear_bound": 1.1288378916846884, "min_val_catoni_bound": 0.15767128733286728, "min_param_catoni_bound": 69.51927961775604, "config": {"seed": 42, "prior_size": 0.0, "pretraining_epochs": null, "pretraining_lr": null, "model_type": "mlp", "dropout_probability": 0.1, "optimizer": "Adam", "training_lr": 0.01, "momentum": null, "nesterov": null, "max_compression_size": -1, "data_groupsize": 1, "patience": 3, "dataset": "mnist", "n_classes": 2, "first_class": 2, "second_class": 3, "validation_size": 0.1, "max_epochs": 200, "batch_size": 64, "delta": 0.01, "nbr_parameter_bounds": 20, "classic_bounds": true, "p2l_bounds": true, "real_bounds": true, "log_iterations": 10, "deterministic": true}}