{"prior_set_size": 30000, "train_set_size": 24000, "validation_set_size": 6000, "test_set_size": 10000, "compression_set_size": 13216, "complement_error": 0.0, "complement_loss": 0.0, "validation_error": 0.10261332988739014, "validation_loss": 1.1608866453170776, "test_error": 0.08524900674819946, "test_loss": 0.9832026958465576, "brute_force_binomial_tail_inversion": 1, "beta_ppf": 1.0, "beta_isf": 1.0, "binomial_approximation_shah": 0.7840938490883362, "binomial_approximation_sokolova": 0.7841038133017079, "p2l_bound": 0.5600033317310738, "p2l_upper_bound": 0.6392517569492467, "kl_bound": 0.7842006562277675, "nbr_parameter_bounds": 20, "min_val_linear_bound": 0.9213543053495576, "min_param_linear_bound": 4.832930238571752, "min_val_catoni_bound": 0.7841538182272869, "min_param_catoni_bound": 69.51927961775604, "CE_kl_bound": 9.028443704731028, "CE_nbr_parameter_bounds": 20, "CE_min_val_linear_bound": 10.183428820971063, "CE_min_param_linear_bound": 0.2636650898730355, "CE_min_val_catoni_bound": 9.027904462322567, "CE_min_param_catoni_bound": 69.51927961775604, "config": {"seed": 2, "prior_size": 0.5, "pretraining_epochs": 50, "pretraining_lr": 0.001, "model_type": "cnn", "dropout_probability": 0.2, "optimizer": "Adam", "training_lr": 0.005, "momentum": null, "nesterov": null, "max_compression_size": -1, "data_groupsize": 32, "patience": 3, "dataset": "mnist", "n_classes": 10, "first_class": null, "second_class": null, "validation_size": 0.1, "max_epochs": 200, "batch_size": 64, "delta": 0.01, "nbr_parameter_bounds": 20, "classic_bounds": true, "p2l_bounds": true, "real_bounds": true, "log_iterations": 10, "deterministic": true, "clamping": true, "min_probability": 1e-05}}