{"prior_set_size": 12000, "train_set_size": 42000, "validation_set_size": 6000, "test_set_size": 10000, "compression_set_size": 3168, "complement_error": 0.0, "validation_error": 0.011539031751453876, "test_error": 0.012166351079940796, "complement_loss": 4.2094547097804025e-05, "validation_loss": 0.09580761939287186, "test_loss": 0.08645326644182205, "brute_force_binomial_tail_inversion": 1, "beta_ppf": 1.0, "beta_isf": 1.0, "binomial_approximation_shah": 0.25151188336846964, "binomial_approximation_sokolova": 0.25152147649719814, "p2l_bound": 0.07872870132433518, "p2l_upper_bound": 0.09962445269481808, "kl_bound": 0.25162707548588514, "nbr_parameter_bounds": 20, "min_val_linear_bound": 0.3978086437230671, "min_param_linear_bound": 1.1288378916846884, "min_val_catoni_bound": 0.2515696239823587, "min_param_catoni_bound": 69.51927961775604, "CE_kl_bound": 2.8973552977630783, "CE_nbr_parameter_bounds": 20, "CE_min_val_linear_bound": 4.38537055208593, "CE_min_param_linear_bound": 0.1274274985703132, "CE_min_val_catoni_bound": 2.8969541870869415, "CE_min_param_catoni_bound": 20.6913808111479, "config": {"seed": 4, "prior_size": 0.2, "pretraining_epochs": 50, "pretraining_lr": 0.0001, "model_type": "cnn", "dropout_probability": 0.1, "optimizer": "Adam", "training_lr": 0.001, "momentum": null, "nesterov": null, "max_compression_size": 40000, "data_groupsize": 32, "patience": 3, "dataset": "mnist", "n_classes": 10, "first_class": null, "second_class": null, "validation_size": 0.1, "max_epochs": 200, "batch_size": 64, "delta": 0.01, "nbr_parameter_bounds": 20, "classic_bounds": true, "p2l_bounds": true, "real_bounds": true, "log_iterations": 10, "deterministic": true, "clamping": true, "min_probability": 1e-05, "regression": false, "early_stopping": false}}