{"prior_set_size": 6000, "train_set_size": 48000, "validation_set_size": 6000, "test_set_size": 10000, "compression_set_size": 2368, "complement_error": 0.0, "complement_loss": 0.00032042042585089803, "validation_error": 0.014343498274683952, "validation_loss": 0.07010841369628906, "test_error": 0.013821148313581944, "test_loss": 0.06503647565841675, "brute_force_binomial_tail_inversion": 1, "beta_ppf": 1.0, "beta_isf": 1.0, "binomial_approximation_shah": 0.18705740245285218, "binomial_approximation_sokolova": 0.18706626902828694, "p2l_bound": 0.051809739473586275, "p2l_upper_bound": 0.06754650708439917, "kl_bound": 0.1871653078123927, "nbr_parameter_bounds": 20, "min_val_linear_bound": 0.3246212794374281, "min_param_linear_bound": 1.1288378916846884, "min_val_catoni_bound": 0.18711077023066935, "min_param_catoni_bound": 69.51927961775604, "CE_kl_bound": 2.157430166544538, "CE_nbr_parameter_bounds": 20, "CE_min_val_linear_bound": 3.7373063229817562, "CE_min_param_linear_bound": 0.1274274985703132, "CE_min_val_catoni_bound": 2.1595802097631918, "CE_min_param_catoni_bound": 20.6913808111479, "config": {"seed": 3, "prior_size": 0.1, "pretraining_epochs": 50, "pretraining_lr": 0.0001, "model_type": "cnn", "dropout_probability": 0.1, "optimizer": "Adam", "training_lr": 0.0001, "momentum": null, "nesterov": null, "max_compression_size": -1, "data_groupsize": 32, "patience": 3, "dataset": "mnist", "n_classes": 10, "first_class": null, "second_class": null, "validation_size": 0.1, "max_epochs": 200, "batch_size": 64, "delta": 0.01, "nbr_parameter_bounds": 20, "classic_bounds": true, "p2l_bounds": true, "real_bounds": true, "log_iterations": 10, "deterministic": true, "clamping": true, "min_probability": 1e-05}}