{"train_set_size": 10881, "validation_set_size": 1208, "test_set_size": 2042, "compression_set_size": 302, "complement_error": 0.0, "complement_loss": 2.6175710445386358e-05, "validation_error": 0.01067261304706335, "validation_loss": 0.14476467669010162, "test_error": 0.004409863147884607, "test_loss": 0.04392905533313751, "brute_force_binomial_tail_inversion": 1, "beta_ppf": 1.0, "beta_isf": 1.0, "binomial_approximation_shah": 0.12337603324184487, "binomial_approximation_sokolova": 0.12341727397826285, "p2l_bound": 0.03108896805364551, "p2l_upper_bound": 0.05548997272964864, "kl_bound": 0.12381729763001204, "nbr_parameter_bounds": 20, "min_val_linear_bound": 0.25800400873030543, "min_param_linear_bound": 1.1288378916846884, "min_val_catoni_bound": 0.12362423807347644, "min_param_catoni_bound": 69.51927961775604, "config": {"seed": 3, "prior_size": 0.0, "pretraining_epochs": null, "pretraining_lr": null, "model_type": "mlp", "dropout_probability": 0.1, "optimizer": "Adam", "training_lr": 0.0001, "momentum": null, "nesterov": null, "max_compression_size": -1, "data_groupsize": 1, "patience": 3, "dataset": "mnist", "n_classes": 2, "first_class": 2, "second_class": 3, "validation_size": 0.1, "max_epochs": 200, "batch_size": 64, "delta": 0.01, "nbr_parameter_bounds": 20, "classic_bounds": true, "p2l_bounds": true, "real_bounds": true, "log_iterations": 10, "deterministic": true}}