{"train_set_size": 10612, "validation_set_size": 1179, "test_set_size": 1991, "compression_set_size": 666, "complement_error": 0.0, "complement_loss": 0.0031555425375699997, "validation_error": 0.013133947737514973, "validation_loss": 3.0050458908081055, "test_error": 0.013987498357892036, "test_loss": 2.9551637172698975, "brute_force_binomial_tail_inversion": 1, "beta_ppf": 1.0, "beta_isf": 1.0, "binomial_approximation_shah": 0.22244397519067727, "binomial_approximation_sokolova": 0.222482883313175, "p2l_bound": 0.06811120067914418, "p2l_upper_bound": 0.10551998801303251, "kl_bound": 0.22285786364227533, "nbr_parameter_bounds": 20, "min_val_linear_bound": 0.3642552715848388, "min_param_linear_bound": 1.1288378916846884, "min_val_catoni_bound": 0.22267813956967553, "min_param_catoni_bound": 69.51927961775604, "config": {"seed": 1, "prior_size": 0.0, "pretraining_epochs": null, "pretraining_lr": null, "model_type": "mlp", "dropout_probability": 0.2, "optimizer": "Adam", "training_lr": 0.01, "momentum": null, "nesterov": null, "max_compression_size": -1, "data_groupsize": 1, "patience": 3, "dataset": "mnist", "n_classes": 2, "first_class": 4, "second_class": 9, "validation_size": 0.1, "max_epochs": 200, "batch_size": 64, "delta": 0.01, "nbr_parameter_bounds": 20, "classic_bounds": true, "p2l_bounds": true, "real_bounds": true, "log_iterations": 10, "deterministic": true}}