{"train_set_size": 11707, "validation_set_size": 1300, "test_set_size": 2163, "compression_set_size": 78, "complement_error": 0.0, "complement_loss": 0.0034855252597481012, "validation_error": 0.002853384707123041, "validation_loss": 0.027474040165543556, "test_error": 0.0008225372293964028, "test_loss": 0.0063630067743361, "brute_force_binomial_tail_inversion": 0.040382999999999995, "beta_ppf": 1.0, "beta_isf": 0.04038334751925265, "binomial_approximation_shah": 0.040383347519252544, "binomial_approximation_sokolova": 0.040424416508684, "p2l_bound": 0.008048224719246828, "p2l_upper_bound": 0.01956236749819368, "kl_bound": 0.040826684795320034, "nbr_parameter_bounds": 20, "min_val_linear_bound": 0.14422514783300266, "min_param_linear_bound": 0.5455594781168515, "min_val_catoni_bound": 0.04063052133702616, "min_param_catoni_bound": 69.51927961775604, "config": {"seed": 4, "prior_size": 0.0, "pretraining_epochs": null, "pretraining_lr": null, "model_type": "cnn", "dropout_probability": 0.2, "optimizer": "Adam", "training_lr": 0.001, "momentum": null, "nesterov": null, "max_compression_size": -1, "data_groupsize": 1, "patience": 3, "dataset": "mnist", "n_classes": 2, "first_class": 1, "second_class": 7, "validation_size": 0.1, "max_epochs": 200, "batch_size": 64, "delta": 0.01, "nbr_parameter_bounds": 20, "classic_bounds": true, "p2l_bounds": true, "real_bounds": true, "log_iterations": 10, "deterministic": true}}