{"train_set_size": 10597, "validation_set_size": 1177, "test_set_size": 1954, "compression_set_size": 183, "complement_error": 0.0, "complement_loss": 3.666992415674031e-05, "validation_error": 0.0029379520565271378, "validation_loss": 0.12794983386993408, "test_error": 0.004428064916282892, "test_loss": 0.13319836556911469, "brute_force_binomial_tail_inversion": 1, "beta_ppf": 1.0, "beta_isf": 1.0, "binomial_approximation_shah": 0.08597545196594114, "binomial_approximation_sokolova": 0.08601913349309509, "p2l_bound": 0.01982195566749903, "p2l_upper_bound": 0.03928415572175481, "kl_bound": 0.08644213993102312, "nbr_parameter_bounds": 20, "min_val_linear_bound": 0.22099708831012538, "min_param_linear_bound": 1.1288378916846884, "min_val_catoni_bound": 0.08623834605450786, "min_param_catoni_bound": 69.51927961775604, "config": {"seed": 2, "prior_size": 0.0, "pretraining_epochs": null, "pretraining_lr": null, "model_type": "mlp", "dropout_probability": 0.2, "optimizer": "Adam", "training_lr": 0.005, "momentum": null, "nesterov": null, "max_compression_size": -1, "data_groupsize": 1, "patience": 3, "dataset": "mnist", "n_classes": 2, "first_class": 0, "second_class": 8, "validation_size": 0.1, "max_epochs": 200, "batch_size": 64, "delta": 0.01, "nbr_parameter_bounds": 20, "classic_bounds": true, "p2l_bounds": true, "real_bounds": true, "log_iterations": 10, "deterministic": true}}