{"prior_set_size": 12000, "train_set_size": 42000, "validation_set_size": 6000, "test_set_size": 10000, "compression_set_size": 3680, "complement_error": 0.0, "complement_loss": 2.8044178179698065e-05, "validation_error": 0.008319142274558544, "validation_loss": 0.12305895984172821, "test_error": 0.01065670233219862, "test_loss": 0.12493745982646942, "brute_force_binomial_tail_inversion": 1, "beta_ppf": 1.0, "beta_isf": 1.0, "binomial_approximation_shah": 0.27815687768040187, "binomial_approximation_sokolova": 0.2781662529206753, "p2l_bound": 0.09119147562100331, "p2l_upper_bound": 0.11376370747477998, "kl_bound": 0.2782693272456527, "nbr_parameter_bounds": 20, "min_val_linear_bound": 0.4299200082860387, "min_param_linear_bound": 1.1288378916846884, "min_val_catoni_bound": 0.278213306809149, "min_param_catoni_bound": 69.51927961775604, "config": {"seed": 1, "prior_size": 0.2, "pretraining_epochs": 100, "pretraining_lr": 0.001, "model_type": "cnn", "dropout_probability": 0.1, "optimizer": "Adam", "training_lr": 0.005, "momentum": null, "nesterov": null, "max_compression_size": -1, "data_groupsize": 32, "patience": 3, "dataset": "mnist", "n_classes": 2, "first_class": -1, "second_class": -1, "validation_size": 0.1, "max_epochs": 200, "batch_size": 64, "delta": 0.01, "nbr_parameter_bounds": 20, "classic_bounds": true, "p2l_bounds": true, "real_bounds": true, "log_iterations": 10, "deterministic": true}}