{"train_set_size": 10612, "validation_set_size": 1179, "test_set_size": 1991, "compression_set_size": 360, "complement_error": 0.0, "complement_loss": 3.406944961170666e-05, "validation_error": 0.017148377373814583, "validation_loss": 0.42507773637771606, "test_error": 0.008809908293187618, "test_loss": 0.15613140165805817, "brute_force_binomial_tail_inversion": 1, "beta_ppf": 1.0, "beta_isf": 1.0, "binomial_approximation_shah": 0.1432429699921779, "binomial_approximation_sokolova": 0.14328456167017245, "p2l_bound": 0.037705778353544786, "p2l_upper_bound": 0.06505526939952933, "kl_bound": 0.14368667360395193, "nbr_parameter_bounds": 20, "min_val_linear_bound": 0.27831940963219476, "min_param_linear_bound": 1.1288378916846884, "min_val_catoni_bound": 0.14349328600146927, "min_param_catoni_bound": 69.51927961775604, "config": {"seed": 2, "prior_size": 0.0, "pretraining_epochs": null, "pretraining_lr": null, "model_type": "mlp", "dropout_probability": 0.2, "optimizer": "Adam", "training_lr": 0.0001, "momentum": null, "nesterov": null, "max_compression_size": -1, "data_groupsize": 1, "patience": 3, "dataset": "mnist", "n_classes": 2, "first_class": 4, "second_class": 9, "validation_size": 0.1, "max_epochs": 200, "batch_size": 64, "delta": 0.01, "nbr_parameter_bounds": 20, "classic_bounds": true, "p2l_bounds": true, "real_bounds": true, "log_iterations": 10, "deterministic": true}}