{"train_set_size": 10206, "validation_set_size": 1133, "test_set_size": 1850, "compression_set_size": 141, "complement_error": 0.0, "complement_loss": 0.008390165865421295, "validation_error": 0.004457182716578245, "validation_loss": 0.025274742394685745, "test_error": 0.006216567009687424, "test_loss": 0.019873853772878647, "brute_force_binomial_tail_inversion": 1, "beta_ppf": 1.0, "beta_isf": 1.0, "binomial_approximation_shah": 0.07230560439745182, "binomial_approximation_sokolova": 0.07235147646560147, "p2l_bound": 0.016085409305211316, "p2l_upper_bound": 0.033816986946764604, "kl_bound": 0.07279412169009447, "nbr_parameter_bounds": 20, "min_val_linear_bound": 0.20631104696600683, "min_param_linear_bound": 0.5455594781168515, "min_val_catoni_bound": 0.0725816809493316, "min_param_catoni_bound": 69.51927961775604, "config": {"seed": 1, "prior_size": 0.0, "pretraining_epochs": null, "pretraining_lr": null, "model_type": "cnn", "dropout_probability": 0.1, "optimizer": "Adam", "training_lr": 0.0001, "momentum": null, "nesterov": null, "max_compression_size": -1, "data_groupsize": 1, "patience": 3, "dataset": "mnist", "n_classes": 2, "first_class": 5, "second_class": 6, "validation_size": 0.1, "max_epochs": 200, "batch_size": 64, "delta": 0.01, "nbr_parameter_bounds": 20, "classic_bounds": true, "p2l_bounds": true, "real_bounds": true, "log_iterations": 10, "deterministic": true}}