{"prior_set_size": 30000, "train_set_size": 24000, "validation_set_size": 6000, "test_set_size": 10000, "compression_set_size": 8384, "complement_error": 0.0, "complement_loss": 0.0, "validation_error": 0.041961539536714554, "validation_loss": 0.5065690279006958, "test_error": 0.04203491657972336, "test_loss": 0.4570630192756653, "brute_force_binomial_tail_inversion": 1, "beta_ppf": 1.0, "beta_isf": 1.0, "binomial_approximation_shah": 0.6304853520896571, "binomial_approximation_sokolova": 0.630497128768793, "p2l_bound": 0.3578877976710598, "p2l_upper_bound": 0.41935974167771395, "kl_bound": 0.6306159747764468, "nbr_parameter_bounds": 20, "min_val_linear_bound": 0.7182817403845776, "min_param_linear_bound": 2.335721469090121, "min_val_catoni_bound": 0.6305562320066828, "min_param_catoni_bound": 69.51927961775604, "CE_kl_bound": 7.260234714620778, "CE_nbr_parameter_bounds": 20, "CE_min_val_linear_bound": 8.14511380386857, "CE_min_param_linear_bound": 0.2636650898730355, "CE_min_val_catoni_bound": 7.259546900565414, "CE_min_param_catoni_bound": 69.51927961775604, "config": {"seed": 1, "prior_size": 0.5, "pretraining_epochs": 50, "pretraining_lr": 0.0001, "model_type": "cnn", "dropout_probability": 0.1, "optimizer": "Adam", "training_lr": 0.005, "momentum": null, "nesterov": null, "max_compression_size": -1, "data_groupsize": 32, "patience": 3, "dataset": "mnist", "n_classes": 10, "first_class": null, "second_class": null, "validation_size": 0.1, "max_epochs": 200, "batch_size": 64, "delta": 0.01, "nbr_parameter_bounds": 20, "classic_bounds": true, "p2l_bounds": true, "real_bounds": true, "log_iterations": 10, "deterministic": true, "clamping": true, "min_probability": 1e-05}}