{"prior_set_size": 30000, "train_set_size": 24000, "validation_set_size": 6000, "test_set_size": 10000, "compression_set_size": 2528, "complement_error": 0.0, "complement_loss": 8.383273519818601e-10, "validation_error": 0.009924903512001038, "validation_loss": 0.3296915292739868, "test_error": 0.011210133321583271, "test_loss": 0.32342827320098877, "brute_force_binomial_tail_inversion": 1, "beta_ppf": 1.0, "beta_isf": 1.0, "binomial_approximation_shah": 0.31410152826458815, "binomial_approximation_sokolova": 0.3141174265470277, "p2l_bound": 0.1103371410736193, "p2l_upper_bound": 0.14301233595324198, "kl_bound": 0.31428295839577913, "nbr_parameter_bounds": 20, "min_val_linear_bound": 0.4534421344067677, "min_param_linear_bound": 2.335721469090121, "min_val_catoni_bound": 0.314197216829052, "min_param_catoni_bound": 69.51927961775604, "config": {"seed": 1, "prior_size": 0.5, "pretraining_epochs": 100, "pretraining_lr": 0.001, "model_type": "cnn", "dropout_probability": 0.1, "optimizer": "Adam", "training_lr": 0.005, "momentum": null, "nesterov": null, "max_compression_size": -1, "data_groupsize": 32, "patience": 3, "dataset": "mnist", "n_classes": 2, "first_class": -1, "second_class": -1, "validation_size": 0.1, "max_epochs": 200, "batch_size": 64, "delta": 0.01, "nbr_parameter_bounds": 20, "classic_bounds": true, "p2l_bounds": true, "real_bounds": true, "log_iterations": 10, "deterministic": true}}