{"prior_set_size": 12000, "train_set_size": 42000, "validation_set_size": 6000, "test_set_size": 10000, "compression_set_size": 1984, "complement_error": 0.0, "complement_loss": 0.02941899374127388, "validation_error": 0.02210746705532074, "validation_loss": 0.0941888615489006, "test_error": 0.020756905898451805, "test_loss": 0.08669058233499527, "brute_force_binomial_tail_inversion": 1, "beta_ppf": 1.0, "beta_isf": 1.0, "binomial_approximation_shah": 0.18137258009945412, "binomial_approximation_sokolova": 0.18138276174131707, "p2l_bound": 0.049798208984923334, "p2l_upper_bound": 0.06623321040755047, "kl_bound": 0.18149514589458704, "nbr_parameter_bounds": 20, "min_val_linear_bound": 0.3184562270771656, "min_param_linear_bound": 1.1288378916846884, "min_val_catoni_bound": 0.18143386300596842, "min_param_catoni_bound": 69.51927961775604, "CE_kl_bound": 2.221945318534267, "CE_nbr_parameter_bounds": 20, "CE_min_val_linear_bound": 3.7117907448262213, "CE_min_param_linear_bound": 0.1274274985703132, "CE_min_val_catoni_bound": 2.240718695970695, "CE_min_param_catoni_bound": 6.1584821106602545, "config": {"seed": 2, "prior_size": 0.2, "pretraining_epochs": 100, "pretraining_lr": 0.01, "model_type": "cnn", "dropout_probability": 0.1, "optimizer": "Adam", "training_lr": 0.0001, "momentum": null, "nesterov": null, "max_compression_size": -1, "data_groupsize": 32, "patience": 3, "dataset": "mnist", "n_classes": 10, "first_class": null, "second_class": null, "validation_size": 0.1, "max_epochs": 200, "batch_size": 64, "delta": 0.01, "nbr_parameter_bounds": 20, "classic_bounds": true, "p2l_bounds": true, "real_bounds": true, "log_iterations": 10, "deterministic": true, "clamping": true, "min_probability": 1e-05}}