{"train_set_size": 10881, "validation_set_size": 1208, "test_set_size": 2042, "compression_set_size": 522, "complement_error": 0.0, "complement_loss": 0.0007643536082468927, "validation_error": 0.014313656836748123, "validation_loss": 3.5367543697357178, "test_error": 0.007953355088829994, "test_loss": 2.245067596435547, "brute_force_binomial_tail_inversion": 1, "beta_ppf": 1.0, "beta_isf": 1.0, "binomial_approximation_shah": 0.18414439177067665, "binomial_approximation_sokolova": 0.18418358878088303, "p2l_bound": 0.05253234097766449, "p2l_upper_bound": 0.08474821437120067, "kl_bound": 0.1845629597082734, "nbr_parameter_bounds": 20, "min_val_linear_bound": 0.32165066173239787, "min_param_linear_bound": 1.1288378916846884, "min_val_catoni_bound": 0.1843802959705212, "min_param_catoni_bound": 69.51927961775604, "config": {"seed": 3, "prior_size": 0.0, "pretraining_epochs": null, "pretraining_lr": null, "model_type": "mlp", "dropout_probability": 0.2, "optimizer": "Adam", "training_lr": 0.01, "momentum": null, "nesterov": null, "max_compression_size": -1, "data_groupsize": 1, "patience": 3, "dataset": "mnist", "n_classes": 2, "first_class": 2, "second_class": 3, "validation_size": 0.1, "max_epochs": 200, "batch_size": 64, "delta": 0.01, "nbr_parameter_bounds": 20, "classic_bounds": true, "p2l_bounds": true, "real_bounds": true, "log_iterations": 10, "deterministic": true}}