{"prior_set_size": 12000, "train_set_size": 42000, "validation_set_size": 6000, "test_set_size": 10000, "compression_set_size": 2464, "complement_error": 0.0, "complement_loss": 0.0727107971906662, "validation_error": 0.01605841889977455, "validation_loss": 0.10474905371665955, "test_error": 0.02020096965134144, "test_loss": 0.10615643113851547, "brute_force_binomial_tail_inversion": 1, "beta_ppf": 1.0, "beta_isf": 1.0, "binomial_approximation_shah": 0.21148314289866255, "binomial_approximation_sokolova": 0.21149306910789312, "p2l_bound": 0.06154913631950816, "p2l_upper_bound": 0.07991390769586248, "kl_bound": 0.2116025136783719, "nbr_parameter_bounds": 20, "min_val_linear_bound": 0.3516551335796524, "min_param_linear_bound": 1.1288378916846884, "min_val_catoni_bound": 0.21154288834345347, "min_param_catoni_bound": 69.51927961775604, "config": {"seed": 1, "prior_size": 0.2, "pretraining_epochs": 100, "pretraining_lr": 0.01, "model_type": "cnn", "dropout_probability": 0.1, "optimizer": "Adam", "training_lr": 0.0001, "momentum": null, "nesterov": null, "max_compression_size": -1, "data_groupsize": 32, "patience": 3, "dataset": "mnist", "n_classes": 2, "first_class": -1, "second_class": -1, "validation_size": 0.1, "max_epochs": 200, "batch_size": 64, "delta": 0.01, "nbr_parameter_bounds": 20, "classic_bounds": true, "p2l_bounds": true, "real_bounds": true, "log_iterations": 10, "deterministic": true}}