{"prior_set_size": 6000, "train_set_size": 48000, "validation_set_size": 6000, "test_set_size": 10000, "compression_set_size": 2816, "complement_error": 0.0, "complement_loss": 1.203503052238375e-05, "validation_error": 0.011341654695570469, "validation_loss": 0.08552072942256927, "test_error": 0.010411686263978481, "test_loss": 0.0678764060139656, "brute_force_binomial_tail_inversion": 1, "beta_ppf": 1.0, "beta_isf": 1.0, "binomial_approximation_shah": 0.21144692347585714, "binomial_approximation_sokolova": 0.21145560931472107, "p2l_bound": 0.06138858658758303, "p2l_upper_bound": 0.07858710511359554, "kl_bound": 0.21155254263430834, "nbr_parameter_bounds": 20, "min_val_linear_bound": 0.3516060529411982, "min_param_linear_bound": 1.1288378916846884, "min_val_catoni_bound": 0.21149920338891437, "min_param_catoni_bound": 69.51927961775604, "CE_kl_bound": 2.4357163461945572, "CE_nbr_parameter_bounds": 20, "CE_min_val_linear_bound": 3.9760470845237066, "CE_min_param_linear_bound": 0.1274274985703132, "CE_min_val_catoni_bound": 2.435170918479664, "CE_min_param_catoni_bound": 20.6913808111479, "config": {"seed": 3, "prior_size": 0.1, "pretraining_epochs": 50, "pretraining_lr": 0.001, "model_type": "cnn", "dropout_probability": 0.1, "optimizer": "Adam", "training_lr": 0.001, "momentum": null, "nesterov": null, "max_compression_size": -1, "data_groupsize": 32, "patience": 3, "dataset": "mnist", "n_classes": 10, "first_class": null, "second_class": null, "validation_size": 0.1, "max_epochs": 200, "batch_size": 64, "delta": 0.01, "nbr_parameter_bounds": 20, "classic_bounds": true, "p2l_bounds": true, "real_bounds": true, "log_iterations": 10, "deterministic": true, "clamping": true, "min_probability": 1e-05}}