{"prior_set_size": 30000, "train_set_size": 24000, "validation_set_size": 6000, "test_set_size": 10000, "compression_set_size": 1536, "complement_error": 0.0, "complement_loss": 0.0009285408305004239, "validation_error": 0.017786676064133644, "validation_loss": 0.08704997599124908, "test_error": 0.016203485429286957, "test_loss": 0.06441695243120193, "brute_force_binomial_tail_inversion": 1, "beta_ppf": 1.0, "beta_isf": 1.0, "binomial_approximation_shah": 0.2249087923810278, "binomial_approximation_sokolova": 0.22492596469473525, "p2l_bound": 0.06783738699275998, "p2l_upper_bound": 0.09312083336780218, "kl_bound": 0.22510554175823927, "nbr_parameter_bounds": 20, "min_val_linear_bound": 0.36691920300947584, "min_param_linear_bound": 1.1288378916846884, "min_val_catoni_bound": 0.22501214934894387, "min_param_catoni_bound": 69.51927961775604, "CE_kl_bound": 2.5982350382870596, "CE_nbr_parameter_bounds": 20, "CE_min_val_linear_bound": 4.112617701344215, "CE_min_param_linear_bound": 0.1274274985703132, "CE_min_val_catoni_bound": 2.6004799120047237, "CE_min_param_catoni_bound": 6.1584821106602545, "config": {"seed": 2, "prior_size": 0.5, "pretraining_epochs": 100, "pretraining_lr": 0.01, "model_type": "cnn", "dropout_probability": 0.2, "optimizer": "Adam", "training_lr": 0.005, "momentum": null, "nesterov": null, "max_compression_size": -1, "data_groupsize": 32, "patience": 3, "dataset": "mnist", "n_classes": 10, "first_class": null, "second_class": null, "validation_size": 0.1, "max_epochs": 200, "batch_size": 64, "delta": 0.01, "nbr_parameter_bounds": 20, "classic_bounds": true, "p2l_bounds": true, "real_bounds": true, "log_iterations": 10, "deterministic": true, "clamping": true, "min_probability": 1e-05}}