{"train_set_size": 10881, "validation_set_size": 1208, "test_set_size": 2042, "compression_set_size": 457, "complement_error": 0.0, "complement_loss": 7.695113163208589e-05, "validation_error": 0.001415066421031952, "validation_loss": 0.015932992100715637, "test_error": 0.0053932201117277145, "test_loss": 1.0762804746627808, "brute_force_binomial_tail_inversion": 1, "beta_ppf": 1.0, "beta_isf": 1.0, "binomial_approximation_shah": 0.1673757703162334, "binomial_approximation_sokolova": 0.16741552352405076, "p2l_bound": 0.04622839718756486, "p2l_upper_bound": 0.07633575842588433, "kl_bound": 0.16780052799731493, "nbr_parameter_bounds": 20, "min_val_linear_bound": 0.3036260628119013, "min_param_linear_bound": 1.1288378916846884, "min_val_catoni_bound": 0.1676150221286139, "min_param_catoni_bound": 69.51927961775604, "config": {"seed": 1, "prior_size": 0.0, "pretraining_epochs": null, "pretraining_lr": null, "model_type": "mlp", "dropout_probability": 0.2, "optimizer": "Adam", "training_lr": 0.01, "momentum": null, "nesterov": null, "max_compression_size": -1, "data_groupsize": 1, "patience": 3, "dataset": "mnist", "n_classes": 2, "first_class": 2, "second_class": 3, "validation_size": 0.1, "max_epochs": 200, "batch_size": 64, "delta": 0.01, "nbr_parameter_bounds": 20, "classic_bounds": true, "p2l_bounds": true, "real_bounds": true, "log_iterations": 10, "deterministic": true}}