{"prior_set_size": 30000, "train_set_size": 24000, "validation_set_size": 6000, "test_set_size": 10000, "compression_set_size": 544, "complement_error": 0.0, "complement_loss": 0.0004876141028944403, "validation_error": 0.007414227817207575, "validation_loss": 0.04060426726937294, "test_error": 0.0082304822281003, "test_loss": 0.042775873094797134, "brute_force_binomial_tail_inversion": 1, "beta_ppf": 1.0, "beta_isf": 1.0, "binomial_approximation_shah": 0.10536150295945224, "binomial_approximation_sokolova": 0.10538048561321778, "p2l_bound": 0.02480915044791376, "p2l_upper_bound": 0.03969844465088287, "kl_bound": 0.10557981859892607, "nbr_parameter_bounds": 20, "min_val_linear_bound": 0.23984634864750826, "min_param_linear_bound": 1.1288378916846884, "min_val_catoni_bound": 0.10547575629671768, "min_param_catoni_bound": 69.51927961775604, "CE_kl_bound": 1.2194292585776858, "CE_nbr_parameter_bounds": 20, "CE_min_val_linear_bound": 2.830766214864293, "CE_min_param_linear_bound": 0.061584821106602614, "CE_min_val_catoni_bound": 1.2196004114419916, "CE_min_param_catoni_bound": 6.1584821106602545, "config": {"seed": 1, "prior_size": 0.5, "pretraining_epochs": 100, "pretraining_lr": 0.001, "model_type": "cnn", "dropout_probability": 0.2, "optimizer": "Adam", "training_lr": 0.001, "momentum": null, "nesterov": null, "max_compression_size": -1, "data_groupsize": 32, "patience": 3, "dataset": "mnist", "n_classes": 10, "first_class": null, "second_class": null, "validation_size": 0.1, "max_epochs": 200, "batch_size": 64, "delta": 0.01, "nbr_parameter_bounds": 20, "classic_bounds": true, "p2l_bounds": true, "real_bounds": true, "log_iterations": 10, "deterministic": true, "clamping": true, "min_probability": 1e-05}}