{"prior_set_size": 30000, "train_set_size": 24000, "validation_set_size": 6000, "test_set_size": 10000, "compression_set_size": 2592, "complement_error": 0.0, "complement_loss": 9.123891504714265e-05, "validation_error": 0.01115293987095356, "validation_loss": 0.0911446288228035, "test_error": 0.012219392694532871, "test_loss": 0.1091688796877861, "brute_force_binomial_tail_inversion": 1, "beta_ppf": 1.0, "beta_isf": 1.0, "binomial_approximation_shah": 0.3192146412300748, "binomial_approximation_sokolova": 0.31923046817049083, "p2l_bound": 0.1130689890328795, "p2l_upper_bound": 0.14616929982550325, "kl_bound": 0.31939520966261625, "nbr_parameter_bounds": 20, "min_val_linear_bound": 0.4566458393314353, "min_param_linear_bound": 2.335721469090121, "min_val_catoni_bound": 0.31930990038468254, "min_param_catoni_bound": 69.51927961775604, "config": {"seed": 1, "prior_size": 0.5, "pretraining_epochs": 50, "pretraining_lr": 0.0001, "model_type": "cnn", "dropout_probability": 0.2, "optimizer": "Adam", "training_lr": 0.005, "momentum": null, "nesterov": null, "max_compression_size": -1, "data_groupsize": 32, "patience": 3, "dataset": "mnist", "n_classes": 2, "first_class": -1, "second_class": -1, "validation_size": 0.1, "max_epochs": 200, "batch_size": 64, "delta": 0.01, "nbr_parameter_bounds": 20, "classic_bounds": true, "p2l_bounds": true, "real_bounds": true, "log_iterations": 10, "deterministic": true}}