{"train_set_size": 10206, "validation_set_size": 1133, "test_set_size": 1850, "compression_set_size": 231, "complement_error": 0.0, "complement_loss": 8.343373337993398e-06, "validation_error": 0.004089436959475279, "validation_loss": 0.2817363142967224, "test_error": 0.0075471107847988605, "test_loss": 0.4544401466846466, "brute_force_binomial_tail_inversion": 1, "beta_ppf": 1.0, "beta_isf": 1.0, "binomial_approximation_shah": 0.10583329101342742, "binomial_approximation_sokolova": 0.10587790414018894, "p2l_bound": 0.025672560907687623, "p2l_upper_bound": 0.04839563163547991, "kl_bound": 0.10630799736827612, "nbr_parameter_bounds": 20, "min_val_linear_bound": 0.24046654091469652, "min_param_linear_bound": 1.1288378916846884, "min_val_catoni_bound": 0.10610179044918733, "min_param_catoni_bound": 69.51927961775604, "config": {"seed": 1, "prior_size": 0.0, "pretraining_epochs": null, "pretraining_lr": null, "model_type": "mlp", "dropout_probability": 0.2, "optimizer": "Adam", "training_lr": 0.001, "momentum": null, "nesterov": null, "max_compression_size": -1, "data_groupsize": 1, "patience": 3, "dataset": "mnist", "n_classes": 2, "first_class": 5, "second_class": 6, "validation_size": 0.1, "max_epochs": 200, "batch_size": 64, "delta": 0.01, "nbr_parameter_bounds": 20, "classic_bounds": true, "p2l_bounds": true, "real_bounds": true, "log_iterations": 10, "deterministic": true}}