{"prior_set_size": 6000, "train_set_size": 48000, "validation_set_size": 6000, "test_set_size": 10000, "compression_set_size": 3232, "complement_error": 0.0, "complement_loss": 7.889641710789874e-05, "validation_error": 0.010240008123219013, "validation_loss": 0.05807890370488167, "test_error": 0.01229458674788475, "test_loss": 0.07421518117189407, "brute_force_binomial_tail_inversion": 1, "beta_ppf": 1.0, "beta_isf": 1.0, "binomial_approximation_shah": 0.23268677814479233, "binomial_approximation_sokolova": 0.23269530856607112, "p2l_bound": 0.0702654089577651, "p2l_upper_bound": 0.08872481872891645, "kl_bound": 0.23279042821377516, "nbr_parameter_bounds": 20, "min_val_linear_bound": 0.37579486075296753, "min_param_linear_bound": 1.1288378916846884, "min_val_catoni_bound": 0.23273812258891935, "min_param_catoni_bound": 69.51927961775604, "CE_kl_bound": 2.680806934041043, "CE_nbr_parameter_bounds": 20, "CE_min_val_linear_bound": 4.190394561310876, "CE_min_param_linear_bound": 0.1274274985703132, "CE_min_val_catoni_bound": 2.680749108648985, "CE_min_param_catoni_bound": 20.6913808111479, "config": {"seed": 1, "prior_size": 0.1, "pretraining_epochs": 50, "pretraining_lr": 0.0001, "model_type": "cnn", "dropout_probability": 0.2, "optimizer": "Adam", "training_lr": 0.001, "momentum": null, "nesterov": null, "max_compression_size": -1, "data_groupsize": 32, "patience": 3, "dataset": "mnist", "n_classes": 10, "first_class": null, "second_class": null, "validation_size": 0.1, "max_epochs": 200, "batch_size": 64, "delta": 0.01, "nbr_parameter_bounds": 20, "classic_bounds": true, "p2l_bounds": true, "real_bounds": true, "log_iterations": 10, "deterministic": true, "clamping": true, "min_probability": 1e-05}}