{"prior_set_size": 12000, "train_set_size": 42000, "validation_set_size": 6000, "test_set_size": 10000, "compression_set_size": 2368, "complement_error": 0.0, "complement_loss": 0.0009365846053697169, "validation_error": 0.011583025567233562, "validation_loss": 0.04998483881354332, "test_error": 0.014486556872725487, "test_loss": 0.0638032928109169, "brute_force_binomial_tail_inversion": 1, "beta_ppf": 1.0, "beta_isf": 1.0, "binomial_approximation_shah": 0.20566564069458682, "binomial_approximation_sokolova": 0.20567561591583594, "p2l_bound": 0.05920174669190531, "p2l_upper_bound": 0.07719600809645619, "kl_bound": 0.20578562375158072, "nbr_parameter_bounds": 20, "min_val_linear_bound": 0.34514323424493676, "min_param_linear_bound": 1.1288378916846884, "min_val_catoni_bound": 0.2057256811452951, "min_param_catoni_bound": 69.51927961775604, "config": {"seed": 2, "prior_size": 0.2, "pretraining_epochs": 50, "pretraining_lr": 0.01, "model_type": "cnn", "dropout_probability": 0.1, "optimizer": "Adam", "training_lr": 0.001, "momentum": null, "nesterov": null, "max_compression_size": -1, "data_groupsize": 32, "patience": 3, "dataset": "mnist", "n_classes": 2, "first_class": -1, "second_class": -1, "validation_size": 0.1, "max_epochs": 200, "batch_size": 64, "delta": 0.01, "nbr_parameter_bounds": 20, "classic_bounds": true, "p2l_bounds": true, "real_bounds": true, "log_iterations": 10, "deterministic": true}}