{"train_set_size": 10612, "validation_set_size": 1179, "test_set_size": 1991, "compression_set_size": 714, "complement_error": 0.0, "complement_loss": 0.03063311241567135, "validation_error": 0.009750702418386936, "validation_loss": 2.3821160793304443, "test_error": 0.014089985750615597, "test_loss": 1.1187846660614014, "brute_force_binomial_tail_inversion": 1, "beta_ppf": 1.0, "beta_isf": 1.0, "binomial_approximation_shah": 0.23337632085241877, "binomial_approximation_sokolova": 0.2334148679573348, "p2l_bound": 0.07284389303127578, "p2l_upper_bound": 0.1116082029378388, "kl_bound": 0.23378618154674768, "nbr_parameter_bounds": 20, "min_val_linear_bound": 0.3768001363980191, "min_param_linear_bound": 1.1288378916846884, "min_val_catoni_bound": 0.2336083123443934, "min_param_catoni_bound": 69.51927961775604, "config": {"seed": 3, "prior_size": 0.0, "pretraining_epochs": null, "pretraining_lr": null, "model_type": "mlp", "dropout_probability": 0.2, "optimizer": "Adam", "training_lr": 0.01, "momentum": null, "nesterov": null, "max_compression_size": -1, "data_groupsize": 1, "patience": 3, "dataset": "mnist", "n_classes": 2, "first_class": 4, "second_class": 9, "validation_size": 0.1, "max_epochs": 200, "batch_size": 64, "delta": 0.01, "nbr_parameter_bounds": 20, "classic_bounds": true, "p2l_bounds": true, "real_bounds": true, "log_iterations": 10, "deterministic": true}}