{"prior_set_size": 12000, "train_set_size": 42000, "validation_set_size": 6000, "test_set_size": 10000, "compression_set_size": 15264, "complement_error": 0.0, "complement_loss": 0.0, "validation_error": 0.05162973329424858, "validation_loss": 0.6044289469718933, "test_error": 0.05210131034255028, "test_loss": 0.5825536847114563, "brute_force_binomial_tail_inversion": 1, "beta_ppf": 1.0, "beta_isf": 1.0, "binomial_approximation_shah": 0.6430748366289083, "binomial_approximation_sokolova": 0.6430814808579757, "p2l_bound": 0.37019880830430024, "p2l_upper_bound": 0.41795814054086555, "kl_bound": 0.643152124248445, "nbr_parameter_bounds": 20, "min_val_linear_bound": 0.7330884972922689, "min_param_linear_bound": 2.335721469090121, "min_val_catoni_bound": 0.643114827365341, "min_param_catoni_bound": 69.51927961775604, "CE_kl_bound": 7.404562469109619, "CE_nbr_parameter_bounds": 20, "CE_min_val_linear_bound": 8.276281946050558, "CE_min_param_linear_bound": 0.2636650898730355, "CE_min_val_catoni_bound": 7.404133072874367, "CE_min_param_catoni_bound": 69.51927961775604, "config": {"seed": 1, "prior_size": 0.2, "pretraining_epochs": 100, "pretraining_lr": 0.0001, "model_type": "cnn", "dropout_probability": 0.2, "optimizer": "Adam", "training_lr": 0.005, "momentum": null, "nesterov": null, "max_compression_size": -1, "data_groupsize": 32, "patience": 3, "dataset": "mnist", "n_classes": 10, "first_class": null, "second_class": null, "validation_size": 0.1, "max_epochs": 200, "batch_size": 64, "delta": 0.01, "nbr_parameter_bounds": 20, "classic_bounds": true, "p2l_bounds": true, "real_bounds": true, "log_iterations": 10, "deterministic": true, "clamping": true, "min_probability": 1e-05}}