{"prior_set_size": 6000, "train_set_size": 48000, "validation_set_size": 6000, "test_set_size": 10000, "compression_set_size": 2304, "complement_error": 0.0, "complement_loss": 0.010151519440114498, "validation_error": 0.01864376850426197, "validation_loss": 0.06546808034181595, "test_error": 0.01748669147491455, "test_loss": 0.06142893061041832, "brute_force_binomial_tail_inversion": 1, "beta_ppf": 1.0, "beta_isf": 1.0, "binomial_approximation_shah": 0.18342791680914583, "binomial_approximation_sokolova": 0.183436810496987, "p2l_bound": 0.05043943877983838, "p2l_upper_bound": 0.06595693828837064, "kl_bound": 0.18353616539388895, "nbr_parameter_bounds": 20, "min_val_linear_bound": 0.3206749357598216, "min_param_linear_bound": 1.1288378916846884, "min_val_catoni_bound": 0.18348144777816267, "min_param_catoni_bound": 69.51927961775604, "CE_kl_bound": 2.167349728149929, "CE_nbr_parameter_bounds": 20, "CE_min_val_linear_bound": 3.712178073920656, "CE_min_param_linear_bound": 0.1274274985703132, "CE_min_val_catoni_bound": 2.16790306710579, "CE_min_param_catoni_bound": 6.1584821106602545, "config": {"seed": 3, "prior_size": 0.1, "pretraining_epochs": 50, "pretraining_lr": 0.01, "model_type": "cnn", "dropout_probability": 0.1, "optimizer": "Adam", "training_lr": 0.0001, "momentum": null, "nesterov": null, "max_compression_size": -1, "data_groupsize": 32, "patience": 3, "dataset": "mnist", "n_classes": 10, "first_class": null, "second_class": null, "validation_size": 0.1, "max_epochs": 200, "batch_size": 64, "delta": 0.01, "nbr_parameter_bounds": 20, "classic_bounds": true, "p2l_bounds": true, "real_bounds": true, "log_iterations": 10, "deterministic": true, "clamping": true, "min_probability": 1e-05}}