{"train_set_size": 11707, "validation_set_size": 1300, "test_set_size": 2163, "compression_set_size": 119, "complement_error": 0.0, "complement_loss": 0.0001411831908626482, "validation_error": 0.003184468252584338, "validation_loss": 0.040109340101480484, "test_error": 0.003275868948549032, "test_loss": 0.03475947678089142, "brute_force_binomial_tail_inversion": 1, "beta_ppf": 1.0, "beta_isf": 0.05665399628763016, "binomial_approximation_shah": 0.056653996287630126, "binomial_approximation_sokolova": 0.0566945117785711, "p2l_bound": 0.011954079128666903, "p2l_upper_bound": 0.026154775545674164, "kl_bound": 0.05709121469408274, "nbr_parameter_bounds": 20, "min_val_linear_bound": 0.1755721652456361, "min_param_linear_bound": 0.5455594781168515, "min_val_catoni_bound": 0.05689783878066601, "min_param_catoni_bound": 69.51927961775604, "config": {"seed": 2, "prior_size": 0.0, "pretraining_epochs": null, "pretraining_lr": null, "model_type": "cnn", "dropout_probability": 0.1, "optimizer": "Adam", "training_lr": 0.01, "momentum": null, "nesterov": null, "max_compression_size": -1, "data_groupsize": 1, "patience": 3, "dataset": "mnist", "n_classes": 2, "first_class": 1, "second_class": 7, "validation_size": 0.1, "max_epochs": 200, "batch_size": 64, "delta": 0.01, "nbr_parameter_bounds": 20, "classic_bounds": true, "p2l_bounds": true, "real_bounds": true, "log_iterations": 10, "deterministic": true}}