{"train_set_size": 10597, "validation_set_size": 1177, "test_set_size": 1954, "compression_set_size": 153, "complement_error": 0.0, "complement_loss": 8.733393042348325e-05, "validation_error": 0.0034293641801923513, "validation_loss": 0.023762529715895653, "test_error": 0.003507184563204646, "test_loss": 0.09254392981529236, "brute_force_binomial_tail_inversion": 1, "beta_ppf": 1.0, "beta_isf": 1.0, "binomial_approximation_shah": 0.07480571503186484, "binomial_approximation_sokolova": 0.07484980336047442, "p2l_bound": 0.016733850918558543, "p2l_upper_bound": 0.034523590095696666, "kl_bound": 0.07527687679976225, "nbr_parameter_bounds": 20, "min_val_linear_bound": 0.21023633093693028, "min_param_linear_bound": 1.1288378916846884, "min_val_catoni_bound": 0.0750710575167618, "min_param_catoni_bound": 69.51927961775604, "config": {"seed": 3, "prior_size": 0.0, "pretraining_epochs": null, "pretraining_lr": null, "model_type": "mlp", "dropout_probability": 0.1, "optimizer": "Adam", "training_lr": 0.005, "momentum": null, "nesterov": null, "max_compression_size": -1, "data_groupsize": 1, "patience": 3, "dataset": "mnist", "n_classes": 2, "first_class": 0, "second_class": 8, "validation_size": 0.1, "max_epochs": 200, "batch_size": 64, "delta": 0.01, "nbr_parameter_bounds": 20, "classic_bounds": true, "p2l_bounds": true, "real_bounds": true, "log_iterations": 10, "deterministic": true}}