{"train_set_size": 10597, "validation_set_size": 1177, "test_set_size": 1954, "compression_set_size": 119, "complement_error": 0.0, "complement_loss": 0.00013885603402741253, "validation_error": 0.00393648212775588, "validation_loss": 0.03136105462908745, "test_error": 0.0015628095716238022, "test_loss": 0.0182486642152071, "brute_force_binomial_tail_inversion": 0.061397, "beta_ppf": 1.0, "beta_isf": 0.06139747426256273, "binomial_approximation_shah": 0.0613974742625627, "binomial_approximation_sokolova": 0.06144205640291389, "p2l_bound": 0.013205253323352897, "p2l_upper_bound": 0.0288944000484295, "kl_bound": 0.06187405902892351, "nbr_parameter_bounds": 20, "min_val_linear_bound": 0.18486249182211723, "min_param_linear_bound": 0.5455594781168515, "min_val_catoni_bound": 0.06166578882258811, "min_param_catoni_bound": 69.51927961775604, "config": {"seed": 3, "prior_size": 0.0, "pretraining_epochs": null, "pretraining_lr": null, "model_type": "cnn", "dropout_probability": 0.2, "optimizer": "Adam", "training_lr": 0.005, "momentum": null, "nesterov": null, "max_compression_size": -1, "data_groupsize": 1, "patience": 3, "dataset": "mnist", "n_classes": 2, "first_class": 0, "second_class": 8, "validation_size": 0.1, "max_epochs": 200, "batch_size": 64, "delta": 0.01, "nbr_parameter_bounds": 20, "classic_bounds": true, "p2l_bounds": true, "real_bounds": true, "log_iterations": 10, "deterministic": true}}