{"prior_set_size": 6000, "train_set_size": 48000, "validation_set_size": 6000, "test_set_size": 10000, "compression_set_size": 5248, "complement_error": 0.0, "complement_loss": 0.00019021767366211861, "validation_error": 0.017467128112912178, "validation_loss": 0.08759765326976776, "test_error": 0.018415503203868866, "test_loss": 0.10354650765657425, "brute_force_binomial_tail_inversion": 1, "beta_ppf": 1.0, "beta_isf": 1.0, "binomial_approximation_shah": 0.32150891110581814, "binomial_approximation_sokolova": 0.32151680975978947, "p2l_bound": 0.11311500552017244, "p2l_upper_bound": 0.1368174918676344, "kl_bound": 0.3216045191511512, "nbr_parameter_bounds": 20, "min_val_linear_bound": 0.4580611890017965, "min_param_linear_bound": 2.335721469090121, "min_val_catoni_bound": 0.32155645289193935, "min_param_catoni_bound": 69.51927961775604, "CE_kl_bound": 3.7040623983306658, "CE_nbr_parameter_bounds": 20, "CE_min_val_linear_bound": 5.155971750902475, "CE_min_param_linear_bound": 0.1274274985703132, "CE_min_val_catoni_bound": 3.7047252854760675, "CE_min_param_catoni_bound": 20.6913808111479, "config": {"seed": 3, "prior_size": 0.1, "pretraining_epochs": 50, "pretraining_lr": 0.01, "model_type": "cnn", "dropout_probability": 0.2, "optimizer": "Adam", "training_lr": 0.005, "momentum": null, "nesterov": null, "max_compression_size": -1, "data_groupsize": 32, "patience": 3, "dataset": "mnist", "n_classes": 10, "first_class": null, "second_class": null, "validation_size": 0.1, "max_epochs": 200, "batch_size": 64, "delta": 0.01, "nbr_parameter_bounds": 20, "classic_bounds": true, "p2l_bounds": true, "real_bounds": true, "log_iterations": 10, "deterministic": true, "clamping": true, "min_probability": 1e-05}}