{"prior_set_size": 30000, "train_set_size": 24000, "validation_set_size": 6000, "test_set_size": 10000, "compression_set_size": 960, "complement_error": 0.0, "complement_loss": 0.01186025608330965, "validation_error": 0.018460651859641075, "validation_loss": 0.0728239193558693, "test_error": 0.02019219845533371, "test_loss": 0.07263121753931046, "brute_force_binomial_tail_inversion": 1, "beta_ppf": 1.0, "beta_isf": 1.0, "binomial_approximation_shah": 0.1610225558332392, "binomial_approximation_sokolova": 0.16104067887220586, "p2l_bound": 0.042958636805415146, "p2l_upper_bound": 0.06283905628904003, "kl_bound": 0.16123065818101168, "nbr_parameter_bounds": 20, "min_val_linear_bound": 0.2967528427654356, "min_param_linear_bound": 1.1288378916846884, "min_val_catoni_bound": 0.16113163519159235, "min_param_catoni_bound": 69.51927961775604, "CE_kl_bound": 1.9183879672549162, "CE_nbr_parameter_bounds": 20, "CE_min_val_linear_bound": 3.501968933155569, "CE_min_param_linear_bound": 0.1274274985703132, "CE_min_val_catoni_bound": 1.920236671806142, "CE_min_param_catoni_bound": 6.1584821106602545, "config": {"seed": 1, "prior_size": 0.5, "pretraining_epochs": 50, "pretraining_lr": 0.01, "model_type": "cnn", "dropout_probability": 0.1, "optimizer": "Adam", "training_lr": 0.001, "momentum": null, "nesterov": null, "max_compression_size": -1, "data_groupsize": 32, "patience": 3, "dataset": "mnist", "n_classes": 10, "first_class": null, "second_class": null, "validation_size": 0.1, "max_epochs": 200, "batch_size": 64, "delta": 0.01, "nbr_parameter_bounds": 20, "classic_bounds": true, "p2l_bounds": true, "real_bounds": true, "log_iterations": 10, "deterministic": true, "clamping": true, "min_probability": 1e-05}}