{"prior_set_size": 12000, "train_set_size": 42000, "validation_set_size": 6000, "test_set_size": 10000, "compression_set_size": 4448, "complement_error": 0.0, "complement_loss": 0.00010266537719871849, "validation_error": 0.013966220431029797, "validation_loss": 0.08464191854000092, "test_error": 0.014817751944065094, "test_loss": 0.08424707502126694, "brute_force_binomial_tail_inversion": 1, "beta_ppf": 1.0, "beta_isf": 1.0, "binomial_approximation_shah": 0.31499908779692276, "binomial_approximation_sokolova": 0.3150081664851939, "p2l_bound": 0.1098470643857893, "p2l_upper_bound": 0.13474123541859448, "kl_bound": 0.3151077954098582, "nbr_parameter_bounds": 20, "min_val_linear_bound": 0.45397717419981487, "min_param_linear_bound": 2.335721469090121, "min_val_catoni_bound": 0.3150537319567379, "min_param_catoni_bound": 69.51927961775604, "config": {"seed": 1, "prior_size": 0.2, "pretraining_epochs": 50, "pretraining_lr": 0.01, "model_type": "cnn", "dropout_probability": 0.1, "optimizer": "Adam", "training_lr": 0.005, "momentum": null, "nesterov": null, "max_compression_size": -1, "data_groupsize": 32, "patience": 3, "dataset": "mnist", "n_classes": 2, "first_class": -1, "second_class": -1, "validation_size": 0.1, "max_epochs": 200, "batch_size": 64, "delta": 0.01, "nbr_parameter_bounds": 20, "classic_bounds": true, "p2l_bounds": true, "real_bounds": true, "log_iterations": 10, "deterministic": true}}