{"train_set_size": 10881, "validation_set_size": 1208, "test_set_size": 2042, "compression_set_size": 359, "complement_error": 0.0, "complement_loss": 4.709217682830058e-05, "validation_error": 0.008058007806539536, "validation_loss": 0.3119966387748718, "test_error": 0.004927516914904118, "test_loss": 0.10189729183912277, "brute_force_binomial_tail_inversion": 1, "beta_ppf": 1.0, "beta_isf": 1.0, "binomial_approximation_shah": 0.1403101396695854, "binomial_approximation_sokolova": 0.140350802831, "p2l_bound": 0.03667726079530337, "p2l_upper_bound": 0.06331158182998793, "kl_bound": 0.14074500184506178, "nbr_parameter_bounds": 20, "min_val_linear_bound": 0.27528546755800437, "min_param_linear_bound": 1.1288378916846884, "min_val_catoni_bound": 0.1405548682451222, "min_param_catoni_bound": 69.51927961775604, "config": {"seed": 2, "prior_size": 0.0, "pretraining_epochs": null, "pretraining_lr": null, "model_type": "mlp", "dropout_probability": 0.1, "optimizer": "Adam", "training_lr": 0.001, "momentum": null, "nesterov": null, "max_compression_size": -1, "data_groupsize": 1, "patience": 3, "dataset": "mnist", "n_classes": 2, "first_class": 2, "second_class": 3, "validation_size": 0.1, "max_epochs": 200, "batch_size": 64, "delta": 0.01, "nbr_parameter_bounds": 20, "classic_bounds": true, "p2l_bounds": true, "real_bounds": true, "log_iterations": 10, "deterministic": true}}