{"train_set_size": 10206, "validation_set_size": 1133, "test_set_size": 1850, "compression_set_size": 220, "complement_error": 0.0, "complement_loss": 7.327620551222935e-06, "validation_error": 0.0065787737257778645, "validation_loss": 0.08104924112558365, "test_error": 0.007287374697625637, "test_loss": 0.07587312161922455, "brute_force_binomial_tail_inversion": 1, "beta_ppf": 1.0, "beta_isf": 1.0, "binomial_approximation_shah": 0.10197507409990025, "binomial_approximation_sokolova": 0.10201983037263695, "p2l_bound": 0.024509146257728705, "p2l_upper_bound": 0.046680126035376676, "kl_bound": 0.10245135333389044, "nbr_parameter_bounds": 20, "min_val_linear_bound": 0.2366520669944614, "min_param_linear_bound": 1.1288378916846884, "min_val_catoni_bound": 0.10224443508188585, "min_param_catoni_bound": 69.51927961775604, "config": {"seed": 2, "prior_size": 0.0, "pretraining_epochs": null, "pretraining_lr": null, "model_type": "mlp", "dropout_probability": 0.1, "optimizer": "Adam", "training_lr": 0.0001, "momentum": null, "nesterov": null, "max_compression_size": -1, "data_groupsize": 1, "patience": 3, "dataset": "mnist", "n_classes": 2, "first_class": 5, "second_class": 6, "validation_size": 0.1, "max_epochs": 200, "batch_size": 64, "delta": 0.01, "nbr_parameter_bounds": 20, "classic_bounds": true, "p2l_bounds": true, "real_bounds": true, "log_iterations": 10, "deterministic": true}}