{"prior_set_size": 30000, "train_set_size": 24000, "validation_set_size": 6000, "test_set_size": 10000, "compression_set_size": 2240, "complement_error": 0.0, "complement_loss": 5.618871364276856e-05, "validation_error": 0.009875784628093243, "validation_loss": 0.09276922792196274, "test_error": 0.009965195320546627, "test_loss": 0.07524926960468292, "brute_force_binomial_tail_inversion": 1, "beta_ppf": 1.0, "beta_isf": 1.0, "binomial_approximation_shah": 0.29024807702246214, "binomial_approximation_sokolova": 0.290264310464881, "p2l_bound": 0.09803075922963522, "p2l_upper_bound": 0.1287278167218244, "kl_bound": 0.2904335493221879, "nbr_parameter_bounds": 20, "min_val_linear_bound": 0.43880522870087885, "min_param_linear_bound": 2.335721469090121, "min_val_catoni_bound": 0.29034578292265345, "min_param_catoni_bound": 69.51927961775604, "config": {"seed": 1, "prior_size": 0.5, "pretraining_epochs": 100, "pretraining_lr": 0.001, "model_type": "cnn", "dropout_probability": 0.2, "optimizer": "Adam", "training_lr": 0.005, "momentum": null, "nesterov": null, "max_compression_size": -1, "data_groupsize": 32, "patience": 3, "dataset": "mnist", "n_classes": 2, "first_class": -1, "second_class": -1, "validation_size": 0.1, "max_epochs": 200, "batch_size": 64, "delta": 0.01, "nbr_parameter_bounds": 20, "classic_bounds": true, "p2l_bounds": true, "real_bounds": true, "log_iterations": 10, "deterministic": true}}