{"prior_set_size": 12000, "train_set_size": 42000, "validation_set_size": 6000, "test_set_size": 10000, "compression_set_size": 2080, "complement_error": 0.0, "validation_error": 0.011380892246961594, "test_error": 0.009816613979637623, "complement_loss": 3.2451014703838155e-05, "validation_loss": 0.09380744397640228, "test_loss": 0.06841028481721878, "brute_force_binomial_tail_inversion": 1, "beta_ppf": 1.0, "beta_isf": 1.0, "binomial_approximation_shah": 0.18760904352406305, "binomial_approximation_sokolova": 0.18761917189841948, "p2l_bound": 0.05215135739173829, "p2l_upper_bound": 0.06898879612846615, "kl_bound": 0.18773094285279512, "nbr_parameter_bounds": 20, "min_val_linear_bound": 0.32523093041969175, "min_param_linear_bound": 1.1288378916846884, "min_val_catoni_bound": 0.18767000581095106, "min_param_catoni_bound": 69.51927961775604, "CE_kl_bound": 2.16165696068054, "CE_nbr_parameter_bounds": 20, "CE_min_val_linear_bound": 3.742419049159892, "CE_min_param_linear_bound": 0.1274274985703132, "CE_min_val_catoni_bound": 2.1611762193325013, "CE_min_param_catoni_bound": 20.6913808111479, "config": {"seed": 3, "prior_size": 0.2, "pretraining_epochs": 50, "pretraining_lr": 0.001, "model_type": "cnn", "dropout_probability": 0.2, "optimizer": "Adam", "training_lr": 0.001, "momentum": null, "nesterov": null, "max_compression_size": 40000, "data_groupsize": 32, "patience": 3, "dataset": "mnist", "n_classes": 10, "first_class": null, "second_class": null, "validation_size": 0.1, "max_epochs": 200, "batch_size": 64, "delta": 0.01, "nbr_parameter_bounds": 20, "classic_bounds": true, "p2l_bounds": true, "real_bounds": true, "log_iterations": 10, "deterministic": true, "clamping": true, "min_probability": 1e-05, "regression": false, "early_stopping": false}}