{"prior_set_size": 6000, "train_set_size": 48000, "validation_set_size": 6000, "test_set_size": 10000, "compression_set_size": 2400, "complement_error": 0.0, "complement_loss": 0.03475413843989372, "validation_error": 0.022004425525665283, "validation_loss": 0.08990244567394257, "test_error": 0.022230563685297966, "test_loss": 0.08988817781209946, "brute_force_binomial_tail_inversion": 1, "beta_ppf": 1.0, "beta_isf": 1.0, "binomial_approximation_shah": 0.18885769746844405, "binomial_approximation_sokolova": 0.18886655061682578, "p2l_bound": 0.052494698646478356, "p2l_upper_bound": 0.06834003692211496, "kl_bound": 0.18896543327718973, "nbr_parameter_bounds": 20, "min_val_linear_bound": 0.3265852843504867, "min_param_linear_bound": 1.1288378916846884, "min_val_catoni_bound": 0.18891098442801713, "min_param_catoni_bound": 69.51927961775604, "CE_kl_bound": 2.3273098700816064, "CE_nbr_parameter_bounds": 20, "CE_min_val_linear_bound": 3.7891385082826083, "CE_min_param_linear_bound": 0.1274274985703132, "CE_min_val_catoni_bound": 2.3518893085192714, "CE_min_param_catoni_bound": 6.1584821106602545, "config": {"seed": 1, "prior_size": 0.1, "pretraining_epochs": 100, "pretraining_lr": 0.01, "model_type": "cnn", "dropout_probability": 0.1, "optimizer": "Adam", "training_lr": 0.0001, "momentum": null, "nesterov": null, "max_compression_size": -1, "data_groupsize": 32, "patience": 3, "dataset": "mnist", "n_classes": 10, "first_class": null, "second_class": null, "validation_size": 0.1, "max_epochs": 200, "batch_size": 64, "delta": 0.01, "nbr_parameter_bounds": 20, "classic_bounds": true, "p2l_bounds": true, "real_bounds": true, "log_iterations": 10, "deterministic": true, "clamping": true, "min_probability": 1e-05}}