{"train_set_size": 11707, "validation_set_size": 1300, "test_set_size": 2163, "compression_set_size": 106, "complement_error": 0.0, "complement_loss": 0.0001933961466420442, "validation_error": 0.004633883014321327, "validation_loss": 0.03263445198535919, "test_error": 0.003339817514643073, "test_loss": 0.020775549113750458, "brute_force_binomial_tail_inversion": 0.051663999999999995, "beta_ppf": 1.0, "beta_isf": 0.05166457380189773, "binomial_approximation_shah": 0.051664573801897706, "binomial_approximation_sokolova": 0.05170525794155256, "p2l_bound": 0.010723265334119747, "p2l_upper_bound": 0.024128720973532303, "kl_bound": 0.05210365820676088, "nbr_parameter_bounds": 20, "min_val_linear_bound": 0.1659024201334266, "min_param_linear_bound": 0.5455594781168515, "min_val_catoni_bound": 0.05190943133683623, "min_param_catoni_bound": 69.51927961775604, "config": {"seed": 1, "prior_size": 0.0, "pretraining_epochs": null, "pretraining_lr": null, "model_type": "mlp", "dropout_probability": 0.1, "optimizer": "Adam", "training_lr": 0.0001, "momentum": null, "nesterov": null, "max_compression_size": -1, "data_groupsize": 1, "patience": 3, "dataset": "mnist", "n_classes": 2, "first_class": 1, "second_class": 7, "validation_size": 0.1, "max_epochs": 200, "batch_size": 64, "delta": 0.01, "nbr_parameter_bounds": 20, "classic_bounds": true, "p2l_bounds": true, "real_bounds": true, "log_iterations": 10, "deterministic": true}}