{"train_set_size": 10612, "validation_set_size": 1179, "test_set_size": 1991, "compression_set_size": 345, "complement_error": 0.0, "complement_loss": 3.000002095632226e-07, "validation_error": 0.00919769424945116, "validation_loss": 0.335748553276062, "test_error": 0.005933195352554321, "test_loss": 0.2741404175758362, "brute_force_binomial_tail_inversion": 1, "beta_ppf": 1.0, "beta_isf": 1.0, "binomial_approximation_shah": 0.13881316229994434, "binomial_approximation_sokolova": 0.13885490794727195, "p2l_bound": 0.03620088271009442, "p2l_upper_bound": 0.06296654059284408, "kl_bound": 0.1392585700377822, "nbr_parameter_bounds": 20, "min_val_linear_bound": 0.27375051404893613, "min_param_linear_bound": 1.1288378916846884, "min_val_catoni_bound": 0.13906440500541006, "min_param_catoni_bound": 69.51927961775604, "config": {"seed": 3, "prior_size": 0.0, "pretraining_epochs": null, "pretraining_lr": null, "model_type": "cnn", "dropout_probability": 0.1, "optimizer": "Adam", "training_lr": 0.005, "momentum": null, "nesterov": null, "max_compression_size": -1, "data_groupsize": 1, "patience": 3, "dataset": "mnist", "n_classes": 2, "first_class": 4, "second_class": 9, "validation_size": 0.1, "max_epochs": 200, "batch_size": 64, "delta": 0.01, "nbr_parameter_bounds": 20, "classic_bounds": true, "p2l_bounds": true, "real_bounds": true, "log_iterations": 10, "deterministic": true}}