{"train_set_size": 10881, "validation_set_size": 1208, "test_set_size": 2042, "compression_set_size": 555, "complement_error": 0.0, "complement_loss": 0.0003683619434013963, "validation_error": 0.012515200302004814, "validation_loss": 2.3895373344421387, "test_error": 0.00872870720922947, "test_loss": 0.25559201836586, "brute_force_binomial_tail_inversion": 1, "beta_ppf": 1.0, "beta_isf": 1.0, "binomial_approximation_shah": 0.19234654342783764, "binomial_approximation_sokolova": 0.19238547037753473, "p2l_bound": 0.05572498507130361, "p2l_upper_bound": 0.08896319387129135, "kl_bound": 0.19276210200041533, "nbr_parameter_bounds": 20, "min_val_linear_bound": 0.3306025553066765, "min_param_linear_bound": 1.1288378916846884, "min_val_catoni_bound": 0.1925808221989489, "min_param_catoni_bound": 69.51927961775604, "config": {"seed": 4, "prior_size": 0.0, "pretraining_epochs": null, "pretraining_lr": null, "model_type": "mlp", "dropout_probability": 0.2, "optimizer": "Adam", "training_lr": 0.01, "momentum": null, "nesterov": null, "max_compression_size": -1, "data_groupsize": 1, "patience": 3, "dataset": "mnist", "n_classes": 2, "first_class": 2, "second_class": 3, "validation_size": 0.1, "max_epochs": 200, "batch_size": 64, "delta": 0.01, "nbr_parameter_bounds": 20, "classic_bounds": true, "p2l_bounds": true, "real_bounds": true, "log_iterations": 10, "deterministic": true}}