{"prior_set_size": 12000, "train_set_size": 42000, "validation_set_size": 6000, "test_set_size": 10000, "compression_set_size": 12736, "complement_error": 0.0, "complement_loss": 0.0, "validation_error": 0.04045833647251129, "validation_loss": 0.47394904494285583, "test_error": 0.0372314490377903, "test_loss": 0.4317348003387451, "brute_force_binomial_tail_inversion": 1, "beta_ppf": 1.0, "beta_isf": 1.0, "binomial_approximation_shah": 0.5857370810178011, "binomial_approximation_sokolova": 0.5857441264328784, "p2l_bound": 0.3096114466487475, "p2l_upper_bound": 0.3529001745231621, "kl_bound": 0.5858196755871177, "nbr_parameter_bounds": 20, "min_val_linear_bound": 0.6693033284393888, "min_param_linear_bound": 2.335721469090121, "min_val_catoni_bound": 0.5857794866109239, "min_param_catoni_bound": 69.51927961775604, "CE_kl_bound": 6.744498260947525, "CE_nbr_parameter_bounds": 20, "CE_min_val_linear_bound": 7.711230317975897, "CE_min_param_linear_bound": 0.2636650898730355, "CE_min_val_catoni_bound": 6.744035568260093, "CE_min_param_catoni_bound": 69.51927961775604, "config": {"seed": 2, "prior_size": 0.2, "pretraining_epochs": 50, "pretraining_lr": 0.0001, "model_type": "cnn", "dropout_probability": 0.1, "optimizer": "Adam", "training_lr": 0.005, "momentum": null, "nesterov": null, "max_compression_size": -1, "data_groupsize": 32, "patience": 3, "dataset": "mnist", "n_classes": 10, "first_class": null, "second_class": null, "validation_size": 0.1, "max_epochs": 200, "batch_size": 64, "delta": 0.01, "nbr_parameter_bounds": 20, "classic_bounds": true, "p2l_bounds": true, "real_bounds": true, "log_iterations": 10, "deterministic": true, "clamping": true, "min_probability": 1e-05}}