{"prior_set_size": 12000, "train_set_size": 42000, "validation_set_size": 6000, "test_set_size": 10000, "compression_set_size": 3008, "complement_error": 0.0, "complement_loss": 5.999330369377276e-06, "validation_error": 0.012404599227011204, "validation_loss": 0.10179576277732849, "test_error": 0.010795190930366516, "test_loss": 0.07792353630065918, "brute_force_binomial_tail_inversion": 1, "beta_ppf": 1.0, "beta_isf": 1.0, "binomial_approximation_shah": 0.24278766502581295, "binomial_approximation_sokolova": 0.24279733014693983, "p2l_bound": 0.0748290772756473, "p2l_upper_bound": 0.09517513706538734, "kl_bound": 0.2429037606343627, "nbr_parameter_bounds": 20, "min_val_linear_bound": 0.38754260056037493, "min_param_linear_bound": 1.1288378916846884, "min_val_catoni_bound": 0.2428458389664142, "min_param_catoni_bound": 69.51927961775604, "CE_kl_bound": 2.796597971192041, "CE_nbr_parameter_bounds": 20, "CE_min_val_linear_bound": 4.294390989801746, "CE_min_param_linear_bound": 0.1274274985703132, "CE_min_val_catoni_bound": 2.7959600347779943, "CE_min_param_catoni_bound": 20.6913808111479, "config": {"seed": 2, "prior_size": 0.2, "pretraining_epochs": 50, "pretraining_lr": 0.0001, "model_type": "cnn", "dropout_probability": 0.1, "optimizer": "Adam", "training_lr": 0.001, "momentum": null, "nesterov": null, "max_compression_size": -1, "data_groupsize": 32, "patience": 3, "dataset": "mnist", "n_classes": 10, "first_class": null, "second_class": null, "validation_size": 0.1, "max_epochs": 200, "batch_size": 64, "delta": 0.01, "nbr_parameter_bounds": 20, "classic_bounds": true, "p2l_bounds": true, "real_bounds": true, "log_iterations": 10, "deterministic": true, "clamping": true, "min_probability": 1e-05}}