{"train_set_size": 10612, "validation_set_size": 1179, "test_set_size": 1991, "compression_set_size": 707, "complement_error": 0.0, "complement_loss": 0.005292982328683138, "validation_error": 0.017724772915244102, "validation_loss": 8.708370208740234, "test_error": 0.013526121154427528, "test_loss": 7.162021636962891, "brute_force_binomial_tail_inversion": 1, "beta_ppf": 1.0, "beta_isf": 1.0, "binomial_approximation_shah": 0.23180223803690547, "binomial_approximation_sokolova": 0.23184083699228664, "p2l_bound": 0.07215418198486417, "p2l_upper_bound": 0.11072356220330304, "kl_bound": 0.232212676666677, "nbr_parameter_bounds": 20, "min_val_linear_bound": 0.37498289101229265, "min_param_linear_bound": 1.1288378916846884, "min_val_catoni_bound": 0.23203454160589043, "min_param_catoni_bound": 69.51927961775604, "config": {"seed": 2, "prior_size": 0.0, "pretraining_epochs": null, "pretraining_lr": null, "model_type": "mlp", "dropout_probability": 0.2, "optimizer": "Adam", "training_lr": 0.01, "momentum": null, "nesterov": null, "max_compression_size": -1, "data_groupsize": 1, "patience": 3, "dataset": "mnist", "n_classes": 2, "first_class": 4, "second_class": 9, "validation_size": 0.1, "max_epochs": 200, "batch_size": 64, "delta": 0.01, "nbr_parameter_bounds": 20, "classic_bounds": true, "p2l_bounds": true, "real_bounds": true, "log_iterations": 10, "deterministic": true}}