{"prior_set_size": 6000, "train_set_size": 48000, "validation_set_size": 6000, "test_set_size": 10000, "compression_set_size": 4992, "complement_error": 0.0, "complement_loss": 4.703267404693179e-05, "validation_error": 0.014936690218746662, "validation_loss": 0.1096964031457901, "test_error": 0.016865048557519913, "test_loss": 0.12042658030986786, "brute_force_binomial_tail_inversion": 1, "beta_ppf": 1.0, "beta_isf": 1.0, "binomial_approximation_shah": 0.31128130528473064, "binomial_approximation_sokolova": 0.31128927527913486, "p2l_bound": 0.10768599359691142, "p2l_upper_bound": 0.13078274591556216, "kl_bound": 0.3113778242841363, "nbr_parameter_bounds": 20, "min_val_linear_bound": 0.4516554686451291, "min_param_linear_bound": 2.335721469090121, "min_val_catoni_bound": 0.31132927647534403, "min_param_catoni_bound": 69.51927961775604, "CE_kl_bound": 3.5852782265162815, "CE_nbr_parameter_bounds": 20, "CE_min_val_linear_bound": 5.0384129473752814, "CE_min_param_linear_bound": 0.1274274985703132, "CE_min_val_catoni_bound": 3.584980924855915, "CE_min_param_catoni_bound": 20.6913808111479, "config": {"seed": 3, "prior_size": 0.1, "pretraining_epochs": 50, "pretraining_lr": 0.01, "model_type": "cnn", "dropout_probability": 0.1, "optimizer": "Adam", "training_lr": 0.005, "momentum": null, "nesterov": null, "max_compression_size": -1, "data_groupsize": 32, "patience": 3, "dataset": "mnist", "n_classes": 10, "first_class": null, "second_class": null, "validation_size": 0.1, "max_epochs": 200, "batch_size": 64, "delta": 0.01, "nbr_parameter_bounds": 20, "classic_bounds": true, "p2l_bounds": true, "real_bounds": true, "log_iterations": 10, "deterministic": true, "clamping": true, "min_probability": 1e-05}}