{"prior_set_size": 30000, "train_set_size": 24000, "validation_set_size": 6000, "test_set_size": 10000, "compression_set_size": 256, "complement_error": 0.0, "complement_loss": 0.0042769042775034904, "validation_error": 0.008146419189870358, "validation_loss": 0.043729811906814575, "test_error": 0.009953216649591923, "test_loss": 0.043023090809583664, "brute_force_binomial_tail_inversion": 1, "beta_ppf": 1.0, "beta_isf": 1.0, "binomial_approximation_shah": 0.05843004815241892, "binomial_approximation_sokolova": 0.05844978428527248, "p2l_bound": 0.01204797304002568, "p2l_upper_bound": 0.022216151766158192, "kl_bound": 0.05865727085620165, "nbr_parameter_bounds": 20, "min_val_linear_bound": 0.17878379947445272, "min_param_linear_bound": 0.5455594781168515, "min_val_catoni_bound": 0.058548836627805634, "min_param_catoni_bound": 69.51927961775604, "config": {"seed": 1, "prior_size": 0.5, "pretraining_epochs": 100, "pretraining_lr": 0.001, "model_type": "cnn", "dropout_probability": 0.1, "optimizer": "Adam", "training_lr": 0.0001, "momentum": null, "nesterov": null, "max_compression_size": -1, "data_groupsize": 32, "patience": 3, "dataset": "mnist", "n_classes": 2, "first_class": -1, "second_class": -1, "validation_size": 0.1, "max_epochs": 200, "batch_size": 64, "delta": 0.01, "nbr_parameter_bounds": 20, "classic_bounds": true, "p2l_bounds": true, "real_bounds": true, "log_iterations": 10, "deterministic": true}}