{"prior_set_size": 6000, "train_set_size": 48000, "validation_set_size": 6000, "test_set_size": 10000, "compression_set_size": 1792, "complement_error": 0.0, "validation_error": 0.017547134310007095, "test_error": 0.019481521099805832, "complement_loss": 0.004093962721526623, "validation_loss": 0.08012337237596512, "test_loss": 0.075442835688591, "brute_force_binomial_tail_inversion": 1, "beta_ppf": 1.0, "beta_isf": 1.0, "binomial_approximation_shah": 0.15286024453692604, "binomial_approximation_sokolova": 0.1528693689188928, "p2l_bound": 0.039456186505345006, "p2l_upper_bound": 0.05310187835309425, "kl_bound": 0.15297140274196863, "nbr_parameter_bounds": 20, "min_val_linear_bound": 0.2881182537074757, "min_param_linear_bound": 1.1288378916846884, "min_val_catoni_bound": 0.15291516406693517, "min_param_catoni_bound": 69.51927961775604, "CE_kl_bound": 1.786245669603165, "CE_nbr_parameter_bounds": 20, "CE_min_val_linear_bound": 3.4177116828409355, "CE_min_param_linear_bound": 0.1274274985703132, "CE_min_val_catoni_bound": 1.7856121202050559, "CE_min_param_catoni_bound": 6.1584821106602545, "config": {"seed": 4, "prior_size": 0.1, "pretraining_epochs": 100, "pretraining_lr": 0.01, "model_type": "cnn", "dropout_probability": 0.2, "optimizer": "Adam", "training_lr": 0.001, "momentum": null, "nesterov": null, "max_compression_size": 40000, "data_groupsize": 32, "patience": 3, "dataset": "mnist", "n_classes": 10, "first_class": null, "second_class": null, "validation_size": 0.1, "max_epochs": 200, "batch_size": 64, "delta": 0.01, "nbr_parameter_bounds": 20, "classic_bounds": true, "p2l_bounds": true, "real_bounds": true, "log_iterations": 10, "deterministic": true, "clamping": true, "min_probability": 1e-05, "regression": false, "early_stopping": false}}