{"prior_set_size": 12000, "train_set_size": 42000, "validation_set_size": 6000, "test_set_size": 10000, "compression_set_size": 3040, "complement_error": 0.0, "complement_loss": 0.0910995826125145, "validation_error": 0.02415364608168602, "validation_loss": 0.12627308070659637, "test_error": 0.024175330996513367, "test_loss": 0.12725171446800232, "brute_force_binomial_tail_inversion": 1, "beta_ppf": 1.0, "beta_isf": 1.0, "binomial_approximation_shah": 0.24454880865600126, "binomial_approximation_sokolova": 0.24455845921772834, "p2l_bound": 0.07560920971113125, "p2l_upper_bound": 0.09606629198199414, "kl_bound": 0.244664722122252, "nbr_parameter_bounds": 20, "min_val_linear_bound": 0.389605427637688, "min_param_linear_bound": 1.1288378916846884, "min_val_catoni_bound": 0.2446068949626845, "min_param_catoni_bound": 69.51927961775604, "config": {"seed": 1, "prior_size": 0.2, "pretraining_epochs": 50, "pretraining_lr": 0.01, "model_type": "cnn", "dropout_probability": 0.1, "optimizer": "Adam", "training_lr": 0.0001, "momentum": null, "nesterov": null, "max_compression_size": -1, "data_groupsize": 32, "patience": 3, "dataset": "mnist", "n_classes": 2, "first_class": -1, "second_class": -1, "validation_size": 0.1, "max_epochs": 200, "batch_size": 64, "delta": 0.01, "nbr_parameter_bounds": 20, "classic_bounds": true, "p2l_bounds": true, "real_bounds": true, "log_iterations": 10, "deterministic": true}}