{"prior_set_size": 180000, "train_set_size": 144000, "validation_set_size": 36000, "test_set_size": 400000, "compression_set_size": 640, "complement_error": 0.26668232679367065, "validation_error": 0.2726539075374603, "test_error": 0.2695775330066681, "complement_loss": 0.5700806975364685, "validation_loss": 0.5740534663200378, "test_loss": 0.572483241558075, "brute_force_binomial_tail_inversion": 1, "beta_ppf": 1.0, "beta_isf": 1.0, "binomial_approximation_shah": 0.5639301479317509, "binomial_approximation_sokolova": 0.5640197373780274, "p2l_bound": 0.004840362750821643, "p2l_upper_bound": 0.007531536356609601, "kl_bound": 0.38024467896198294, "nbr_parameter_bounds": 20, "min_val_linear_bound": 0.38757746616107336, "min_param_linear_bound": 0.5455594781168515, "min_val_catoni_bound": 0.38029301291980105, "min_param_catoni_bound": 0.5455594781168515, "CE_kl_bound": 1.370719544726786, "CE_nbr_parameter_bounds": 20, "CE_min_val_linear_bound": 2.029200035115725, "CE_min_param_linear_bound": 0.02976351441631316, "CE_min_val_catoni_bound": 1.4850772190677652, "CE_min_param_catoni_bound": 0.5455594781168515, "config": {"seed": 1, "prior_size": 0.5, "pretraining_epochs": 20, "pretraining_lr": 0.001, "model_type": "transformer", "dropout_probability": 0.1, "optimizer": "Adam", "training_lr": 0.0001, "momentum": null, "nesterov": null, "max_compression_size": 20000, "data_groupsize": 32, "patience": 3, "dataset": "amazon", "n_classes": 2, "regression": false, "validation_size": 0.1, "max_epochs": 200, "batch_size": 128, "delta": 0.01, "nbr_parameter_bounds": 20, "classic_bounds": true, "p2l_bounds": true, "real_bounds": true, "log_iterations": 2, "deterministic": true, "clamping": true, "early_stopping": true, "early_stopping_patience": 20, "min_probability": 1e-05, "n_shards": 10}}