{"prior_set_size": 6000, "train_set_size": 48000, "validation_set_size": 6000, "test_set_size": 10000, "compression_set_size": 1024, "complement_error": 0.0, "complement_loss": 0.003714662743732333, "validation_error": 0.01218964159488678, "validation_loss": 0.048326533287763596, "test_error": 0.012710696086287498, "test_loss": 0.04274788871407509, "brute_force_binomial_tail_inversion": 1, "beta_ppf": 1.0, "beta_isf": 1.0, "binomial_approximation_shah": 0.1003448143291309, "binomial_approximation_sokolova": 0.10035434592582038, "p2l_bound": 0.022882267587973425, "p2l_upper_bound": 0.03314021541373433, "kl_bound": 0.10046109091490507, "nbr_parameter_bounds": 20, "min_val_linear_bound": 0.23483607594719516, "min_param_linear_bound": 1.1288378916846884, "min_val_catoni_bound": 0.1004021849043274, "min_param_catoni_bound": 69.51927961775604, "CE_kl_bound": 1.179526639822213, "CE_nbr_parameter_bounds": 20, "CE_min_val_linear_bound": 2.7421559313482886, "CE_min_param_linear_bound": 0.061584821106602614, "CE_min_val_catoni_bound": 1.1789763328387965, "CE_min_param_catoni_bound": 6.1584821106602545, "config": {"seed": 2, "prior_size": 0.1, "pretraining_epochs": 100, "pretraining_lr": 0.001, "model_type": "cnn", "dropout_probability": 0.2, "optimizer": "Adam", "training_lr": 0.0001, "momentum": null, "nesterov": null, "max_compression_size": -1, "data_groupsize": 32, "patience": 3, "dataset": "mnist", "n_classes": 10, "first_class": null, "second_class": null, "validation_size": 0.1, "max_epochs": 200, "batch_size": 64, "delta": 0.01, "nbr_parameter_bounds": 20, "classic_bounds": true, "p2l_bounds": true, "real_bounds": true, "log_iterations": 10, "deterministic": true, "clamping": true, "min_probability": 1e-05}}