{"prior_set_size": 30000, "train_set_size": 24000, "validation_set_size": 6000, "test_set_size": 10000, "compression_set_size": 896, "complement_error": 0.0, "complement_loss": 0.006014969665557146, "validation_error": 0.019862836226820946, "validation_loss": 0.07671555131673813, "test_error": 0.018480530008673668, "test_loss": 0.06866952031850815, "brute_force_binomial_tail_inversion": 1, "beta_ppf": 1.0, "beta_isf": 1.0, "binomial_approximation_shah": 0.15310520446592635, "binomial_approximation_sokolova": 0.15312344785477727, "p2l_bound": 0.040179465893035136, "p2l_upper_bound": 0.05937237708462481, "kl_bound": 0.15331474039703608, "nbr_parameter_bounds": 20, "min_val_linear_bound": 0.28843188107479434, "min_param_linear_bound": 1.1288378916846884, "min_val_catoni_bound": 0.15321500820538403, "min_param_catoni_bound": 69.51927961775604, "CE_kl_bound": 1.8000312923160726, "CE_nbr_parameter_bounds": 20, "CE_min_val_linear_bound": 3.4224110104776804, "CE_min_param_linear_bound": 0.1274274985703132, "CE_min_val_catoni_bound": 1.7990759642307543, "CE_min_param_catoni_bound": 6.1584821106602545, "config": {"seed": 2, "prior_size": 0.5, "pretraining_epochs": 50, "pretraining_lr": 0.01, "model_type": "cnn", "dropout_probability": 0.1, "optimizer": "Adam", "training_lr": 0.001, "momentum": null, "nesterov": null, "max_compression_size": -1, "data_groupsize": 32, "patience": 3, "dataset": "mnist", "n_classes": 10, "first_class": null, "second_class": null, "validation_size": 0.1, "max_epochs": 200, "batch_size": 64, "delta": 0.01, "nbr_parameter_bounds": 20, "classic_bounds": true, "p2l_bounds": true, "real_bounds": true, "log_iterations": 10, "deterministic": true, "clamping": true, "min_probability": 1e-05}}