{"train_set_size": 10612, "validation_set_size": 1179, "test_set_size": 1991, "compression_set_size": 483, "complement_error": 0.0, "complement_loss": 6.711211608489975e-05, "validation_error": 0.014831174165010452, "validation_loss": 2.5648791790008545, "test_error": 0.011082032695412636, "test_loss": 1.0021140575408936, "brute_force_binomial_tail_inversion": 1, "beta_ppf": 1.0, "beta_isf": 1.0, "binomial_approximation_shah": 0.17736846162940567, "binomial_approximation_sokolova": 0.17740888160244062, "p2l_bound": 0.049986032476932216, "p2l_upper_bound": 0.08174033076274918, "kl_bound": 0.17779917549341917, "nbr_parameter_bounds": 20, "min_val_linear_bound": 0.314329469124904, "min_param_linear_bound": 1.1288378916846884, "min_val_catoni_bound": 0.1776117254712566, "min_param_catoni_bound": 69.51927961775604, "config": {"seed": 42, "prior_size": 0.0, "pretraining_epochs": null, "pretraining_lr": null, "model_type": "mlp", "dropout_probability": 0.2, "optimizer": "Adam", "training_lr": 0.005, "momentum": null, "nesterov": null, "max_compression_size": -1, "data_groupsize": 1, "patience": 3, "dataset": "mnist", "n_classes": 2, "first_class": 4, "second_class": 9, "validation_size": 0.1, "max_epochs": 200, "batch_size": 64, "delta": 0.01, "nbr_parameter_bounds": 20, "classic_bounds": true, "p2l_bounds": true, "real_bounds": true, "log_iterations": 10, "deterministic": true}}