{"prior_set_size": 6000, "train_set_size": 48000, "validation_set_size": 6000, "test_set_size": 10000, "compression_set_size": 2208, "complement_error": 0.0, "validation_error": 0.013243267312645912, "test_error": 0.014057974331080914, "complement_loss": 0.00032032624585554004, "validation_loss": 0.06942339241504669, "test_loss": 0.0641820877790451, "brute_force_binomial_tail_inversion": 1, "beta_ppf": 1.0, "beta_isf": 1.0, "binomial_approximation_shah": 0.17790928862638222, "binomial_approximation_sokolova": 0.1779182236493605, "p2l_bound": 0.04838299558742437, "p2l_upper_bound": 0.06356604980944801, "kl_bound": 0.1780180586501956, "nbr_parameter_bounds": 20, "min_val_linear_bound": 0.31470801237625357, "min_param_linear_bound": 1.1288378916846884, "min_val_catoni_bound": 0.17796306839402898, "min_param_catoni_bound": 69.51927961775604, "CE_kl_bound": 2.052131114943037, "CE_nbr_parameter_bounds": 20, "CE_min_val_linear_bound": 3.649487888062154, "CE_min_param_linear_bound": 0.1274274985703132, "CE_min_val_catoni_bound": 2.054322430505014, "CE_min_param_catoni_bound": 20.6913808111479, "config": {"seed": 42, "prior_size": 0.1, "pretraining_epochs": 100, "pretraining_lr": 0.0001, "model_type": "cnn", "dropout_probability": 0.1, "optimizer": "Adam", "training_lr": 0.0001, "momentum": null, "nesterov": null, "max_compression_size": 40000, "data_groupsize": 32, "patience": 3, "dataset": "mnist", "n_classes": 10, "first_class": null, "second_class": null, "validation_size": 0.1, "max_epochs": 200, "batch_size": 64, "delta": 0.01, "nbr_parameter_bounds": 20, "classic_bounds": true, "p2l_bounds": true, "real_bounds": true, "log_iterations": 10, "deterministic": true, "clamping": true, "min_probability": 1e-05, "regression": false, "early_stopping": false}}