{"prior_set_size": 6000, "train_set_size": 48000, "validation_set_size": 6000, "test_set_size": 10000, "compression_set_size": 1920, "complement_error": 0.0, "complement_loss": 0.0004235401574987918, "validation_error": 0.010670160874724388, "validation_loss": 0.05471127852797508, "test_error": 0.007922779768705368, "test_loss": 0.039290230721235275, "brute_force_binomial_tail_inversion": 1, "beta_ppf": 1.0, "beta_isf": 1.0, "binomial_approximation_shah": 0.1607773058007349, "binomial_approximation_sokolova": 0.1607863700180332, "p2l_bound": 0.04220582460984587, "p2l_upper_bound": 0.056341277130219664, "kl_bound": 0.16088770609349012, "nbr_parameter_bounds": 20, "min_val_linear_bound": 0.2964363322987499, "min_param_linear_bound": 1.1288378916846884, "min_val_catoni_bound": 0.1608318631963328, "min_param_catoni_bound": 69.51927961775604, "config": {"seed": 2, "prior_size": 0.1, "pretraining_epochs": 100, "pretraining_lr": 0.001, "model_type": "cnn", "dropout_probability": 0.2, "optimizer": "Adam", "training_lr": 0.001, "momentum": null, "nesterov": null, "max_compression_size": -1, "data_groupsize": 32, "patience": 3, "dataset": "mnist", "n_classes": 2, "first_class": -1, "second_class": -1, "validation_size": 0.1, "max_epochs": 200, "batch_size": 64, "delta": 0.01, "nbr_parameter_bounds": 20, "classic_bounds": true, "p2l_bounds": true, "real_bounds": true, "log_iterations": 10, "deterministic": true}}