{"prior_set_size": 6000, "train_set_size": 48000, "validation_set_size": 6000, "test_set_size": 10000, "compression_set_size": 1728, "complement_error": 0.0, "complement_loss": 0.0008731361594982445, "validation_error": 0.00928167812526226, "validation_loss": 0.03882787004113197, "test_error": 0.01090864185243845, "test_loss": 0.05285993963479996, "brute_force_binomial_tail_inversion": 1, "beta_ppf": 1.0, "beta_isf": 1.0, "binomial_approximation_shah": 0.14882547720226613, "binomial_approximation_sokolova": 0.14883463236174022, "p2l_bound": 0.03808027487061918, "p2l_upper_bound": 0.051474773932087804, "kl_bound": 0.14893702324479818, "nbr_parameter_bounds": 20, "min_val_linear_bound": 0.2839089732314056, "min_param_linear_bound": 1.1288378916846884, "min_val_catoni_bound": 0.14888058198373, "min_param_catoni_bound": 69.51927961775604, "config": {"seed": 1, "prior_size": 0.1, "pretraining_epochs": 100, "pretraining_lr": 0.0001, "model_type": "cnn", "dropout_probability": 0.1, "optimizer": "Adam", "training_lr": 0.0001, "momentum": null, "nesterov": null, "max_compression_size": -1, "data_groupsize": 32, "patience": 3, "dataset": "mnist", "n_classes": 2, "first_class": -1, "second_class": -1, "validation_size": 0.1, "max_epochs": 200, "batch_size": 64, "delta": 0.01, "nbr_parameter_bounds": 20, "classic_bounds": true, "p2l_bounds": true, "real_bounds": true, "log_iterations": 10, "deterministic": true}}