{"train_set_size": 10206, "validation_set_size": 1133, "test_set_size": 1850, "compression_set_size": 147, "complement_error": 0.0, "complement_loss": 0.000140242584166117, "validation_error": 0.005615712609142065, "validation_loss": 0.01979529671370983, "test_error": 0.00499328225851059, "test_loss": 0.030658258125185966, "brute_force_binomial_tail_inversion": 1, "beta_ppf": 1.0, "beta_isf": 1.0, "binomial_approximation_shah": 0.07469974356686426, "binomial_approximation_sokolova": 0.074745524541594, "p2l_bound": 0.016730378364541453, "p2l_upper_bound": 0.034835752563649555, "kl_bound": 0.0751872630789876, "nbr_parameter_bounds": 20, "min_val_linear_bound": 0.21014459530873575, "min_param_linear_bound": 1.1288378916846884, "min_val_catoni_bound": 0.07497527186151953, "min_param_catoni_bound": 69.51927961775604, "config": {"seed": 2, "prior_size": 0.0, "pretraining_epochs": null, "pretraining_lr": null, "model_type": "cnn", "dropout_probability": 0.1, "optimizer": "Adam", "training_lr": 0.001, "momentum": null, "nesterov": null, "max_compression_size": -1, "data_groupsize": 1, "patience": 3, "dataset": "mnist", "n_classes": 2, "first_class": 5, "second_class": 6, "validation_size": 0.1, "max_epochs": 200, "batch_size": 64, "delta": 0.01, "nbr_parameter_bounds": 20, "classic_bounds": true, "p2l_bounds": true, "real_bounds": true, "log_iterations": 10, "deterministic": true}}