{"prior_set_size": 30000, "train_set_size": 24000, "validation_set_size": 6000, "test_set_size": 10000, "compression_set_size": 1952, "complement_error": 0.0, "complement_loss": 4.007492680102587e-05, "validation_error": 0.010220959782600403, "validation_loss": 0.07123119384050369, "test_error": 0.01480429619550705, "test_loss": 0.0800199806690216, "brute_force_binomial_tail_inversion": 1, "beta_ppf": 1.0, "beta_isf": 1.0, "binomial_approximation_shah": 0.2648559826008162, "binomial_approximation_sokolova": 0.26487257717947366, "p2l_bound": 0.08570033483758256, "p2l_upper_bound": 0.11429644201375043, "kl_bound": 0.2650458002462983, "nbr_parameter_bounds": 20, "min_val_linear_bound": 0.41379644214253475, "min_param_linear_bound": 1.1288378916846884, "min_val_catoni_bound": 0.26495586218395306, "min_param_catoni_bound": 69.51927961775604, "CE_kl_bound": 3.0518221262223855, "CE_nbr_parameter_bounds": 20, "CE_min_val_linear_bound": 4.526999129181405, "CE_min_param_linear_bound": 0.1274274985703132, "CE_min_val_catoni_bound": 3.0510265767261187, "CE_min_param_catoni_bound": 20.6913808111479, "config": {"seed": 1, "prior_size": 0.5, "pretraining_epochs": 50, "pretraining_lr": 0.0001, "model_type": "cnn", "dropout_probability": 0.2, "optimizer": "Adam", "training_lr": 0.001, "momentum": null, "nesterov": null, "max_compression_size": -1, "data_groupsize": 32, "patience": 3, "dataset": "mnist", "n_classes": 10, "first_class": null, "second_class": null, "validation_size": 0.1, "max_epochs": 200, "batch_size": 64, "delta": 0.01, "nbr_parameter_bounds": 20, "classic_bounds": true, "p2l_bounds": true, "real_bounds": true, "log_iterations": 10, "deterministic": true, "clamping": true, "min_probability": 1e-05}}