{"train_set_size": 10597, "validation_set_size": 1177, "test_set_size": 1954, "compression_set_size": 134, "complement_error": 0.0, "complement_loss": 0.0001177986923721619, "validation_error": 0.004117215052247047, "validation_loss": 0.03119666501879692, "test_error": 0.0054115308448672295, "test_loss": 0.03919575363397598, "brute_force_binomial_tail_inversion": 0.067422, "beta_ppf": 1.0, "beta_isf": 0.06742225771831102, "binomial_approximation_shah": 0.06742225769641108, "binomial_approximation_sokolova": 0.06746661717127223, "p2l_bound": 0.014766358941576102, "p2l_upper_bound": 0.031413747150485505, "kl_bound": 0.06789639871567488, "nbr_parameter_bounds": 20, "min_val_linear_bound": 0.19666686266494965, "min_param_linear_bound": 0.5455594781168515, "min_val_catoni_bound": 0.06768923211380529, "min_param_catoni_bound": 69.51927961775604, "config": {"seed": 1, "prior_size": 0.0, "pretraining_epochs": null, "pretraining_lr": null, "model_type": "mlp", "dropout_probability": 0.2, "optimizer": "Adam", "training_lr": 0.0001, "momentum": null, "nesterov": null, "max_compression_size": -1, "data_groupsize": 1, "patience": 3, "dataset": "mnist", "n_classes": 2, "first_class": 0, "second_class": 8, "validation_size": 0.1, "max_epochs": 200, "batch_size": 64, "delta": 0.01, "nbr_parameter_bounds": 20, "classic_bounds": true, "p2l_bounds": true, "real_bounds": true, "log_iterations": 10, "deterministic": true}}