{"prior_set_size": 30000, "train_set_size": 24000, "validation_set_size": 6000, "test_set_size": 10000, "compression_set_size": 192, "complement_error": 0.0, "validation_error": 0.006157033145427704, "test_error": 0.011412321589887142, "complement_loss": 4.16986076743342e-05, "validation_loss": 0.04124772921204567, "test_loss": 0.05641837790608406, "brute_force_binomial_tail_inversion": 1, "beta_ppf": 1.0, "beta_isf": 1.0, "binomial_approximation_shah": 0.04636832842783378, "binomial_approximation_sokolova": 0.046388263651728545, "p2l_bound": 0.009165035959333183, "p2l_upper_bound": 0.017962925838306602, "kl_bound": 0.046597898937761784, "nbr_parameter_bounds": 20, "min_val_linear_bound": 0.15545141421728145, "min_param_linear_bound": 0.5455594781168515, "min_val_catoni_bound": 0.04648831521579144, "min_param_catoni_bound": 69.51927961775604, "CE_kl_bound": 0.536895979352744, "CE_nbr_parameter_bounds": 20, "CE_min_val_linear_bound": 1.793381768370065, "CE_min_param_linear_bound": 0.061584821106602614, "CE_min_val_catoni_bound": 0.536039169368545, "CE_min_param_catoni_bound": 20.6913808111479, "config": {"seed": 42, "prior_size": 0.5, "pretraining_epochs": 100, "pretraining_lr": 0.001, "model_type": "cnn", "dropout_probability": 0.1, "optimizer": "Adam", "training_lr": 0.0001, "momentum": null, "nesterov": null, "max_compression_size": 40000, "data_groupsize": 32, "patience": 3, "dataset": "mnist", "n_classes": 10, "first_class": null, "second_class": null, "validation_size": 0.1, "max_epochs": 200, "batch_size": 64, "delta": 0.01, "nbr_parameter_bounds": 20, "classic_bounds": true, "p2l_bounds": true, "real_bounds": true, "log_iterations": 10, "deterministic": true, "clamping": true, "min_probability": 1e-05, "regression": false, "early_stopping": false}}