{"prior_set_size": 6000, "train_set_size": 48000, "validation_set_size": 6000, "test_set_size": 10000, "compression_set_size": 3264, "complement_error": 0.0, "complement_loss": 0.0005939116817899048, "validation_error": 0.012027403339743614, "validation_loss": 0.05714855715632439, "test_error": 0.01367337629199028, "test_loss": 0.05895821377635002, "brute_force_binomial_tail_inversion": 1, "beta_ppf": 1.0, "beta_isf": 1.0, "binomial_approximation_shah": 0.2342705015837816, "binomial_approximation_sokolova": 0.2342790204876407, "p2l_bound": 0.07094762293156237, "p2l_upper_bound": 0.08950073997310638, "kl_bound": 0.23437400627881289, "nbr_parameter_bounds": 20, "min_val_linear_bound": 0.3776252089658824, "min_param_linear_bound": 1.1288378916846884, "min_val_catoni_bound": 0.2343217767037542, "min_param_catoni_bound": 69.51927961775604, "config": {"seed": 1, "prior_size": 0.1, "pretraining_epochs": 100, "pretraining_lr": 0.01, "model_type": "cnn", "dropout_probability": 0.1, "optimizer": "Adam", "training_lr": 0.001, "momentum": null, "nesterov": null, "max_compression_size": -1, "data_groupsize": 32, "patience": 3, "dataset": "mnist", "n_classes": 2, "first_class": -1, "second_class": -1, "validation_size": 0.1, "max_epochs": 200, "batch_size": 64, "delta": 0.01, "nbr_parameter_bounds": 20, "classic_bounds": true, "p2l_bounds": true, "real_bounds": true, "log_iterations": 10, "deterministic": true}}