{"prior_set_size": 30000, "train_set_size": 24000, "validation_set_size": 6000, "test_set_size": 10000, "compression_set_size": 2656, "complement_error": 0.0, "complement_loss": 7.030151027720422e-05, "validation_error": 0.011416501365602016, "validation_loss": 0.10455415397882462, "test_error": 0.013695590198040009, "test_loss": 0.10601653903722763, "brute_force_binomial_tail_inversion": 1, "beta_ppf": 1.0, "beta_isf": 1.0, "binomial_approximation_shah": 0.3242638397829719, "binomial_approximation_sokolova": 0.32427959644387283, "p2l_bound": 0.11579985239147209, "p2l_upper_bound": 0.14932044939418193, "kl_bound": 0.3244435591623187, "nbr_parameter_bounds": 20, "min_val_linear_bound": 0.4598331998457992, "min_param_linear_bound": 2.335721469090121, "min_val_catoni_bound": 0.324358675922796, "min_param_catoni_bound": 69.51927961775604, "config": {"seed": 1, "prior_size": 0.5, "pretraining_epochs": 100, "pretraining_lr": 0.0001, "model_type": "cnn", "dropout_probability": 0.2, "optimizer": "Adam", "training_lr": 0.005, "momentum": null, "nesterov": null, "max_compression_size": -1, "data_groupsize": 32, "patience": 3, "dataset": "mnist", "n_classes": 2, "first_class": -1, "second_class": -1, "validation_size": 0.1, "max_epochs": 200, "batch_size": 64, "delta": 0.01, "nbr_parameter_bounds": 20, "classic_bounds": true, "p2l_bounds": true, "real_bounds": true, "log_iterations": 10, "deterministic": true}}