{"train_set_size": 10206, "validation_set_size": 1133, "test_set_size": 1850, "compression_set_size": 291, "complement_error": 0.0, "complement_loss": 2.659419351402903e-06, "validation_error": 0.005464077461510897, "validation_loss": 0.1728573441505432, "test_error": 0.00568521860986948, "test_loss": 0.6345608830451965, "brute_force_binomial_tail_inversion": 1, "beta_ppf": 1.0, "beta_isf": 1.0, "binomial_approximation_shah": 0.12594981104453118, "binomial_approximation_sokolova": 0.12599368438043035, "p2l_bound": 0.03198881225207306, "p2l_upper_bound": 0.05752276727259298, "kl_bound": 0.12641638051718473, "nbr_parameter_bounds": 20, "min_val_linear_bound": 0.26062554893906986, "min_param_linear_bound": 1.1288378916846884, "min_val_catoni_bound": 0.12621385792632245, "min_param_catoni_bound": 69.51927961775604, "config": {"seed": 42, "prior_size": 0.0, "pretraining_epochs": null, "pretraining_lr": null, "model_type": "mlp", "dropout_probability": 0.1, "optimizer": "Adam", "training_lr": 0.005, "momentum": null, "nesterov": null, "max_compression_size": -1, "data_groupsize": 1, "patience": 3, "dataset": "mnist", "n_classes": 2, "first_class": 5, "second_class": 6, "validation_size": 0.1, "max_epochs": 200, "batch_size": 64, "delta": 0.01, "nbr_parameter_bounds": 20, "classic_bounds": true, "p2l_bounds": true, "real_bounds": true, "log_iterations": 10, "deterministic": true}}