{"train_set_size": 10881, "validation_set_size": 1208, "test_set_size": 2042, "compression_set_size": 275, "complement_error": 0.0, "complement_loss": 0.00011735271982615814, "validation_error": 0.003254577750340104, "validation_loss": 0.1853322833776474, "test_error": 0.00442887656390667, "test_loss": 0.09197701513767242, "brute_force_binomial_tail_inversion": 1, "beta_ppf": 1.0, "beta_isf": 1.0, "binomial_approximation_shah": 0.11498874479816001, "binomial_approximation_sokolova": 0.11503027412446054, "p2l_bound": 0.028431151760303412, "p2l_upper_bound": 0.05170346596847978, "kl_bound": 0.11543320212513208, "nbr_parameter_bounds": 20, "min_val_linear_bound": 0.2495679388265305, "min_param_linear_bound": 1.1288378916846884, "min_val_catoni_bound": 0.11523868656534209, "min_param_catoni_bound": 69.51927961775604, "config": {"seed": 2, "prior_size": 0.0, "pretraining_epochs": null, "pretraining_lr": null, "model_type": "cnn", "dropout_probability": 0.1, "optimizer": "Adam", "training_lr": 0.01, "momentum": null, "nesterov": null, "max_compression_size": -1, "data_groupsize": 1, "patience": 3, "dataset": "mnist", "n_classes": 2, "first_class": 2, "second_class": 3, "validation_size": 0.1, "max_epochs": 200, "batch_size": 64, "delta": 0.01, "nbr_parameter_bounds": 20, "classic_bounds": true, "p2l_bounds": true, "real_bounds": true, "log_iterations": 10, "deterministic": true}}