{"train_set_size": 10206, "validation_set_size": 1133, "test_set_size": 1850, "compression_set_size": 119, "complement_error": 0.0, "complement_loss": 0.0006396475364454091, "validation_error": 0.0032586539164185524, "validation_loss": 0.009162484668195248, "test_error": 0.002617860911414027, "test_loss": 0.031238218769431114, "brute_force_binomial_tail_inversion": 0.06328199999999999, "beta_ppf": 1.0, "beta_isf": 0.06328223875104225, "binomial_approximation_shah": 0.06328223875104222, "binomial_approximation_sokolova": 0.06332845598231451, "p2l_bound": 0.013710747750007149, "p2l_upper_bound": 0.030001367559593123, "kl_bound": 0.06377453450113535, "nbr_parameter_bounds": 20, "min_val_linear_bound": 0.18856723052270125, "min_param_linear_bound": 0.5455594781168515, "min_val_catoni_bound": 0.06356039270866776, "min_param_catoni_bound": 69.51927961775604, "config": {"seed": 42, "prior_size": 0.0, "pretraining_epochs": null, "pretraining_lr": null, "model_type": "cnn", "dropout_probability": 0.2, "optimizer": "Adam", "training_lr": 0.001, "momentum": null, "nesterov": null, "max_compression_size": -1, "data_groupsize": 1, "patience": 3, "dataset": "mnist", "n_classes": 2, "first_class": 5, "second_class": 6, "validation_size": 0.1, "max_epochs": 200, "batch_size": 64, "delta": 0.01, "nbr_parameter_bounds": 20, "classic_bounds": true, "p2l_bounds": true, "real_bounds": true, "log_iterations": 10, "deterministic": true}}