{"train_set_size": 10612, "validation_set_size": 1179, "test_set_size": 1991, "compression_set_size": 310, "complement_error": 0.0, "complement_loss": 6.852441583760083e-05, "validation_error": 0.005650521256029606, "validation_loss": 0.5213705897331238, "test_error": 0.0060755787417292595, "test_loss": 0.13558803498744965, "brute_force_binomial_tail_inversion": 1, "beta_ppf": 1.0, "beta_isf": 1.0, "binomial_approximation_shah": 0.12821136264452038, "binomial_approximation_sokolova": 0.1282534786402344, "p2l_bound": 0.032681875020155716, "p2l_upper_bound": 0.05803581445807918, "kl_bound": 0.1286608660593629, "nbr_parameter_bounds": 20, "min_val_linear_bound": 0.26291059109200543, "min_param_linear_bound": 1.1288378916846884, "min_val_catoni_bound": 0.12846483436569445, "min_param_catoni_bound": 69.51927961775604, "config": {"seed": 1, "prior_size": 0.0, "pretraining_epochs": null, "pretraining_lr": null, "model_type": "cnn", "dropout_probability": 0.2, "optimizer": "Adam", "training_lr": 0.005, "momentum": null, "nesterov": null, "max_compression_size": -1, "data_groupsize": 1, "patience": 3, "dataset": "mnist", "n_classes": 2, "first_class": 4, "second_class": 9, "validation_size": 0.1, "max_epochs": 200, "batch_size": 64, "delta": 0.01, "nbr_parameter_bounds": 20, "classic_bounds": true, "p2l_bounds": true, "real_bounds": true, "log_iterations": 10, "deterministic": true}}