{"prior_set_size": 6000, "train_set_size": 48000, "validation_set_size": 6000, "test_set_size": 10000, "compression_set_size": 2624, "complement_error": 0.0, "complement_loss": 0.06770604848861694, "validation_error": 0.024028658866882324, "validation_loss": 0.12135981768369675, "test_error": 0.022431155666708946, "test_loss": 0.12079423666000366, "brute_force_binomial_tail_inversion": 1, "beta_ppf": 1.0, "beta_isf": 1.0, "binomial_approximation_shah": 0.20120241246062898, "binomial_approximation_sokolova": 0.2012111739120711, "p2l_bound": 0.05728604873168903, "p2l_upper_bound": 0.07387279410646319, "kl_bound": 0.20130898896604776, "nbr_parameter_bounds": 20, "min_val_linear_bound": 0.3401711563594868, "min_param_linear_bound": 1.1288378916846884, "min_val_catoni_bound": 0.201255147490648, "min_param_catoni_bound": 69.51927961775604, "CE_kl_bound": 2.5783388289263023, "CE_nbr_parameter_bounds": 20, "CE_min_val_linear_bound": 3.9424431466466823, "CE_min_param_linear_bound": 0.1274274985703132, "CE_min_val_catoni_bound": 2.6497318361734643, "CE_min_param_catoni_bound": 6.1584821106602545, "config": {"seed": 3, "prior_size": 0.1, "pretraining_epochs": 50, "pretraining_lr": 0.01, "model_type": "cnn", "dropout_probability": 0.2, "optimizer": "Adam", "training_lr": 0.0001, "momentum": null, "nesterov": null, "max_compression_size": -1, "data_groupsize": 32, "patience": 3, "dataset": "mnist", "n_classes": 10, "first_class": null, "second_class": null, "validation_size": 0.1, "max_epochs": 200, "batch_size": 64, "delta": 0.01, "nbr_parameter_bounds": 20, "classic_bounds": true, "p2l_bounds": true, "real_bounds": true, "log_iterations": 10, "deterministic": true, "clamping": true, "min_probability": 1e-05}}