{"train_set_size": 10597, "validation_set_size": 1177, "test_set_size": 1954, "compression_set_size": 163, "complement_error": 0.0, "complement_loss": 1.2388196410029195e-05, "validation_error": 0.0016681116539984941, "validation_loss": 0.049136992543935776, "test_error": 0.0036643093917518854, "test_loss": 0.08067980408668518, "brute_force_binomial_tail_inversion": 1, "beta_ppf": 1.0, "beta_isf": 1.0, "binomial_approximation_shah": 0.07859138065686866, "binomial_approximation_sokolova": 0.07863533066755413, "p2l_bound": 0.01776552120761237, "p2l_upper_bound": 0.036129009214735476, "kl_bound": 0.07906102295964956, "nbr_parameter_bounds": 20, "min_val_linear_bound": 0.2138687578104851, "min_param_linear_bound": 1.1288378916846884, "min_val_catoni_bound": 0.0788558906548148, "min_param_catoni_bound": 69.51927961775604, "config": {"seed": 1, "prior_size": 0.0, "pretraining_epochs": null, "pretraining_lr": null, "model_type": "mlp", "dropout_probability": 0.2, "optimizer": "Adam", "training_lr": 0.001, "momentum": null, "nesterov": null, "max_compression_size": -1, "data_groupsize": 1, "patience": 3, "dataset": "mnist", "n_classes": 2, "first_class": 0, "second_class": 8, "validation_size": 0.1, "max_epochs": 200, "batch_size": 64, "delta": 0.01, "nbr_parameter_bounds": 20, "classic_bounds": true, "p2l_bounds": true, "real_bounds": true, "log_iterations": 10, "deterministic": true}}