{"train_set_size": 10881, "validation_set_size": 1208, "test_set_size": 2042, "compression_set_size": 173, "complement_error": 0.0, "complement_loss": 0.004362107254564762, "validation_error": 0.0008830013684928417, "validation_loss": 0.0068895453587174416, "test_error": 0.003217345802113414, "test_loss": 0.011829864233732224, "brute_force_binomial_tail_inversion": 1, "beta_ppf": 1.0, "beta_isf": 1.0, "binomial_approximation_shah": 0.08061640859137564, "binomial_approximation_sokolova": 0.08065913990046758, "p2l_bound": 0.01830474595277275, "p2l_upper_bound": 0.03673094022447126, "kl_bound": 0.08107414189726114, "nbr_parameter_bounds": 20, "min_val_linear_bound": 0.2158113079385779, "min_param_linear_bound": 1.1288378916846884, "min_val_catoni_bound": 0.0808735847085964, "min_param_catoni_bound": 69.51927961775604, "config": {"seed": 42, "prior_size": 0.0, "pretraining_epochs": null, "pretraining_lr": null, "model_type": "cnn", "dropout_probability": 0.1, "optimizer": "Adam", "training_lr": 0.0001, "momentum": null, "nesterov": null, "max_compression_size": -1, "data_groupsize": 1, "patience": 3, "dataset": "mnist", "n_classes": 2, "first_class": 2, "second_class": 3, "validation_size": 0.1, "max_epochs": 200, "batch_size": 64, "delta": 0.01, "nbr_parameter_bounds": 20, "classic_bounds": true, "p2l_bounds": true, "real_bounds": true, "log_iterations": 10, "deterministic": true}}