{"train_set_size": 10206, "validation_set_size": 1133, "test_set_size": 1850, "compression_set_size": 120, "complement_error": 0.0, "complement_loss": 0.0006958668236620724, "validation_error": 0.0038475212641060352, "validation_loss": 0.00859773438423872, "test_error": 0.005589595530182123, "test_loss": 0.028883036226034164, "brute_force_binomial_tail_inversion": 0.063701, "beta_ppf": 1.0, "beta_isf": 0.06370132533874738, "binomial_approximation_shah": 0.0637013253387474, "binomial_approximation_sokolova": 0.06374752647262882, "p2l_bound": 0.013819053049985243, "p2l_upper_bound": 0.030177823672554904, "kl_bound": 0.06419344339519739, "nbr_parameter_bounds": 20, "min_val_linear_bound": 0.18938754173414665, "min_param_linear_bound": 0.5455594781168515, "min_val_catoni_bound": 0.0639793824123619, "min_param_catoni_bound": 69.51927961775604, "config": {"seed": 3, "prior_size": 0.0, "pretraining_epochs": null, "pretraining_lr": null, "model_type": "cnn", "dropout_probability": 0.2, "optimizer": "Adam", "training_lr": 0.001, "momentum": null, "nesterov": null, "max_compression_size": -1, "data_groupsize": 1, "patience": 3, "dataset": "mnist", "n_classes": 2, "first_class": 5, "second_class": 6, "validation_size": 0.1, "max_epochs": 200, "batch_size": 64, "delta": 0.01, "nbr_parameter_bounds": 20, "classic_bounds": true, "p2l_bounds": true, "real_bounds": true, "log_iterations": 10, "deterministic": true}}