{"train_set_size": 10881, "validation_set_size": 1208, "test_set_size": 2042, "compression_set_size": 357, "complement_error": 0.0, "complement_loss": 9.536930156173185e-05, "validation_error": 0.0032827728427946568, "validation_loss": 0.2311486452817917, "test_error": 0.004264312796294689, "test_loss": 0.31905046105384827, "brute_force_binomial_tail_inversion": 1, "beta_ppf": 1.0, "beta_isf": 1.0, "binomial_approximation_shah": 0.13973221293389793, "binomial_approximation_sokolova": 0.13977289569842066, "p2l_bound": 0.03648164326315814, "p2l_upper_bound": 0.06304062379351202, "kl_bound": 0.14016729313880205, "nbr_parameter_bounds": 20, "min_val_linear_bound": 0.27469009552349793, "min_param_linear_bound": 1.1288378916846884, "min_val_catoni_bound": 0.1399770594949813, "min_param_catoni_bound": 69.51927961775604, "config": {"seed": 1, "prior_size": 0.0, "pretraining_epochs": null, "pretraining_lr": null, "model_type": "mlp", "dropout_probability": 0.1, "optimizer": "Adam", "training_lr": 0.001, "momentum": null, "nesterov": null, "max_compression_size": -1, "data_groupsize": 1, "patience": 3, "dataset": "mnist", "n_classes": 2, "first_class": 2, "second_class": 3, "validation_size": 0.1, "max_epochs": 200, "batch_size": 64, "delta": 0.01, "nbr_parameter_bounds": 20, "classic_bounds": true, "p2l_bounds": true, "real_bounds": true, "log_iterations": 10, "deterministic": true}}