{"prior_set_size": 6000, "train_set_size": 48000, "validation_set_size": 6000, "test_set_size": 10000, "compression_set_size": 43744, "complement_error": 0.0, "complement_loss": 0.0, "validation_error": 0.900000810623169, "validation_loss": 10.42879581451416, "test_error": 0.899858295917511, "test_loss": 10.485979080200195, "brute_force_binomial_tail_inversion": 1, "beta_ppf": 1.0, "beta_isf": 1.0, "binomial_approximation_shah": 0.966027374953529, "binomial_approximation_sokolova": 0.9660313475092553, "p2l_bound": 0.9156248996475091, "p2l_upper_bound": 0.9934776740082726, "kl_bound": 0.9660662366077304, "nbr_parameter_bounds": 20, "min_val_linear_bound": 1.3040858514543476, "min_param_linear_bound": 4.832930238571752, "min_val_catoni_bound": 0.9660512793425078, "min_param_catoni_bound": 69.51927961775604, "CE_kl_bound": 11.122248576289094, "CE_nbr_parameter_bounds": 20, "CE_min_val_linear_bound": 15.239862872388002, "CE_min_param_linear_bound": 0.5455594781168515, "CE_min_val_catoni_bound": 11.122076374409426, "CE_min_param_catoni_bound": 69.51927961775604, "config": {"seed": 1, "prior_size": 0.1, "pretraining_epochs": 50, "pretraining_lr": 0.0001, "model_type": "cnn", "dropout_probability": 0.1, "optimizer": "Adam", "training_lr": 0.005, "momentum": null, "nesterov": null, "max_compression_size": -1, "data_groupsize": 32, "patience": 3, "dataset": "mnist", "n_classes": 10, "first_class": null, "second_class": null, "validation_size": 0.1, "max_epochs": 200, "batch_size": 64, "delta": 0.01, "nbr_parameter_bounds": 20, "classic_bounds": true, "p2l_bounds": true, "real_bounds": true, "log_iterations": 10, "deterministic": true, "clamping": true, "min_probability": 1e-05}}