{"train_set_size": 10206, "validation_set_size": 1133, "test_set_size": 1850, "compression_set_size": 317, "complement_error": 0.0, "complement_loss": 0.00021717428171541542, "validation_error": 0.006295062601566315, "validation_loss": 1.047374963760376, "test_error": 0.01018326636403799, "test_loss": 2.100114583969116, "brute_force_binomial_tail_inversion": 1, "beta_ppf": 1.0, "beta_isf": 1.0, "binomial_approximation_shah": 0.13423687969170894, "binomial_approximation_sokolova": 0.13428045130905664, "p2l_bound": 0.03471269312216434, "p2l_upper_bound": 0.06137695678201198, "kl_bound": 0.13470012415200472, "nbr_parameter_bounds": 20, "min_val_linear_bound": 0.26906542758102914, "min_param_linear_bound": 1.1288378916846884, "min_val_catoni_bound": 0.13449911062649422, "min_param_catoni_bound": 69.51927961775604, "config": {"seed": 3, "prior_size": 0.0, "pretraining_epochs": null, "pretraining_lr": null, "model_type": "mlp", "dropout_probability": 0.1, "optimizer": "Adam", "training_lr": 0.01, "momentum": null, "nesterov": null, "max_compression_size": -1, "data_groupsize": 1, "patience": 3, "dataset": "mnist", "n_classes": 2, "first_class": 5, "second_class": 6, "validation_size": 0.1, "max_epochs": 200, "batch_size": 64, "delta": 0.01, "nbr_parameter_bounds": 20, "classic_bounds": true, "p2l_bounds": true, "real_bounds": true, "log_iterations": 10, "deterministic": true}}