{"prior_set_size": 30000, "train_set_size": 24000, "validation_set_size": 6000, "test_set_size": 10000, "compression_set_size": 384, "complement_error": 0.0, "complement_loss": 0.004614093340933323, "validation_error": 0.008537638932466507, "validation_loss": 0.028950141742825508, "test_error": 0.008712537586688995, "test_loss": 0.033438507467508316, "brute_force_binomial_tail_inversion": 1, "beta_ppf": 1.0, "beta_isf": 1.0, "binomial_approximation_shah": 0.08049845251607612, "binomial_approximation_sokolova": 0.08051783053843664, "p2l_bound": 0.01775152715109289, "p2l_upper_bound": 0.030230830802738445, "kl_bound": 0.08072144817560911, "nbr_parameter_bounds": 20, "min_val_linear_bound": 0.21556219789317438, "min_param_linear_bound": 1.1288378916846884, "min_val_catoni_bound": 0.08061508555118002, "min_param_catoni_bound": 69.51927961775604, "CE_kl_bound": 0.9565394811559912, "CE_nbr_parameter_bounds": 20, "CE_min_val_linear_bound": 2.3897688949859233, "CE_min_param_linear_bound": 0.061584821106602614, "CE_min_val_catoni_bound": 0.9562311961844706, "CE_min_param_catoni_bound": 6.1584821106602545, "config": {"seed": 1, "prior_size": 0.5, "pretraining_epochs": 50, "pretraining_lr": 0.001, "model_type": "cnn", "dropout_probability": 0.2, "optimizer": "Adam", "training_lr": 0.0001, "momentum": null, "nesterov": null, "max_compression_size": -1, "data_groupsize": 32, "patience": 3, "dataset": "mnist", "n_classes": 10, "first_class": null, "second_class": null, "validation_size": 0.1, "max_epochs": 200, "batch_size": 64, "delta": 0.01, "nbr_parameter_bounds": 20, "classic_bounds": true, "p2l_bounds": true, "real_bounds": true, "log_iterations": 10, "deterministic": true, "clamping": true, "min_probability": 1e-05}}