{"train_set_size": 10597, "validation_set_size": 1177, "test_set_size": 1954, "compression_set_size": 144, "complement_error": 0.0, "complement_loss": 5.907099875912536e-06, "validation_error": 0.0009375080117024481, "validation_loss": 0.029188374057412148, "test_error": 0.002472886350005865, "test_loss": 0.03564712777733803, "brute_force_binomial_tail_inversion": 1, "beta_ppf": 1.0, "beta_isf": 1.0, "binomial_approximation_shah": 0.0713407744492095, "binomial_approximation_sokolova": 0.07138498979163432, "p2l_bound": 0.015803147963455336, "p2l_upper_bound": 0.03306085136344248, "kl_bound": 0.07181333284825087, "nbr_parameter_bounds": 20, "min_val_linear_bound": 0.20438543219058752, "min_param_linear_bound": 0.5455594781168515, "min_val_catoni_bound": 0.0716068813851618, "min_param_catoni_bound": 69.51927961775604, "config": {"seed": 4, "prior_size": 0.0, "pretraining_epochs": null, "pretraining_lr": null, "model_type": "cnn", "dropout_probability": 0.1, "optimizer": "Adam", "training_lr": 0.005, "momentum": null, "nesterov": null, "max_compression_size": -1, "data_groupsize": 1, "patience": 3, "dataset": "mnist", "n_classes": 2, "first_class": 0, "second_class": 8, "validation_size": 0.1, "max_epochs": 200, "batch_size": 64, "delta": 0.01, "nbr_parameter_bounds": 20, "classic_bounds": true, "p2l_bounds": true, "real_bounds": true, "log_iterations": 10, "deterministic": true}}