{"prior_set_size": 6000, "train_set_size": 48000, "validation_set_size": 6000, "test_set_size": 10000, "compression_set_size": 4704, "complement_error": 0.0, "complement_loss": 3.581365308491513e-05, "validation_error": 0.00807677861303091, "validation_loss": 0.16633892059326172, "test_error": 0.008730150759220123, "test_loss": 0.13973206281661987, "brute_force_binomial_tail_inversion": 1, "beta_ppf": 1.0, "beta_isf": 1.0, "binomial_approximation_shah": 0.29945490018661525, "binomial_approximation_sokolova": 0.29946295311307713, "p2l_bound": 0.10157469039130956, "p2l_upper_bound": 0.12397251340089338, "kl_bound": 0.2995524788275361, "nbr_parameter_bounds": 20, "min_val_linear_bound": 0.44436594270170393, "min_param_linear_bound": 2.335721469090121, "min_val_catoni_bound": 0.29950337055250664, "min_param_catoni_bound": 69.51927961775604, "config": {"seed": 1, "prior_size": 0.1, "pretraining_epochs": 100, "pretraining_lr": 0.001, "model_type": "cnn", "dropout_probability": 0.1, "optimizer": "Adam", "training_lr": 0.005, "momentum": null, "nesterov": null, "max_compression_size": -1, "data_groupsize": 32, "patience": 3, "dataset": "mnist", "n_classes": 2, "first_class": -1, "second_class": -1, "validation_size": 0.1, "max_epochs": 200, "batch_size": 64, "delta": 0.01, "nbr_parameter_bounds": 20, "classic_bounds": true, "p2l_bounds": true, "real_bounds": true, "log_iterations": 10, "deterministic": true}}