{"train_set_size": 10881, "validation_set_size": 1208, "test_set_size": 2042, "compression_set_size": 626, "complement_error": 0.0, "complement_loss": 0.0044141774997115135, "validation_error": 0.009044391103088856, "validation_loss": 0.8837597370147705, "test_error": 0.004284598398953676, "test_loss": 0.9583629965782166, "brute_force_binomial_tail_inversion": 1, "beta_ppf": 1.0, "beta_isf": 1.0, "binomial_approximation_shah": 0.20935842657216253, "binomial_approximation_sokolova": 0.20939679741580686, "p2l_bound": 0.06257848253314183, "p2l_upper_bound": 0.0979223165017507, "kl_bound": 0.20976778212934732, "nbr_parameter_bounds": 20, "min_val_linear_bound": 0.34946296986494213, "min_param_linear_bound": 1.1288378916846884, "min_val_catoni_bound": 0.20958935826955116, "min_param_catoni_bound": 69.51927961775604, "config": {"seed": 2, "prior_size": 0.0, "pretraining_epochs": null, "pretraining_lr": null, "model_type": "mlp", "dropout_probability": 0.2, "optimizer": "Adam", "training_lr": 0.01, "momentum": null, "nesterov": null, "max_compression_size": -1, "data_groupsize": 1, "patience": 3, "dataset": "mnist", "n_classes": 2, "first_class": 2, "second_class": 3, "validation_size": 0.1, "max_epochs": 200, "batch_size": 64, "delta": 0.01, "nbr_parameter_bounds": 20, "classic_bounds": true, "p2l_bounds": true, "real_bounds": true, "log_iterations": 10, "deterministic": true}}