{"train_set_size": 11707, "validation_set_size": 1300, "test_set_size": 2163, "compression_set_size": 85, "complement_error": 0.0, "complement_loss": 0.020781993865966797, "validation_error": 0.0014725259970873594, "validation_loss": 0.02324809320271015, "test_error": 0.002290222095325589, "test_loss": 0.025422727689146996, "brute_force_binomial_tail_inversion": 0.04328, "beta_ppf": 1.0, "beta_isf": 0.04328046438555787, "binomial_approximation_shah": 0.04328046438555788, "binomial_approximation_sokolova": 0.043321434047137286, "p2l_bound": 0.008720598857880225, "p2l_upper_bound": 0.02073463777787167, "kl_bound": 0.043722704984247684, "nbr_parameter_bounds": 20, "min_val_linear_bound": 0.14976763658677375, "min_param_linear_bound": 0.5455594781168515, "min_val_catoni_bound": 0.0435270403824497, "min_param_catoni_bound": 69.51927961775604, "config": {"seed": 3, "prior_size": 0.0, "pretraining_epochs": null, "pretraining_lr": null, "model_type": "cnn", "dropout_probability": 0.2, "optimizer": "Adam", "training_lr": 0.0001, "momentum": null, "nesterov": null, "max_compression_size": -1, "data_groupsize": 1, "patience": 3, "dataset": "mnist", "n_classes": 2, "first_class": 1, "second_class": 7, "validation_size": 0.1, "max_epochs": 200, "batch_size": 64, "delta": 0.01, "nbr_parameter_bounds": 20, "classic_bounds": true, "p2l_bounds": true, "real_bounds": true, "log_iterations": 10, "deterministic": true}}