{"train_set_size": 11707, "validation_set_size": 1300, "test_set_size": 2163, "compression_set_size": 149, "complement_error": 0.0, "complement_loss": 1.5171948689385317e-05, "validation_error": 0.0007239825790748, "validation_loss": 0.04417703300714493, "test_error": 0.002430484164506197, "test_loss": 0.033636756241321564, "brute_force_binomial_tail_inversion": 1, "beta_ppf": 1.0, "beta_isf": 1.0, "binomial_approximation_shah": 0.06768142563785973, "binomial_approximation_sokolova": 0.0677215714456203, "p2l_bound": 0.014774308434032518, "p2l_upper_bound": 0.030663744281781573, "kl_bound": 0.06811454985290766, "nbr_parameter_bounds": 20, "min_val_linear_bound": 0.19712660724492398, "min_param_linear_bound": 0.5455594781168515, "min_val_catoni_bound": 0.06792304312498243, "min_param_catoni_bound": 69.51927961775604, "config": {"seed": 42, "prior_size": 0.0, "pretraining_epochs": null, "pretraining_lr": null, "model_type": "cnn", "dropout_probability": 0.2, "optimizer": "Adam", "training_lr": 0.01, "momentum": null, "nesterov": null, "max_compression_size": -1, "data_groupsize": 1, "patience": 3, "dataset": "mnist", "n_classes": 2, "first_class": 1, "second_class": 7, "validation_size": 0.1, "max_epochs": 200, "batch_size": 64, "delta": 0.01, "nbr_parameter_bounds": 20, "classic_bounds": true, "p2l_bounds": true, "real_bounds": true, "log_iterations": 10, "deterministic": true}}