{"train_set_size": 10206, "validation_set_size": 1133, "test_set_size": 1850, "compression_set_size": 250, "complement_error": 0.0, "complement_loss": 1.1050937018808327e-06, "validation_error": 0.006081136874854565, "validation_loss": 0.356886625289917, "test_error": 0.007083313539624214, "test_loss": 0.9473758339881897, "brute_force_binomial_tail_inversion": 1, "beta_ppf": 1.0, "beta_isf": 1.0, "binomial_approximation_shah": 0.11236632012898295, "binomial_approximation_sokolova": 0.11241069181529895, "p2l_bound": 0.02767782906456258, "p2l_upper_bound": 0.05132548567625386, "kl_bound": 0.11283837351948023, "nbr_parameter_bounds": 20, "min_val_linear_bound": 0.24696319658475008, "min_param_linear_bound": 1.1288378916846884, "min_val_catoni_bound": 0.11263336641687283, "min_param_catoni_bound": 69.51927961775604, "config": {"seed": 3, "prior_size": 0.0, "pretraining_epochs": null, "pretraining_lr": null, "model_type": "mlp", "dropout_probability": 0.1, "optimizer": "Adam", "training_lr": 0.005, "momentum": null, "nesterov": null, "max_compression_size": -1, "data_groupsize": 1, "patience": 3, "dataset": "mnist", "n_classes": 2, "first_class": 5, "second_class": 6, "validation_size": 0.1, "max_epochs": 200, "batch_size": 64, "delta": 0.01, "nbr_parameter_bounds": 20, "classic_bounds": true, "p2l_bounds": true, "real_bounds": true, "log_iterations": 10, "deterministic": true}}