{"prior_set_size": 12000, "train_set_size": 42000, "validation_set_size": 6000, "test_set_size": 10000, "compression_set_size": 1408, "complement_error": 0.0, "validation_error": 0.00951450876891613, "test_error": 0.010605670511722565, "complement_loss": 3.811972419498488e-05, "validation_loss": 0.05483456328511238, "test_loss": 0.06191471964120865, "brute_force_binomial_tail_inversion": 1, "beta_ppf": 1.0, "beta_isf": 1.0, "binomial_approximation_shah": 0.14122515713525785, "binomial_approximation_sokolova": 0.14123568654693497, "p2l_bound": 0.03563952471089682, "p2l_upper_bound": 0.04943221441428902, "kl_bound": 0.14135206025093794, "nbr_parameter_bounds": 20, "min_val_linear_bound": 0.27604201039265835, "min_param_linear_bound": 1.1288378916846884, "min_val_catoni_bound": 0.14128853328283209, "min_param_catoni_bound": 69.51927961775604, "CE_kl_bound": 1.627762427070376, "CE_nbr_parameter_bounds": 20, "CE_min_val_linear_bound": 3.30667641078852, "CE_min_param_linear_bound": 0.1274274985703132, "CE_min_val_catoni_bound": 1.6273216396569015, "CE_min_param_catoni_bound": 20.6913808111479, "config": {"seed": 4, "prior_size": 0.2, "pretraining_epochs": 100, "pretraining_lr": 0.001, "model_type": "cnn", "dropout_probability": 0.2, "optimizer": "Adam", "training_lr": 0.001, "momentum": null, "nesterov": null, "max_compression_size": 40000, "data_groupsize": 32, "patience": 3, "dataset": "mnist", "n_classes": 10, "first_class": null, "second_class": null, "validation_size": 0.1, "max_epochs": 200, "batch_size": 64, "delta": 0.01, "nbr_parameter_bounds": 20, "classic_bounds": true, "p2l_bounds": true, "real_bounds": true, "log_iterations": 10, "deterministic": true, "clamping": true, "min_probability": 1e-05, "regression": false, "early_stopping": false}}