{"train_set_size": 10881, "validation_set_size": 1208, "test_set_size": 2042, "compression_set_size": 185, "complement_error": 0.0, "complement_loss": 0.00313063757494092, "validation_error": 0.006943317595869303, "validation_loss": 0.017181457951664925, "test_error": 0.003714043414220214, "test_loss": 0.010792791843414307, "brute_force_binomial_tail_inversion": 1, "beta_ppf": 1.0, "beta_isf": 1.0, "binomial_approximation_shah": 0.08492135684839908, "binomial_approximation_sokolova": 0.08496393578647154, "p2l_bound": 0.019504943008224515, "p2l_upper_bound": 0.038562470854277484, "kl_bound": 0.08537741098552942, "nbr_parameter_bounds": 20, "min_val_linear_bound": 0.21996933600826563, "min_param_linear_bound": 1.1288378916846884, "min_val_catoni_bound": 0.0851776158951888, "min_param_catoni_bound": 69.51927961775604, "config": {"seed": 2, "prior_size": 0.0, "pretraining_epochs": null, "pretraining_lr": null, "model_type": "cnn", "dropout_probability": 0.1, "optimizer": "Adam", "training_lr": 0.0001, "momentum": null, "nesterov": null, "max_compression_size": -1, "data_groupsize": 1, "patience": 3, "dataset": "mnist", "n_classes": 2, "first_class": 2, "second_class": 3, "validation_size": 0.1, "max_epochs": 200, "batch_size": 64, "delta": 0.01, "nbr_parameter_bounds": 20, "classic_bounds": true, "p2l_bounds": true, "real_bounds": true, "log_iterations": 10, "deterministic": true}}