{"train_set_size": 11707, "validation_set_size": 1300, "test_set_size": 2163, "compression_set_size": 132, "complement_error": 0.0, "complement_loss": 0.00022530154092237353, "validation_error": 0.0007032951689325273, "validation_loss": 0.12658990919589996, "test_error": 0.0052999528124928474, "test_loss": 0.28722092509269714, "brute_force_binomial_tail_inversion": 0.061509999999999995, "beta_ppf": 1.0, "beta_isf": 0.06151030613448806, "binomial_approximation_shah": 0.06151030853902584, "binomial_approximation_sokolova": 0.06155066072577198, "p2l_bound": 0.013179301835573174, "p2l_upper_bound": 0.028134378781910916, "kl_bound": 0.061945718713104725, "nbr_parameter_bounds": 20, "min_val_linear_bound": 0.18503319016096437, "min_param_linear_bound": 0.5455594781168515, "min_val_catoni_bound": 0.06175316815632337, "min_param_catoni_bound": 69.51927961775604, "config": {"seed": 4, "prior_size": 0.0, "pretraining_epochs": null, "pretraining_lr": null, "model_type": "mlp", "dropout_probability": 0.1, "optimizer": "Adam", "training_lr": 0.005, "momentum": null, "nesterov": null, "max_compression_size": -1, "data_groupsize": 1, "patience": 3, "dataset": "mnist", "n_classes": 2, "first_class": 1, "second_class": 7, "validation_size": 0.1, "max_epochs": 200, "batch_size": 64, "delta": 0.01, "nbr_parameter_bounds": 20, "classic_bounds": true, "p2l_bounds": true, "real_bounds": true, "log_iterations": 10, "deterministic": true}}