{"train_set_size": 10597, "validation_set_size": 1177, "test_set_size": 1954, "compression_set_size": 130, "complement_error": 0.0, "complement_loss": 4.170159809291363e-05, "validation_error": 0.003959331661462784, "validation_loss": 0.05091825872659683, "test_error": 0.00156987679656595, "test_loss": 0.02373434603214264, "brute_force_binomial_tail_inversion": 0.065833, "beta_ppf": 1.0, "beta_isf": 0.06583350872402263, "binomial_approximation_shah": 0.0658335087240226, "binomial_approximation_sokolova": 0.06587792678953674, "p2l_bound": 0.014350793264385122, "p2l_upper_bound": 0.0307479331435298, "kl_bound": 0.06630829256027937, "nbr_parameter_bounds": 20, "min_val_linear_bound": 0.1935466343360983, "min_param_linear_bound": 0.5455594781168515, "min_val_catoni_bound": 0.06610083577738524, "min_param_catoni_bound": 69.51927961775604, "config": {"seed": 3, "prior_size": 0.0, "pretraining_epochs": null, "pretraining_lr": null, "model_type": "cnn", "dropout_probability": 0.2, "optimizer": "Adam", "training_lr": 0.01, "momentum": null, "nesterov": null, "max_compression_size": -1, "data_groupsize": 1, "patience": 3, "dataset": "mnist", "n_classes": 2, "first_class": 0, "second_class": 8, "validation_size": 0.1, "max_epochs": 200, "batch_size": 64, "delta": 0.01, "nbr_parameter_bounds": 20, "classic_bounds": true, "p2l_bounds": true, "real_bounds": true, "log_iterations": 10, "deterministic": true}}