{"prior_set_size": 6000, "train_set_size": 48000, "validation_set_size": 6000, "test_set_size": 10000, "compression_set_size": 3776, "complement_error": 0.0, "complement_loss": 0.0004329817893449217, "validation_error": 0.010743667371571064, "validation_loss": 0.07147515565156937, "test_error": 0.010717300698161125, "test_loss": 0.0551488995552063, "brute_force_binomial_tail_inversion": 1, "beta_ppf": 1.0, "beta_isf": 1.0, "binomial_approximation_shah": 0.25873634070172014, "binomial_approximation_sokolova": 0.2587446828930977, "p2l_bound": 0.08185248359936911, "p2l_upper_bound": 0.10184988482190348, "kl_bound": 0.2588376021012664, "nbr_parameter_bounds": 20, "min_val_linear_bound": 0.40639228893244184, "min_param_linear_bound": 1.1288378916846884, "min_val_catoni_bound": 0.2587865521764048, "min_param_catoni_bound": 69.51927961775604, "config": {"seed": 1, "prior_size": 0.1, "pretraining_epochs": 50, "pretraining_lr": 0.001, "model_type": "cnn", "dropout_probability": 0.2, "optimizer": "Adam", "training_lr": 0.005, "momentum": null, "nesterov": null, "max_compression_size": -1, "data_groupsize": 32, "patience": 3, "dataset": "mnist", "n_classes": 2, "first_class": -1, "second_class": -1, "validation_size": 0.1, "max_epochs": 200, "batch_size": 64, "delta": 0.01, "nbr_parameter_bounds": 20, "classic_bounds": true, "p2l_bounds": true, "real_bounds": true, "log_iterations": 10, "deterministic": true}}