{"prior_set_size": 6000, "train_set_size": 48000, "validation_set_size": 6000, "test_set_size": 10000, "compression_set_size": 4192, "complement_error": 0.0, "complement_loss": 1.0415288670628797e-05, "validation_error": 0.007823139429092407, "validation_loss": 0.09526851028203964, "test_error": 0.00900317169725895, "test_loss": 0.09879160672426224, "brute_force_binomial_tail_inversion": 1, "beta_ppf": 1.0, "beta_isf": 1.0, "binomial_approximation_shah": 0.27751732576511323, "binomial_approximation_sokolova": 0.2775255338048074, "p2l_bound": 0.0906996295086962, "p2l_upper_bound": 0.11180372675200492, "kl_bound": 0.27761687990278006, "nbr_parameter_bounds": 20, "min_val_linear_bound": 0.42912680340193443, "min_param_linear_bound": 1.1288378916846884, "min_val_catoni_bound": 0.277566729770383, "min_param_catoni_bound": 69.51927961775604, "config": {"seed": 1, "prior_size": 0.1, "pretraining_epochs": 50, "pretraining_lr": 0.001, "model_type": "cnn", "dropout_probability": 0.1, "optimizer": "Adam", "training_lr": 0.005, "momentum": null, "nesterov": null, "max_compression_size": -1, "data_groupsize": 32, "patience": 3, "dataset": "mnist", "n_classes": 2, "first_class": -1, "second_class": -1, "validation_size": 0.1, "max_epochs": 200, "batch_size": 64, "delta": 0.01, "nbr_parameter_bounds": 20, "classic_bounds": true, "p2l_bounds": true, "real_bounds": true, "log_iterations": 10, "deterministic": true}}