{"prior_set_size": 12000, "train_set_size": 42000, "validation_set_size": 6000, "test_set_size": 10000, "compression_set_size": 608, "complement_error": 0.0, "validation_error": 0.009996636770665646, "test_error": 0.011509820818901062, "complement_loss": 0.0036480287089943886, "validation_loss": 0.035639017820358276, "test_loss": 0.0369814932346344, "brute_force_binomial_tail_inversion": 1, "beta_ppf": 1.0, "beta_isf": 1.0, "binomial_approximation_shah": 0.07422725378545214, "binomial_approximation_sokolova": 0.07423838527476723, "p2l_bound": 0.015787621908444197, "p2l_upper_bound": 0.02478384064120492, "kl_bound": 0.07436163071542978, "nbr_parameter_bounds": 20, "min_val_linear_bound": 0.20949264596219896, "min_param_linear_bound": 1.1288378916846884, "min_val_catoni_bound": 0.07429425385637067, "min_param_catoni_bound": 69.51927961775604, "CE_kl_bound": 0.8782583632620735, "CE_nbr_parameter_bounds": 20, "CE_min_val_linear_bound": 2.2775491142252475, "CE_min_param_linear_bound": 0.061584821106602614, "CE_min_val_catoni_bound": 0.877978459543084, "CE_min_param_catoni_bound": 6.1584821106602545, "config": {"seed": 4, "prior_size": 0.2, "pretraining_epochs": 50, "pretraining_lr": 0.001, "model_type": "cnn", "dropout_probability": 0.2, "optimizer": "Adam", "training_lr": 0.0001, "momentum": null, "nesterov": null, "max_compression_size": 40000, "data_groupsize": 32, "patience": 3, "dataset": "mnist", "n_classes": 10, "first_class": null, "second_class": null, "validation_size": 0.1, "max_epochs": 200, "batch_size": 64, "delta": 0.01, "nbr_parameter_bounds": 20, "classic_bounds": true, "p2l_bounds": true, "real_bounds": true, "log_iterations": 10, "deterministic": true, "clamping": true, "min_probability": 1e-05, "regression": false, "early_stopping": false}}