{"prior_set_size": 6000, "train_set_size": 48000, "validation_set_size": 6000, "test_set_size": 10000, "compression_set_size": 18336, "complement_error": 0.0, "validation_error": 0.07531711459159851, "test_error": 0.07438234984874725, "complement_loss": 0.0, "validation_loss": 0.9095211625099182, "test_loss": 0.8404428362846375, "brute_force_binomial_tail_inversion": 1, "beta_ppf": 1.0, "beta_isf": 1.0, "binomial_approximation_shah": 0.659300200760359, "binomial_approximation_sokolova": 0.6593059169473419, "p2l_bound": 0.38847447133413515, "p2l_upper_bound": 0.4344511453603364, "kl_bound": 0.6593672903254628, "nbr_parameter_bounds": 20, "min_val_linear_bound": 0.753002403459632, "min_param_linear_bound": 2.335721469090121, "min_val_catoni_bound": 0.65933460589281, "min_param_catoni_bound": 69.51927961775604, "CE_kl_bound": 7.591246467556439, "CE_nbr_parameter_bounds": 20, "CE_min_val_linear_bound": 8.452692627460653, "CE_min_param_linear_bound": 0.2636650898730355, "CE_min_val_catoni_bound": 7.590870174119442, "CE_min_param_catoni_bound": 69.51927961775604, "config": {"seed": 3, "prior_size": 0.1, "pretraining_epochs": 100, "pretraining_lr": 0.0001, "model_type": "cnn", "dropout_probability": 0.2, "optimizer": "Adam", "training_lr": 0.005, "momentum": null, "nesterov": null, "max_compression_size": 40000, "data_groupsize": 32, "patience": 3, "dataset": "mnist", "n_classes": 10, "first_class": null, "second_class": null, "validation_size": 0.1, "max_epochs": 200, "batch_size": 64, "delta": 0.01, "nbr_parameter_bounds": 20, "classic_bounds": true, "p2l_bounds": true, "real_bounds": true, "log_iterations": 10, "deterministic": true, "clamping": true, "min_probability": 1e-05, "regression": false, "early_stopping": false}}