{"prior_set_size": 180000, "train_set_size": 144000, "validation_set_size": 36000, "test_set_size": 400000, "compression_set_size": 1184, "complement_error": 0.5, "validation_error": 0.5, "test_error": 0.4997600018978119, "complement_loss": 0.6931511163711548, "validation_loss": 0.6931710839271545, "test_loss": 0.6931471824645996, "brute_force_binomial_tail_inversion": 1, "beta_ppf": 1.0, "beta_isf": 1.0, "binomial_approximation_shah": 0.7729376720975776, "binomial_approximation_sokolova": 0.7730103188245867, "p2l_bound": 0.008787093152628385, "p2l_upper_bound": 0.012464582419191458, "kl_bound": 0.6515860566869378, "nbr_parameter_bounds": 20, "min_val_linear_bound": 0.6565121514225061, "min_param_linear_bound": 0.5455594781168515, "min_val_catoni_bound": 0.6529384318568712, "min_param_catoni_bound": 0.5455594781168515, "CE_kl_bound": 1.866030912281914, "CE_nbr_parameter_bounds": 20, "CE_min_val_linear_bound": 2.4958879047681544, "CE_min_param_linear_bound": 0.061584821106602614, "CE_min_val_catoni_bound": 2.0092724416021963, "CE_min_param_catoni_bound": 1.8329807108324336, "config": {"seed": 1, "prior_size": 0.5, "pretraining_epochs": 2, "pretraining_lr": 0.001, "model_type": "transformer", "dropout_probability": 0.1, "optimizer": "Adam", "training_lr": 1e-05, "momentum": null, "nesterov": null, "max_compression_size": 2000, "data_groupsize": 32, "patience": 3, "dataset": "amazon", "n_classes": 2, "regression": false, "validation_size": 0.1, "max_epochs": 200, "batch_size": 32, "delta": 0.01, "nbr_parameter_bounds": 20, "classic_bounds": true, "p2l_bounds": true, "real_bounds": true, "log_iterations": 2, "deterministic": true, "clamping": true, "early_stopping": true, "early_stopping_patience": 20, "min_probability": 1e-05, "n_shards": 10}}