{"prior_set_size": 30000, "train_set_size": 24000, "validation_set_size": 6000, "test_set_size": 10000, "compression_set_size": 608, "complement_error": 0.0, "validation_error": 0.011400098912417889, "test_error": 0.018761321902275085, "complement_loss": 0.003075568238273263, "validation_loss": 0.05313604697585106, "test_loss": 0.0781671404838562, "brute_force_binomial_tail_inversion": 1, "beta_ppf": 1.0, "beta_isf": 1.0, "binomial_approximation_shah": 0.11466278012527831, "binomial_approximation_sokolova": 0.11468161681793343, "p2l_bound": 0.02761698138985472, "p2l_upper_bound": 0.04337172112210861, "kl_bound": 0.1148793650791049, "nbr_parameter_bounds": 20, "min_val_linear_bound": 0.24910495028494356, "min_param_linear_bound": 1.1288378916846884, "min_val_catoni_bound": 0.11477615493113713, "min_param_catoni_bound": 69.51927961775604, "CE_kl_bound": 1.3421854151006571, "CE_nbr_parameter_bounds": 20, "CE_min_val_linear_bound": 3.0030625511066775, "CE_min_param_linear_bound": 0.061584821106602614, "CE_min_val_catoni_bound": 1.3409992410522382, "CE_min_param_catoni_bound": 6.1584821106602545, "config": {"seed": 42, "prior_size": 0.5, "pretraining_epochs": 100, "pretraining_lr": 0.01, "model_type": "cnn", "dropout_probability": 0.1, "optimizer": "Adam", "training_lr": 0.001, "momentum": null, "nesterov": null, "max_compression_size": 40000, "data_groupsize": 32, "patience": 3, "dataset": "mnist", "n_classes": 10, "first_class": null, "second_class": null, "validation_size": 0.1, "max_epochs": 200, "batch_size": 64, "delta": 0.01, "nbr_parameter_bounds": 20, "classic_bounds": true, "p2l_bounds": true, "real_bounds": true, "log_iterations": 10, "deterministic": true, "clamping": true, "min_probability": 1e-05, "regression": false, "early_stopping": false}}