{"train_set_size": 10881, "validation_set_size": 1208, "test_set_size": 2042, "compression_set_size": 333, "complement_error": 0.0, "complement_loss": 6.614317680941895e-05, "validation_error": 0.013035831041634083, "validation_loss": 0.863551676273346, "test_error": 0.004465975798666477, "test_loss": 0.13957932591438293, "brute_force_binomial_tail_inversion": 1, "beta_ppf": 1.0, "beta_isf": 1.0, "binomial_approximation_shah": 0.1327078195865854, "binomial_approximation_sokolova": 0.13274874122074232, "p2l_bound": 0.034131717259015024, "p2l_upper_bound": 0.05977025987781394, "kl_bound": 0.13314554747194052, "nbr_parameter_bounds": 20, "min_val_linear_bound": 0.2674854753611436, "min_param_linear_bound": 1.1288378916846884, "min_val_catoni_bound": 0.13295410383546358, "min_param_catoni_bound": 69.51927961775604, "config": {"seed": 3, "prior_size": 0.0, "pretraining_epochs": null, "pretraining_lr": null, "model_type": "mlp", "dropout_probability": 0.2, "optimizer": "Adam", "training_lr": 0.001, "momentum": null, "nesterov": null, "max_compression_size": -1, "data_groupsize": 1, "patience": 3, "dataset": "mnist", "n_classes": 2, "first_class": 2, "second_class": 3, "validation_size": 0.1, "max_epochs": 200, "batch_size": 64, "delta": 0.01, "nbr_parameter_bounds": 20, "classic_bounds": true, "p2l_bounds": true, "real_bounds": true, "log_iterations": 10, "deterministic": true}}