{"train_set_size": 10206, "validation_set_size": 1133, "test_set_size": 1850, "compression_set_size": 247, "complement_error": 0.0, "complement_loss": 4.4509884901344776e-05, "validation_error": 0.005385150667279959, "validation_loss": 0.42169302701950073, "test_error": 0.007716698572039604, "test_loss": 0.6650142073631287, "brute_force_binomial_tail_inversion": 1, "beta_ppf": 1.0, "beta_isf": 1.0, "binomial_approximation_shah": 0.11134541512355123, "binomial_approximation_sokolova": 0.11138982446227219, "p2l_bound": 0.027361548662786065, "p2l_upper_bound": 0.05086552711287543, "kl_bound": 0.11181788239628077, "nbr_parameter_bounds": 20, "min_val_linear_bound": 0.24594482893336977, "min_param_linear_bound": 1.1288378916846884, "min_val_catoni_bound": 0.11161268802854685, "min_param_catoni_bound": 69.51927961775604, "config": {"seed": 4, "prior_size": 0.0, "pretraining_epochs": null, "pretraining_lr": null, "model_type": "mlp", "dropout_probability": 0.2, "optimizer": "Adam", "training_lr": 0.001, "momentum": null, "nesterov": null, "max_compression_size": -1, "data_groupsize": 1, "patience": 3, "dataset": "mnist", "n_classes": 2, "first_class": 5, "second_class": 6, "validation_size": 0.1, "max_epochs": 200, "batch_size": 64, "delta": 0.01, "nbr_parameter_bounds": 20, "classic_bounds": true, "p2l_bounds": true, "real_bounds": true, "log_iterations": 10, "deterministic": true}}