{"train_set_size": 10612, "validation_set_size": 1179, "test_set_size": 1991, "compression_set_size": 432, "complement_error": 0.0, "complement_loss": 3.7567635899904417e-06, "validation_error": 0.010892675258219242, "validation_loss": 1.7692337036132812, "test_error": 0.009991454891860485, "test_loss": 1.0663800239562988, "brute_force_binomial_tail_inversion": 1, "beta_ppf": 1.0, "beta_isf": 1.0, "binomial_approximation_shah": 0.1636595997917608, "binomial_approximation_sokolova": 0.1637004874828375, "p2l_bound": 0.04490595206429097, "p2l_upper_bound": 0.07490803145319141, "kl_bound": 0.16409550327807665, "nbr_parameter_bounds": 20, "min_val_linear_bound": 0.2996871592003422, "min_param_linear_bound": 1.1288378916846884, "min_val_catoni_bound": 0.16390567870308048, "min_param_catoni_bound": 69.51927961775604, "config": {"seed": 42, "prior_size": 0.0, "pretraining_epochs": null, "pretraining_lr": null, "model_type": "mlp", "dropout_probability": 0.2, "optimizer": "Adam", "training_lr": 0.001, "momentum": null, "nesterov": null, "max_compression_size": -1, "data_groupsize": 1, "patience": 3, "dataset": "mnist", "n_classes": 2, "first_class": 4, "second_class": 9, "validation_size": 0.1, "max_epochs": 200, "batch_size": 64, "delta": 0.01, "nbr_parameter_bounds": 20, "classic_bounds": true, "p2l_bounds": true, "real_bounds": true, "log_iterations": 10, "deterministic": true}}