{"train_set_size": 10206, "validation_set_size": 1133, "test_set_size": 1850, "compression_set_size": 144, "complement_error": 0.0, "complement_loss": 0.00010413502604933456, "validation_error": 0.008530696853995323, "validation_loss": 0.07040173560380936, "test_error": 0.004312918055802584, "test_loss": 0.0776493102312088, "brute_force_binomial_tail_inversion": 1, "beta_ppf": 1.0, "beta_isf": 1.0, "binomial_approximation_shah": 0.07350603867872418, "binomial_approximation_sokolova": 0.07355186504731825, "p2l_bound": 0.016408024953552598, "p2l_upper_bound": 0.03432743894752106, "kl_bound": 0.07399405632168055, "nbr_parameter_bounds": 20, "min_val_linear_bound": 0.2086846181123106, "min_param_linear_bound": 0.5455594781168515, "min_val_catoni_bound": 0.07378184018209832, "min_param_catoni_bound": 69.51927961775604, "config": {"seed": 4, "prior_size": 0.0, "pretraining_epochs": null, "pretraining_lr": null, "model_type": "cnn", "dropout_probability": 0.1, "optimizer": "Adam", "training_lr": 0.005, "momentum": null, "nesterov": null, "max_compression_size": -1, "data_groupsize": 1, "patience": 3, "dataset": "mnist", "n_classes": 2, "first_class": 5, "second_class": 6, "validation_size": 0.1, "max_epochs": 200, "batch_size": 64, "delta": 0.01, "nbr_parameter_bounds": 20, "classic_bounds": true, "p2l_bounds": true, "real_bounds": true, "log_iterations": 10, "deterministic": true}}