{"train_set_size": 10597, "validation_set_size": 1177, "test_set_size": 1954, "compression_set_size": 160, "complement_error": 0.0, "complement_loss": 4.311758675612509e-05, "validation_error": 0.004103661049157381, "validation_loss": 0.22266578674316406, "test_error": 0.004934960976243019, "test_loss": 0.23066949844360352, "brute_force_binomial_tail_inversion": 1, "beta_ppf": 1.0, "beta_isf": 1.0, "binomial_approximation_shah": 0.07746254299988742, "binomial_approximation_sokolova": 0.07750653420656406, "p2l_bound": 0.01745627756075569, "p2l_upper_bound": 0.035649467907631564, "kl_bound": 0.0779326381161809, "nbr_parameter_bounds": 20, "min_val_linear_bound": 0.21278405437621686, "min_param_linear_bound": 1.1288378916846884, "min_val_catoni_bound": 0.07772730094207103, "min_param_catoni_bound": 69.51927961775604, "config": {"seed": 4, "prior_size": 0.0, "pretraining_epochs": null, "pretraining_lr": null, "model_type": "mlp", "dropout_probability": 0.2, "optimizer": "Adam", "training_lr": 0.001, "momentum": null, "nesterov": null, "max_compression_size": -1, "data_groupsize": 1, "patience": 3, "dataset": "mnist", "n_classes": 2, "first_class": 0, "second_class": 8, "validation_size": 0.1, "max_epochs": 200, "batch_size": 64, "delta": 0.01, "nbr_parameter_bounds": 20, "classic_bounds": true, "p2l_bounds": true, "real_bounds": true, "log_iterations": 10, "deterministic": true}}