{"prior_set_size": 6000, "train_set_size": 48000, "validation_set_size": 6000, "test_set_size": 10000, "compression_set_size": 23456, "complement_error": 0.0, "complement_loss": 0.0, "validation_error": 0.08573557436466217, "validation_loss": 1.001624584197998, "test_error": 0.08710955083370209, "test_loss": 1.0004724264144897, "brute_force_binomial_tail_inversion": 1, "beta_ppf": 1.0, "beta_isf": 1.0, "binomial_approximation_shah": 0.742275692433126, "binomial_approximation_sokolova": 0.7422809184828865, "p2l_bound": 0.49548062606931975, "p2l_upper_bound": 0.5482268598019078, "kl_bound": 0.7423360338434577, "nbr_parameter_bounds": 20, "min_val_linear_bound": 0.8725082467735839, "min_param_linear_bound": 2.335721469090121, "min_val_catoni_bound": 0.7423071472045513, "min_param_catoni_bound": 69.51927961775604, "CE_kl_bound": 8.546459427601345, "CE_nbr_parameter_bounds": 20, "CE_min_val_linear_bound": 9.511355205978461, "CE_min_param_linear_bound": 0.2636650898730355, "CE_min_val_catoni_bound": 8.546126857880683, "CE_min_param_catoni_bound": 69.51927961775604, "config": {"seed": 1, "prior_size": 0.1, "pretraining_epochs": 100, "pretraining_lr": 0.001, "model_type": "cnn", "dropout_probability": 0.1, "optimizer": "Adam", "training_lr": 0.005, "momentum": null, "nesterov": null, "max_compression_size": -1, "data_groupsize": 32, "patience": 3, "dataset": "mnist", "n_classes": 10, "first_class": null, "second_class": null, "validation_size": 0.1, "max_epochs": 200, "batch_size": 64, "delta": 0.01, "nbr_parameter_bounds": 20, "classic_bounds": true, "p2l_bounds": true, "real_bounds": true, "log_iterations": 10, "deterministic": true, "clamping": true, "min_probability": 1e-05}}