{"prior_set_size": 12000, "train_set_size": 42000, "validation_set_size": 6000, "test_set_size": 10000, "compression_set_size": 2176, "complement_error": 0.0, "complement_loss": 7.164781709434465e-05, "validation_error": 0.006789168808609247, "validation_loss": 0.061896950006484985, "test_error": 0.01036626286804676, "test_loss": 0.08287166059017181, "brute_force_binomial_tail_inversion": 1, "beta_ppf": 1.0, "beta_isf": 1.0, "binomial_approximation_shah": 0.19373325094330707, "binomial_approximation_sokolova": 0.19374332719625487, "p2l_bound": 0.05450293637880879, "p2l_upper_bound": 0.07173402270407137, "kl_bound": 0.1938544986769557, "nbr_parameter_bounds": 20, "min_val_linear_bound": 0.3319344941650951, "min_param_linear_bound": 1.1288378916846884, "min_val_catoni_bound": 0.19379389950891246, "min_param_catoni_bound": 69.51927961775604, "config": {"seed": 1, "prior_size": 0.2, "pretraining_epochs": 100, "pretraining_lr": 0.0001, "model_type": "cnn", "dropout_probability": 0.1, "optimizer": "Adam", "training_lr": 0.001, "momentum": null, "nesterov": null, "max_compression_size": -1, "data_groupsize": 32, "patience": 3, "dataset": "mnist", "n_classes": 2, "first_class": -1, "second_class": -1, "validation_size": 0.1, "max_epochs": 200, "batch_size": 64, "delta": 0.01, "nbr_parameter_bounds": 20, "classic_bounds": true, "p2l_bounds": true, "real_bounds": true, "log_iterations": 10, "deterministic": true}}