{"prior_set_size": 6000, "train_set_size": 48000, "validation_set_size": 6000, "test_set_size": 10000, "compression_set_size": 3168, "complement_error": 0.0, "complement_loss": 0.00033913421793840826, "validation_error": 0.014731413684785366, "validation_loss": 0.08177042752504349, "test_error": 0.01573028787970543, "test_loss": 0.08244720101356506, "brute_force_binomial_tail_inversion": 1, "beta_ppf": 1.0, "beta_isf": 1.0, "binomial_approximation_shah": 0.22949873870439985, "binomial_approximation_sokolova": 0.22950729233979927, "p2l_bound": 0.06890072908846195, "p2l_upper_bound": 0.08717139610796583, "kl_bound": 0.22960268426686525, "nbr_parameter_bounds": 20, "min_val_linear_bound": 0.37212179431760406, "min_param_linear_bound": 1.1288378916846884, "min_val_catoni_bound": 0.22955022287592963, "min_param_catoni_bound": 69.51927961775604, "CE_kl_bound": 2.6460692052933594, "CE_nbr_parameter_bounds": 20, "CE_min_val_linear_bound": 4.158116323371123, "CE_min_param_linear_bound": 0.1274274985703132, "CE_min_val_catoni_bound": 2.6481993276082254, "CE_min_param_catoni_bound": 20.6913808111479, "config": {"seed": 3, "prior_size": 0.1, "pretraining_epochs": 50, "pretraining_lr": 0.01, "model_type": "cnn", "dropout_probability": 0.1, "optimizer": "Adam", "training_lr": 0.001, "momentum": null, "nesterov": null, "max_compression_size": -1, "data_groupsize": 32, "patience": 3, "dataset": "mnist", "n_classes": 10, "first_class": null, "second_class": null, "validation_size": 0.1, "max_epochs": 200, "batch_size": 64, "delta": 0.01, "nbr_parameter_bounds": 20, "classic_bounds": true, "p2l_bounds": true, "real_bounds": true, "log_iterations": 10, "deterministic": true, "clamping": true, "min_probability": 1e-05}}