{"prior_set_size": 6000, "train_set_size": 48000, "validation_set_size": 6000, "test_set_size": 10000, "compression_set_size": 40000, "complement_error": 0.8376381993293762, "validation_error": 0.8998822569847107, "test_error": 0.899858295917511, "complement_loss": 4.613804340362549, "validation_loss": 10.405770301818848, "test_loss": 10.351274490356445, "brute_force_binomial_tail_inversion": 1, "beta_ppf": 1.0, "beta_isf": 1.0, "binomial_approximation_shah": 0.9999999962254084, "binomial_approximation_sokolova": 0.999999996277694, "p2l_bound": 0.8388106221488367, "p2l_upper_bound": 0.9117737297297936, "kl_bound": 0.9999999957660861, "nbr_parameter_bounds": 20, "min_val_linear_bound": 2.001738471854914, "min_param_linear_bound": 4.832930238571752, "min_val_catoni_bound": 0.9999999990486046, "min_param_catoni_bound": 20.6913808111479, "CE_kl_bound": 11.471936316106897, "CE_nbr_parameter_bounds": 20, "CE_min_val_linear_bound": 18.613581457656927, "CE_min_param_linear_bound": 0.5455594781168515, "CE_min_val_catoni_bound": 11.472033798114882, "CE_min_param_catoni_bound": 6.1584821106602545, "config": {"seed": 42, "prior_size": 0.1, "pretraining_epochs": 50, "pretraining_lr": 0.0001, "model_type": "cnn", "dropout_probability": 0.2, "optimizer": "Adam", "training_lr": 0.005, "momentum": null, "nesterov": null, "max_compression_size": 40000, "data_groupsize": 32, "patience": 3, "dataset": "mnist", "n_classes": 10, "first_class": null, "second_class": null, "validation_size": 0.1, "max_epochs": 200, "batch_size": 64, "delta": 0.01, "nbr_parameter_bounds": 20, "classic_bounds": true, "p2l_bounds": true, "real_bounds": true, "log_iterations": 10, "deterministic": true, "clamping": true, "min_probability": 1e-05, "regression": false, "early_stopping": false}}