{"train_set_size": 10612, "validation_set_size": 1179, "test_set_size": 1991, "compression_set_size": 408, "complement_error": 0.0, "complement_loss": 8.287398486572783e-06, "validation_error": 0.01089975144714117, "validation_loss": 0.28370386362075806, "test_error": 0.01284379605203867, "test_loss": 0.2751654088497162, "brute_force_binomial_tail_inversion": 1, "beta_ppf": 1.0, "beta_isf": 1.0, "binomial_approximation_shah": 0.15700105900247086, "binomial_approximation_sokolova": 0.157042175289813, "p2l_bound": 0.042509875116606345, "p2l_upper_bound": 0.07165312967685589, "kl_bound": 0.15743949729949236, "nbr_parameter_bounds": 20, "min_val_linear_bound": 0.29266162747521585, "min_param_linear_bound": 1.1288378916846884, "min_val_catoni_bound": 0.1572485137713716, "min_param_catoni_bound": 69.51927961775604, "config": {"seed": 3, "prior_size": 0.0, "pretraining_epochs": null, "pretraining_lr": null, "model_type": "mlp", "dropout_probability": 0.1, "optimizer": "Adam", "training_lr": 0.0001, "momentum": null, "nesterov": null, "max_compression_size": -1, "data_groupsize": 1, "patience": 3, "dataset": "mnist", "n_classes": 2, "first_class": 4, "second_class": 9, "validation_size": 0.1, "max_epochs": 200, "batch_size": 64, "delta": 0.01, "nbr_parameter_bounds": 20, "classic_bounds": true, "p2l_bounds": true, "real_bounds": true, "log_iterations": 10, "deterministic": true}}