{"train_set_size": 10612, "validation_set_size": 1179, "test_set_size": 1991, "compression_set_size": 228, "complement_error": 0.0, "complement_loss": 0.0006058823200874031, "validation_error": 0.012737714685499668, "validation_loss": 0.05616174638271332, "test_error": 0.007618758827447891, "test_loss": 0.02401748299598694, "brute_force_binomial_tail_inversion": 1, "beta_ppf": 1.0, "beta_isf": 1.0, "binomial_approximation_shah": 0.10168220017772489, "binomial_approximation_sokolova": 0.10172525510129737, "p2l_bound": 0.024386538093547343, "p2l_upper_bound": 0.046095529779341976, "kl_bound": 0.10214206855744123, "nbr_parameter_bounds": 20, "min_val_linear_bound": 0.23635301944727016, "min_param_linear_bound": 1.1288378916846884, "min_val_catoni_bound": 0.10194132300850878, "min_param_catoni_bound": 69.51927961775604, "config": {"seed": 42, "prior_size": 0.0, "pretraining_epochs": null, "pretraining_lr": null, "model_type": "cnn", "dropout_probability": 0.1, "optimizer": "Adam", "training_lr": 0.0001, "momentum": null, "nesterov": null, "max_compression_size": -1, "data_groupsize": 1, "patience": 3, "dataset": "mnist", "n_classes": 2, "first_class": 4, "second_class": 9, "validation_size": 0.1, "max_epochs": 200, "batch_size": 64, "delta": 0.01, "nbr_parameter_bounds": 20, "classic_bounds": true, "p2l_bounds": true, "real_bounds": true, "log_iterations": 10, "deterministic": true}}