{"train_set_size": 10597, "validation_set_size": 1177, "test_set_size": 1954, "compression_set_size": 133, "complement_error": 0.0, "complement_loss": 0.00020343642972875386, "validation_error": 0.00699582090601325, "validation_loss": 0.05899019166827202, "test_error": 0.004488719627261162, "test_loss": 0.03988082334399223, "brute_force_binomial_tail_inversion": 0.067026, "beta_ppf": 1.0, "beta_isf": 0.06702624480574469, "binomial_approximation_shah": 0.0670262448061475, "binomial_approximation_sokolova": 0.06707061887701671, "p2l_bound": 0.01466251476896763, "p2l_upper_bound": 0.031247682136080333, "kl_bound": 0.06750054564327002, "nbr_parameter_bounds": 20, "min_val_linear_bound": 0.19588861474892844, "min_param_linear_bound": 0.5455594781168515, "min_val_catoni_bound": 0.06729330707164849, "min_param_catoni_bound": 69.51927961775604, "config": {"seed": 42, "prior_size": 0.0, "pretraining_epochs": null, "pretraining_lr": null, "model_type": "mlp", "dropout_probability": 0.1, "optimizer": "Adam", "training_lr": 0.0001, "momentum": null, "nesterov": null, "max_compression_size": -1, "data_groupsize": 1, "patience": 3, "dataset": "mnist", "n_classes": 2, "first_class": 0, "second_class": 8, "validation_size": 0.1, "max_epochs": 200, "batch_size": 64, "delta": 0.01, "nbr_parameter_bounds": 20, "classic_bounds": true, "p2l_bounds": true, "real_bounds": true, "log_iterations": 10, "deterministic": true}}