{"train_set_size": 10612, "validation_set_size": 1179, "test_set_size": 1991, "compression_set_size": 449, "complement_error": 0.0, "complement_loss": 1.5173480278463103e-05, "validation_error": 0.0068661123514175415, "validation_loss": 1.5081422328948975, "test_error": 0.009939518757164478, "test_loss": 1.3936837911605835, "brute_force_binomial_tail_inversion": 1, "beta_ppf": 1.0, "beta_isf": 1.0, "binomial_approximation_shah": 0.16829363527368135, "binomial_approximation_sokolova": 0.1683343644258759, "p2l_bound": 0.046600990164429534, "p2l_upper_bound": 0.07719763642956443, "kl_bound": 0.16872778069227934, "nbr_parameter_bounds": 20, "min_val_linear_bound": 0.30460969791372894, "min_param_linear_bound": 1.1288378916846884, "min_val_catoni_bound": 0.16853875998261503, "min_param_catoni_bound": 69.51927961775604, "config": {"seed": 1, "prior_size": 0.0, "pretraining_epochs": null, "pretraining_lr": null, "model_type": "mlp", "dropout_probability": 0.1, "optimizer": "Adam", "training_lr": 0.001, "momentum": null, "nesterov": null, "max_compression_size": -1, "data_groupsize": 1, "patience": 3, "dataset": "mnist", "n_classes": 2, "first_class": 4, "second_class": 9, "validation_size": 0.1, "max_epochs": 200, "batch_size": 64, "delta": 0.01, "nbr_parameter_bounds": 20, "classic_bounds": true, "p2l_bounds": true, "real_bounds": true, "log_iterations": 10, "deterministic": true}}