{"prior_set_size": 30000, "train_set_size": 24000, "validation_set_size": 6000, "test_set_size": 10000, "compression_set_size": 1184, "complement_error": 0.0, "complement_loss": 0.024723201990127563, "validation_error": 0.012703965418040752, "validation_loss": 0.053155481815338135, "test_error": 0.013456727378070354, "test_loss": 0.05625626817345619, "brute_force_binomial_tail_inversion": 1, "beta_ppf": 1.0, "beta_isf": 1.0, "binomial_approximation_shah": 0.18730298369239895, "binomial_approximation_sokolova": 0.18732071138959727, "p2l_bound": 0.05265910175427174, "p2l_upper_bound": 0.07478749451514873, "kl_bound": 0.1875063730403781, "nbr_parameter_bounds": 20, "min_val_linear_bound": 0.32494708771208547, "min_param_linear_bound": 1.1288378916846884, "min_val_catoni_bound": 0.18740968350195564, "min_param_catoni_bound": 69.51927961775604, "config": {"seed": 1, "prior_size": 0.5, "pretraining_epochs": 100, "pretraining_lr": 0.01, "model_type": "cnn", "dropout_probability": 0.2, "optimizer": "Adam", "training_lr": 0.001, "momentum": null, "nesterov": null, "max_compression_size": -1, "data_groupsize": 32, "patience": 3, "dataset": "mnist", "n_classes": 2, "first_class": -1, "second_class": -1, "validation_size": 0.1, "max_epochs": 200, "batch_size": 64, "delta": 0.01, "nbr_parameter_bounds": 20, "classic_bounds": true, "p2l_bounds": true, "real_bounds": true, "log_iterations": 10, "deterministic": true}}