{"prior_set_size": 6000, "train_set_size": 48000, "validation_set_size": 6000, "test_set_size": 10000, "compression_set_size": 18560, "complement_error": 0.0, "validation_error": 0.09078048914670944, "test_error": 0.08468452841043472, "complement_loss": 0.0, "validation_loss": 1.0495949983596802, "test_loss": 0.9532697796821594, "brute_force_binomial_tail_inversion": 1, "beta_ppf": 1.0, "beta_isf": 1.0, "binomial_approximation_shah": 0.6632896427789492, "binomial_approximation_sokolova": 0.6632953350150266, "p2l_bound": 0.3931627652297418, "p2l_upper_bound": 0.43944761582620623, "kl_bound": 0.6633564094081521, "nbr_parameter_bounds": 20, "min_val_linear_bound": 0.7580455634794112, "min_param_linear_bound": 2.335721469090121, "min_val_catoni_bound": 0.6633239037424261, "min_param_catoni_bound": 69.51927961775604, "CE_kl_bound": 7.637172898226331, "CE_nbr_parameter_bounds": 20, "CE_min_val_linear_bound": 8.497368307263114, "CE_min_param_linear_bound": 0.2636650898730355, "CE_min_val_catoni_bound": 7.636798662919638, "CE_min_param_catoni_bound": 69.51927961775604, "config": {"seed": 4, "prior_size": 0.1, "pretraining_epochs": 50, "pretraining_lr": 0.001, "model_type": "cnn", "dropout_probability": 0.1, "optimizer": "Adam", "training_lr": 0.005, "momentum": null, "nesterov": null, "max_compression_size": 40000, "data_groupsize": 32, "patience": 3, "dataset": "mnist", "n_classes": 10, "first_class": null, "second_class": null, "validation_size": 0.1, "max_epochs": 200, "batch_size": 64, "delta": 0.01, "nbr_parameter_bounds": 20, "classic_bounds": true, "p2l_bounds": true, "real_bounds": true, "log_iterations": 10, "deterministic": true, "clamping": true, "min_probability": 1e-05, "regression": false, "early_stopping": false}}