{"train_set_size": 10597, "validation_set_size": 1177, "test_set_size": 1954, "compression_set_size": 137, "complement_error": 0.0, "complement_loss": 0.000400302727939561, "validation_error": 0.0035360297188162804, "validation_loss": 0.0059119160287082195, "test_error": 0.004015741869807243, "test_loss": 0.03240540251135826, "brute_force_binomial_tail_inversion": 1, "beta_ppf": 1.0, "beta_isf": 0.0685987898038159, "binomial_approximation_shah": 0.06860567991487565, "binomial_approximation_sokolova": 0.06864999580461972, "p2l_bound": 0.015077706900744014, "p2l_upper_bound": 0.03191042755127998, "kl_bound": 0.06907934229820967, "nbr_parameter_bounds": 20, "min_val_linear_bound": 0.19899450557011344, "min_param_linear_bound": 0.5455594781168515, "min_val_catoni_bound": 0.06887239200913953, "min_param_catoni_bound": 69.51927961775604, "config": {"seed": 3, "prior_size": 0.0, "pretraining_epochs": null, "pretraining_lr": null, "model_type": "mlp", "dropout_probability": 0.2, "optimizer": "Adam", "training_lr": 0.0001, "momentum": null, "nesterov": null, "max_compression_size": -1, "data_groupsize": 1, "patience": 3, "dataset": "mnist", "n_classes": 2, "first_class": 0, "second_class": 8, "validation_size": 0.1, "max_epochs": 200, "batch_size": 64, "delta": 0.01, "nbr_parameter_bounds": 20, "classic_bounds": true, "p2l_bounds": true, "real_bounds": true, "log_iterations": 10, "deterministic": true}}