{"train_set_size": 10206, "validation_set_size": 1133, "test_set_size": 1850, "compression_set_size": 325, "complement_error": 0.0, "complement_loss": 8.756022725719959e-05, "validation_error": 0.00806710496544838, "validation_loss": 0.6987274289131165, "test_error": 0.008654613979160786, "test_loss": 2.5174291133880615, "brute_force_binomial_tail_inversion": 1, "beta_ppf": 1.0, "beta_isf": 1.0, "binomial_approximation_shah": 0.13674000280382836, "binomial_approximation_sokolova": 0.13678348361967874, "p2l_bound": 0.035549433671693186, "p2l_upper_bound": 0.06255243527411536, "kl_bound": 0.1372022470459342, "nbr_parameter_bounds": 20, "min_val_linear_bound": 0.27163060210076284, "min_param_linear_bound": 1.1288378916846884, "min_val_catoni_bound": 0.13700168723313888, "min_param_catoni_bound": 69.51927961775604, "config": {"seed": 4, "prior_size": 0.0, "pretraining_epochs": null, "pretraining_lr": null, "model_type": "mlp", "dropout_probability": 0.1, "optimizer": "Adam", "training_lr": 0.01, "momentum": null, "nesterov": null, "max_compression_size": -1, "data_groupsize": 1, "patience": 3, "dataset": "mnist", "n_classes": 2, "first_class": 5, "second_class": 6, "validation_size": 0.1, "max_epochs": 200, "batch_size": 64, "delta": 0.01, "nbr_parameter_bounds": 20, "classic_bounds": true, "p2l_bounds": true, "real_bounds": true, "log_iterations": 10, "deterministic": true}}