{"train_set_size": 11707, "validation_set_size": 1300, "test_set_size": 2163, "compression_set_size": 126, "complement_error": 0.0, "complement_loss": 4.649140919354977e-06, "validation_error": 0.00208415393717587, "validation_loss": 0.03771542012691498, "test_error": 0.004643779247999191, "test_loss": 0.10530116409063339, "brute_force_binomial_tail_inversion": 0.059283999999999996, "beta_ppf": 1.0, "beta_isf": 0.05928457990522164, "binomial_approximation_shah": 0.059284579905221624, "binomial_approximation_sokolova": 0.05932500683629838, "p2l_bound": 0.012614456977085017, "p2l_upper_bound": 0.027226030126775352, "kl_bound": 0.059720818884670734, "nbr_parameter_bounds": 20, "min_val_linear_bound": 0.18069098135082262, "min_param_linear_bound": 0.5455594781168515, "min_val_catoni_bound": 0.05952788938484044, "min_param_catoni_bound": 69.51927961775604, "config": {"seed": 4, "prior_size": 0.0, "pretraining_epochs": null, "pretraining_lr": null, "model_type": "cnn", "dropout_probability": 0.1, "optimizer": "Adam", "training_lr": 0.01, "momentum": null, "nesterov": null, "max_compression_size": -1, "data_groupsize": 1, "patience": 3, "dataset": "mnist", "n_classes": 2, "first_class": 1, "second_class": 7, "validation_size": 0.1, "max_epochs": 200, "batch_size": 64, "delta": 0.01, "nbr_parameter_bounds": 20, "classic_bounds": true, "p2l_bounds": true, "real_bounds": true, "log_iterations": 10, "deterministic": true}}