{"prior_set_size": 6000, "train_set_size": 48000, "validation_set_size": 6000, "test_set_size": 10000, "compression_set_size": 5088, "complement_error": 0.0, "complement_loss": 8.79900198924588e-06, "validation_error": 0.011197542771697044, "validation_loss": 0.11334504187107086, "test_error": 0.013995407149195671, "test_loss": 0.13687342405319214, "brute_force_binomial_tail_inversion": 1, "beta_ppf": 1.0, "beta_isf": 1.0, "binomial_approximation_shah": 0.31514713056429755, "binomial_approximation_sokolova": 0.31515507355235806, "p2l_bound": 0.10972222091548611, "p2l_upper_bound": 0.13304777060591672, "kl_bound": 0.31524330470710993, "nbr_parameter_bounds": 20, "min_val_linear_bound": 0.45406544644902797, "min_param_linear_bound": 2.335721469090121, "min_val_catoni_bound": 0.31519493920131825, "min_param_catoni_bound": 69.51927961775604, "CE_kl_bound": 3.629458897948525, "CE_nbr_parameter_bounds": 20, "CE_min_val_linear_bound": 5.082549141984033, "CE_min_param_linear_bound": 0.1274274985703132, "CE_min_val_catoni_bound": 3.6289405227281164, "CE_min_param_catoni_bound": 20.6913808111479, "config": {"seed": 1, "prior_size": 0.1, "pretraining_epochs": 50, "pretraining_lr": 0.0001, "model_type": "cnn", "dropout_probability": 0.2, "optimizer": "Adam", "training_lr": 0.005, "momentum": null, "nesterov": null, "max_compression_size": -1, "data_groupsize": 32, "patience": 3, "dataset": "mnist", "n_classes": 10, "first_class": null, "second_class": null, "validation_size": 0.1, "max_epochs": 200, "batch_size": 64, "delta": 0.01, "nbr_parameter_bounds": 20, "classic_bounds": true, "p2l_bounds": true, "real_bounds": true, "log_iterations": 10, "deterministic": true, "clamping": true, "min_probability": 1e-05}}