{"train_set_size": 10881, "validation_set_size": 1208, "test_set_size": 2042, "compression_set_size": 179, "complement_error": 0.0, "complement_loss": 0.00027899592532776296, "validation_error": 0.0057374341413378716, "validation_loss": 0.06064388528466225, "test_error": 0.004419713281095028, "test_loss": 0.018866663798689842, "brute_force_binomial_tail_inversion": 1, "beta_ppf": 1.0, "beta_isf": 1.0, "binomial_approximation_shah": 0.08277903700097256, "binomial_approximation_sokolova": 0.08282169169504916, "p2l_bound": 0.01890520817195685, "p2l_upper_bound": 0.03764962098325797, "kl_bound": 0.08323592599481344, "nbr_parameter_bounds": 20, "min_val_linear_bound": 0.21789768975039264, "min_param_linear_bound": 1.1288378916846884, "min_val_catoni_bound": 0.08303575199800084, "min_param_catoni_bound": 69.51927961775604, "config": {"seed": 1, "prior_size": 0.0, "pretraining_epochs": null, "pretraining_lr": null, "model_type": "cnn", "dropout_probability": 0.2, "optimizer": "Adam", "training_lr": 0.001, "momentum": null, "nesterov": null, "max_compression_size": -1, "data_groupsize": 1, "patience": 3, "dataset": "mnist", "n_classes": 2, "first_class": 2, "second_class": 3, "validation_size": 0.1, "max_epochs": 200, "batch_size": 64, "delta": 0.01, "nbr_parameter_bounds": 20, "classic_bounds": true, "p2l_bounds": true, "real_bounds": true, "log_iterations": 10, "deterministic": true}}