{"prior_set_size": 30000, "train_set_size": 24000, "validation_set_size": 6000, "test_set_size": 10000, "compression_set_size": 1280, "complement_error": 0.0, "complement_loss": 0.03239786624908447, "validation_error": 0.024543169885873795, "validation_loss": 0.09966649115085602, "test_error": 0.025965092703700066, "test_loss": 0.1009940654039383, "brute_force_binomial_tail_inversion": 1, "beta_ppf": 1.0, "beta_isf": 1.0, "binomial_approximation_shah": 0.19796553265673222, "binomial_approximation_sokolova": 0.19798310168951894, "p2l_bound": 0.056805643839761624, "p2l_upper_bound": 0.07983439853175316, "kl_bound": 0.1981670269742608, "nbr_parameter_bounds": 20, "min_val_linear_bound": 0.33664702941628694, "min_param_linear_bound": 1.1288378916846884, "min_val_catoni_bound": 0.19807127746937603, "min_param_catoni_bound": 69.51927961775604, "CE_kl_bound": 2.424547834378394, "CE_nbr_parameter_bounds": 20, "CE_min_val_linear_bound": 3.8759158941654483, "CE_min_param_linear_bound": 0.1274274985703132, "CE_min_val_catoni_bound": 2.4441741142556, "CE_min_param_catoni_bound": 6.1584821106602545, "config": {"seed": 1, "prior_size": 0.5, "pretraining_epochs": 100, "pretraining_lr": 0.01, "model_type": "cnn", "dropout_probability": 0.2, "optimizer": "Adam", "training_lr": 0.001, "momentum": null, "nesterov": null, "max_compression_size": -1, "data_groupsize": 32, "patience": 3, "dataset": "mnist", "n_classes": 10, "first_class": null, "second_class": null, "validation_size": 0.1, "max_epochs": 200, "batch_size": 64, "delta": 0.01, "nbr_parameter_bounds": 20, "classic_bounds": true, "p2l_bounds": true, "real_bounds": true, "log_iterations": 10, "deterministic": true, "clamping": true, "min_probability": 1e-05}}