{"prior_set_size": 180000, "train_set_size": 144000, "validation_set_size": 36000, "test_set_size": 400000, "compression_set_size": 640, "complement_error": 0.09532375633716583, "validation_error": 0.10306822508573532, "test_error": 0.10110367834568024, "complement_loss": 0.32736825942993164, "validation_loss": 0.33680498600006104, "test_loss": 0.336675763130188, "brute_force_binomial_tail_inversion": 1, "beta_ppf": 1.0, "beta_isf": 1.0, "binomial_approximation_shah": 0.31583537072614776, "binomial_approximation_sokolova": 0.31593845696077605, "p2l_bound": 0.004840362750821643, "p2l_upper_bound": 0.007531536356609601, "kl_bound": 0.18081083748078364, "nbr_parameter_bounds": 20, "min_val_linear_bound": 0.21621889570456854, "min_param_linear_bound": 0.5455594781168515, "min_val_catoni_bound": 0.18450504841812393, "min_param_catoni_bound": 0.5455594781168515, "CE_kl_bound": 1.0042822813165373, "CE_nbr_parameter_bounds": 20, "CE_min_val_linear_bound": 1.7864875970091878, "CE_min_param_linear_bound": 0.02976351441631316, "CE_min_val_catoni_bound": 1.0646989449156037, "CE_min_param_catoni_bound": 1.8329807108324336, "config": {"seed": 1, "prior_size": 0.5, "pretraining_epochs": 2, "pretraining_lr": 0.001, "model_type": "transformer", "dropout_probability": 0.2, "optimizer": "Adam", "training_lr": 1e-05, "momentum": null, "nesterov": null, "max_compression_size": 20000, "data_groupsize": 32, "patience": 3, "dataset": "amazon", "n_classes": 2, "regression": false, "validation_size": 0.1, "max_epochs": 200, "batch_size": 128, "delta": 0.01, "nbr_parameter_bounds": 20, "classic_bounds": true, "p2l_bounds": true, "real_bounds": true, "log_iterations": 2, "deterministic": true, "clamping": true, "early_stopping": true, "early_stopping_patience": 20, "min_probability": 1e-05, "n_shards": 10}}