{"train_set_size": 10881, "validation_set_size": 1208, "test_set_size": 2042, "compression_set_size": 180, "complement_error": 0.0, "complement_loss": 9.74688955466263e-05, "validation_error": 0.0026023092214018106, "validation_loss": 0.03346851468086243, "test_error": 0.0028968832921236753, "test_loss": 0.01899442821741104, "brute_force_binomial_tail_inversion": 1, "beta_ppf": 1.0, "beta_isf": 1.0, "binomial_approximation_shah": 0.08313748228801154, "binomial_approximation_sokolova": 0.08318012429724775, "p2l_bound": 0.01900521359756717, "p2l_upper_bound": 0.03780215982346523, "kl_bound": 0.0835942318663001, "nbr_parameter_bounds": 20, "min_val_linear_bound": 0.21824397282196492, "min_param_linear_bound": 1.1288378916846884, "min_val_catoni_bound": 0.08339412093920684, "min_param_catoni_bound": 69.51927961775604, "config": {"seed": 2, "prior_size": 0.0, "pretraining_epochs": null, "pretraining_lr": null, "model_type": "cnn", "dropout_probability": 0.2, "optimizer": "Adam", "training_lr": 0.001, "momentum": null, "nesterov": null, "max_compression_size": -1, "data_groupsize": 1, "patience": 3, "dataset": "mnist", "n_classes": 2, "first_class": 2, "second_class": 3, "validation_size": 0.1, "max_epochs": 200, "batch_size": 64, "delta": 0.01, "nbr_parameter_bounds": 20, "classic_bounds": true, "p2l_bounds": true, "real_bounds": true, "log_iterations": 10, "deterministic": true}}