{"prior_set_size": 12000, "train_set_size": 42000, "validation_set_size": 6000, "test_set_size": 10000, "compression_set_size": 1664, "complement_error": 0.0, "complement_loss": 7.820513565093279e-05, "validation_error": 0.009954885579645634, "validation_loss": 0.05454781651496887, "test_error": 0.009129181504249573, "test_loss": 0.05320416018366814, "brute_force_binomial_tail_inversion": 1, "beta_ppf": 1.0, "beta_isf": 1.0, "binomial_approximation_shah": 0.15969461415488417, "binomial_approximation_sokolova": 0.15970498250237852, "p2l_bound": 0.041941618064906275, "p2l_upper_bound": 0.05696270889785657, "kl_bound": 0.1598195107653737, "nbr_parameter_bounds": 20, "min_val_linear_bound": 0.2953024023636589, "min_param_linear_bound": 1.1288378916846884, "min_val_catoni_bound": 0.15975702085078813, "min_param_catoni_bound": 69.51927961775604, "config": {"seed": 2, "prior_size": 0.2, "pretraining_epochs": 50, "pretraining_lr": 0.001, "model_type": "cnn", "dropout_probability": 0.1, "optimizer": "Adam", "training_lr": 0.001, "momentum": null, "nesterov": null, "max_compression_size": -1, "data_groupsize": 32, "patience": 3, "dataset": "mnist", "n_classes": 2, "first_class": -1, "second_class": -1, "validation_size": 0.1, "max_epochs": 200, "batch_size": 64, "delta": 0.01, "nbr_parameter_bounds": 20, "classic_bounds": true, "p2l_bounds": true, "real_bounds": true, "log_iterations": 10, "deterministic": true}}