{"train_set_size": 10881, "validation_set_size": 1208, "test_set_size": 2042, "compression_set_size": 206, "complement_error": 0.0, "complement_loss": 2.076918462989852e-05, "validation_error": 0.004020615015178919, "validation_loss": 0.05279494822025299, "test_error": 0.0018509948858991265, "test_loss": 0.027271326631307602, "brute_force_binomial_tail_inversion": 1, "beta_ppf": 1.0, "beta_isf": 1.0, "binomial_approximation_shah": 0.09226870558761346, "binomial_approximation_sokolova": 0.0923110257382771, "p2l_bound": 0.0215987329219648, "p2l_upper_bound": 0.041715323782250555, "kl_bound": 0.09272190276533365, "nbr_parameter_bounds": 20, "min_val_linear_bound": 0.22711133387740584, "min_param_linear_bound": 1.1288378916846884, "min_val_catoni_bound": 0.09252340707780604, "min_param_catoni_bound": 69.51927961775604, "config": {"seed": 4, "prior_size": 0.0, "pretraining_epochs": null, "pretraining_lr": null, "model_type": "cnn", "dropout_probability": 0.2, "optimizer": "Adam", "training_lr": 0.005, "momentum": null, "nesterov": null, "max_compression_size": -1, "data_groupsize": 1, "patience": 3, "dataset": "mnist", "n_classes": 2, "first_class": 2, "second_class": 3, "validation_size": 0.1, "max_epochs": 200, "batch_size": 64, "delta": 0.01, "nbr_parameter_bounds": 20, "classic_bounds": true, "p2l_bounds": true, "real_bounds": true, "log_iterations": 10, "deterministic": true}}