{"train_set_size": 11707, "validation_set_size": 1300, "test_set_size": 2163, "compression_set_size": 97, "complement_error": 0.0, "complement_loss": 0.00047704443568363786, "validation_error": 0.006051497999578714, "validation_loss": 0.03453591838479042, "test_error": 0.004406966269016266, "test_loss": 0.024146633222699165, "brute_force_binomial_tail_inversion": 0.048124, "beta_ppf": 1.0, "beta_isf": 0.04812400611742283, "binomial_approximation_shah": 0.048124006117422846, "binomial_approximation_sokolova": 0.04816481049432397, "p2l_bound": 0.009867385967668507, "p2l_upper_bound": 0.022694434949328254, "kl_bound": 0.04856442008167505, "nbr_parameter_bounds": 20, "min_val_linear_bound": 0.1590714450861606, "min_param_linear_bound": 0.5455594781168515, "min_val_catoni_bound": 0.048369587320842955, "min_param_catoni_bound": 69.51927961775604, "config": {"seed": 42, "prior_size": 0.0, "pretraining_epochs": null, "pretraining_lr": null, "model_type": "mlp", "dropout_probability": 0.2, "optimizer": "Adam", "training_lr": 0.0001, "momentum": null, "nesterov": null, "max_compression_size": -1, "data_groupsize": 1, "patience": 3, "dataset": "mnist", "n_classes": 2, "first_class": 1, "second_class": 7, "validation_size": 0.1, "max_epochs": 200, "batch_size": 64, "delta": 0.01, "nbr_parameter_bounds": 20, "classic_bounds": true, "p2l_bounds": true, "real_bounds": true, "log_iterations": 10, "deterministic": true}}