{"train_set_size": 11707, "validation_set_size": 1300, "test_set_size": 2163, "compression_set_size": 87, "complement_error": 0.0, "complement_loss": 0.0007352542015723884, "validation_error": 0.0021512603852897882, "validation_loss": 0.022877169772982597, "test_error": 0.0027642834465950727, "test_loss": 0.009319797158241272, "brute_force_binomial_tail_inversion": 0.044098, "beta_ppf": 1.0, "beta_isf": 0.044098135932602575, "binomial_approximation_shah": 0.04409813593260259, "binomial_approximation_sokolova": 0.04413907762438052, "p2l_bound": 0.008912218884598588, "p2l_upper_bound": 0.021065419358195364, "kl_bound": 0.044540067203342915, "nbr_parameter_bounds": 20, "min_val_linear_bound": 0.15133496615177985, "min_param_linear_bound": 0.5455594781168515, "min_val_catoni_bound": 0.04434454358862616, "min_param_catoni_bound": 69.51927961775604, "config": {"seed": 42, "prior_size": 0.0, "pretraining_epochs": null, "pretraining_lr": null, "model_type": "cnn", "dropout_probability": 0.1, "optimizer": "Adam", "training_lr": 0.001, "momentum": null, "nesterov": null, "max_compression_size": -1, "data_groupsize": 1, "patience": 3, "dataset": "mnist", "n_classes": 2, "first_class": 1, "second_class": 7, "validation_size": 0.1, "max_epochs": 200, "batch_size": 64, "delta": 0.01, "nbr_parameter_bounds": 20, "classic_bounds": true, "p2l_bounds": true, "real_bounds": true, "log_iterations": 10, "deterministic": true}}