{"train_set_size": 11707, "validation_set_size": 1300, "test_set_size": 2163, "compression_set_size": 124, "complement_error": 0.0, "complement_loss": 6.285762992774835e-06, "validation_error": 0.0007239825790748, "validation_loss": 0.02685823291540146, "test_error": 0.0023644384928047657, "test_loss": 0.025856388732790947, "brute_force_binomial_tail_inversion": 0.058536, "beta_ppf": 1.0, "beta_isf": 0.058536788827681145, "binomial_approximation_shah": 0.0585367888276811, "binomial_approximation_sokolova": 0.058577240909040595, "p2l_bound": 0.01242593511560239, "p2l_upper_bound": 0.026921262385982327, "kl_bound": 0.058973305858671665, "nbr_parameter_bounds": 20, "min_val_linear_bound": 0.17923440999567672, "min_param_linear_bound": 0.5455594781168515, "min_val_catoni_bound": 0.058780249678806795, "min_param_catoni_bound": 69.51927961775604, "config": {"seed": 42, "prior_size": 0.0, "pretraining_epochs": null, "pretraining_lr": null, "model_type": "cnn", "dropout_probability": 0.1, "optimizer": "Adam", "training_lr": 0.005, "momentum": null, "nesterov": null, "max_compression_size": -1, "data_groupsize": 1, "patience": 3, "dataset": "mnist", "n_classes": 2, "first_class": 1, "second_class": 7, "validation_size": 0.1, "max_epochs": 200, "batch_size": 64, "delta": 0.01, "nbr_parameter_bounds": 20, "classic_bounds": true, "p2l_bounds": true, "real_bounds": true, "log_iterations": 10, "deterministic": true}}