{"train_set_size": 10612, "validation_set_size": 1179, "test_set_size": 1991, "compression_set_size": 364, "complement_error": 0.0, "complement_loss": 4.3845320760738105e-05, "validation_error": 0.012699761427938938, "validation_loss": 0.34027156233787537, "test_error": 0.011056764982640743, "test_loss": 0.17249977588653564, "brute_force_binomial_tail_inversion": 1, "beta_ppf": 1.0, "beta_isf": 1.0, "binomial_approximation_shah": 0.1444133293315799, "binomial_approximation_sokolova": 0.14445488040541943, "p2l_bound": 0.03810677731607483, "p2l_upper_bound": 0.06560997287573125, "kl_bound": 0.14485658425837755, "nbr_parameter_bounds": 20, "min_val_linear_bound": 0.27953046222442934, "min_param_linear_bound": 1.1288378916846884, "min_val_catoni_bound": 0.1446634009562946, "min_param_catoni_bound": 69.51927961775604, "config": {"seed": 42, "prior_size": 0.0, "pretraining_epochs": null, "pretraining_lr": null, "model_type": "mlp", "dropout_probability": 0.2, "optimizer": "Adam", "training_lr": 0.0001, "momentum": null, "nesterov": null, "max_compression_size": -1, "data_groupsize": 1, "patience": 3, "dataset": "mnist", "n_classes": 2, "first_class": 4, "second_class": 9, "validation_size": 0.1, "max_epochs": 200, "batch_size": 64, "delta": 0.01, "nbr_parameter_bounds": 20, "classic_bounds": true, "p2l_bounds": true, "real_bounds": true, "log_iterations": 10, "deterministic": true}}