{"train_set_size": 10881, "validation_set_size": 1208, "test_set_size": 2042, "compression_set_size": 192, "complement_error": 0.0, "complement_loss": 0.0022179128136485815, "validation_error": 0.009161384776234627, "validation_loss": 0.014455311000347137, "test_error": 0.004032116383314133, "test_loss": 0.009850017726421356, "brute_force_binomial_tail_inversion": 1, "beta_ppf": 1.0, "beta_isf": 1.0, "binomial_approximation_shah": 0.08739593943666069, "binomial_approximation_sokolova": 0.08743843103950977, "p2l_bound": 0.020203757353741594, "p2l_upper_bound": 0.03962045952755798, "kl_bound": 0.08785102982074022, "nbr_parameter_bounds": 20, "min_val_linear_bound": 0.22236833048894916, "min_param_linear_bound": 1.1288378916846884, "min_val_catoni_bound": 0.08765167284155406, "min_param_catoni_bound": 69.51927961775604, "config": {"seed": 3, "prior_size": 0.0, "pretraining_epochs": null, "pretraining_lr": null, "model_type": "cnn", "dropout_probability": 0.2, "optimizer": "Adam", "training_lr": 0.0001, "momentum": null, "nesterov": null, "max_compression_size": -1, "data_groupsize": 1, "patience": 3, "dataset": "mnist", "n_classes": 2, "first_class": 2, "second_class": 3, "validation_size": 0.1, "max_epochs": 200, "batch_size": 64, "delta": 0.01, "nbr_parameter_bounds": 20, "classic_bounds": true, "p2l_bounds": true, "real_bounds": true, "log_iterations": 10, "deterministic": true}}