{"train_set_size": 10597, "validation_set_size": 1177, "test_set_size": 1954, "compression_set_size": 188, "complement_error": 0.0, "complement_loss": 0.00011659984738798812, "validation_error": 0.003479389473795891, "validation_loss": 0.22546595335006714, "test_error": 0.0035951510071754456, "test_loss": 0.26677221059799194, "brute_force_binomial_tail_inversion": 1, "beta_ppf": 1.0, "beta_isf": 1.0, "binomial_approximation_shah": 0.0877850305222031, "binomial_approximation_sokolova": 0.08782864650955025, "p2l_bound": 0.02033475498617041, "p2l_upper_bound": 0.040062447863085715, "kl_bound": 0.08825099747627974, "nbr_parameter_bounds": 20, "min_val_linear_bound": 0.2227527811766546, "min_param_linear_bound": 1.1288378916846884, "min_val_catoni_bound": 0.08804753014909539, "min_param_catoni_bound": 69.51927961775604, "config": {"seed": 3, "prior_size": 0.0, "pretraining_epochs": null, "pretraining_lr": null, "model_type": "mlp", "dropout_probability": 0.1, "optimizer": "Adam", "training_lr": 0.01, "momentum": null, "nesterov": null, "max_compression_size": -1, "data_groupsize": 1, "patience": 3, "dataset": "mnist", "n_classes": 2, "first_class": 0, "second_class": 8, "validation_size": 0.1, "max_epochs": 200, "batch_size": 64, "delta": 0.01, "nbr_parameter_bounds": 20, "classic_bounds": true, "p2l_bounds": true, "real_bounds": true, "log_iterations": 10, "deterministic": true}}