{"train_set_size": 10612, "validation_set_size": 1179, "test_set_size": 1991, "compression_set_size": 446, "complement_error": 0.0, "complement_loss": 9.849962225416675e-05, "validation_error": 0.011673313565552235, "validation_loss": 2.213441848754883, "test_error": 0.010905045084655285, "test_loss": 0.5442538261413574, "brute_force_binomial_tail_inversion": 1, "beta_ppf": 1.0, "beta_isf": 1.0, "binomial_approximation_shah": 0.16748068035417574, "binomial_approximation_sokolova": 0.16752143728657287, "p2l_bound": 0.046301992213810914, "p2l_upper_bound": 0.07679450878773493, "kl_bound": 0.1679151328280568, "nbr_parameter_bounds": 20, "min_val_linear_bound": 0.3037441495079839, "min_param_linear_bound": 1.1288378916846884, "min_val_catoni_bound": 0.16772597226463504, "min_param_catoni_bound": 69.51927961775604, "config": {"seed": 2, "prior_size": 0.0, "pretraining_epochs": null, "pretraining_lr": null, "model_type": "mlp", "dropout_probability": 0.1, "optimizer": "Adam", "training_lr": 0.005, "momentum": null, "nesterov": null, "max_compression_size": -1, "data_groupsize": 1, "patience": 3, "dataset": "mnist", "n_classes": 2, "first_class": 4, "second_class": 9, "validation_size": 0.1, "max_epochs": 200, "batch_size": 64, "delta": 0.01, "nbr_parameter_bounds": 20, "classic_bounds": true, "p2l_bounds": true, "real_bounds": true, "log_iterations": 10, "deterministic": true}}