{"prior_set_size": 180000, "train_set_size": 144000, "validation_set_size": 36000, "test_set_size": 400000, "compression_set_size": 320, "complement_error": 0.49518516659736633, "validation_error": 0.49285992980003357, "test_error": 0.49515220522880554, "complement_loss": 0.702707052230835, "validation_loss": 0.7015295624732971, "test_loss": 0.7025706768035889, "brute_force_binomial_tail_inversion": 1, "beta_ppf": 1.0, "beta_isf": 1.0, "binomial_approximation_shah": 0.7544936522914499, "binomial_approximation_sokolova": 0.754570958551629, "p2l_bound": 0.0024860050808638338, "p2l_upper_bound": 0.004381372742508658, "kl_bound": 0.5839232877237037, "nbr_parameter_bounds": 20, "min_val_linear_bound": 0.588603633708795, "min_param_linear_bound": 0.2636650898730355, "min_val_catoni_bound": 0.5917206040424019, "min_param_catoni_bound": 0.5455594781168515, "CE_kl_bound": 1.303247694122252, "CE_nbr_parameter_bounds": 20, "CE_min_val_linear_bound": 1.7314397974856544, "CE_min_param_linear_bound": 0.02976351441631316, "CE_min_val_catoni_bound": 1.3155562062070156, "CE_min_param_catoni_bound": 0.5455594781168515, "config": {"seed": 1, "prior_size": 0.5, "pretraining_epochs": 5, "pretraining_lr": 0.001, "model_type": "transformer", "dropout_probability": 0.1, "optimizer": "Adam", "training_lr": 0.001, "momentum": null, "nesterov": null, "max_compression_size": 20000, "data_groupsize": 32, "patience": 3, "dataset": "amazon", "n_classes": 2, "regression": false, "validation_size": 0.1, "max_epochs": 200, "batch_size": 128, "delta": 0.01, "nbr_parameter_bounds": 20, "classic_bounds": true, "p2l_bounds": true, "real_bounds": true, "log_iterations": 10, "deterministic": true, "clamping": true, "early_stopping": true, "early_stopping_patience": 10, "min_probability": 1e-05, "n_shards": 10}}