{"prior_set_size": 6000, "train_set_size": 48000, "validation_set_size": 6000, "test_set_size": 10000, "compression_set_size": 2880, "complement_error": 0.0, "complement_loss": 0.0034248263109475374, "validation_error": 0.013226374983787537, "validation_loss": 0.049741968512535095, "test_error": 0.014816796407103539, "test_loss": 0.06320507079362869, "brute_force_binomial_tail_inversion": 1, "beta_ppf": 1.0, "beta_isf": 1.0, "binomial_approximation_shah": 0.21479704502315256, "binomial_approximation_sokolova": 0.21480570622866768, "p2l_bound": 0.06275527910911477, "p2l_upper_bound": 0.08015327897738188, "kl_bound": 0.21490235347300768, "nbr_parameter_bounds": 20, "min_val_linear_bound": 0.35537770674385005, "min_param_linear_bound": 1.1288378916846884, "min_val_catoni_bound": 0.21484917666646874, "min_param_catoni_bound": 69.51927961775604, "config": {"seed": 1, "prior_size": 0.1, "pretraining_epochs": 100, "pretraining_lr": 0.01, "model_type": "cnn", "dropout_probability": 0.2, "optimizer": "Adam", "training_lr": 0.001, "momentum": null, "nesterov": null, "max_compression_size": -1, "data_groupsize": 32, "patience": 3, "dataset": "mnist", "n_classes": 2, "first_class": -1, "second_class": -1, "validation_size": 0.1, "max_epochs": 200, "batch_size": 64, "delta": 0.01, "nbr_parameter_bounds": 20, "classic_bounds": true, "p2l_bounds": true, "real_bounds": true, "log_iterations": 10, "deterministic": true}}