{"prior_set_size": 12000, "train_set_size": 42000, "validation_set_size": 6000, "test_set_size": 10000, "compression_set_size": 1472, "complement_error": 0.0, "complement_loss": 0.0011495801154524088, "validation_error": 0.011592029593884945, "validation_loss": 0.04835270717740059, "test_error": 0.012935913167893887, "test_loss": 0.048886287957429886, "brute_force_binomial_tail_inversion": 1, "beta_ppf": 1.0, "beta_isf": 1.0, "binomial_approximation_shah": 0.14594711728845067, "binomial_approximation_sokolova": 0.1459576053403676, "p2l_bound": 0.037216660018921606, "p2l_upper_bound": 0.05132589908349155, "kl_bound": 0.14607350435107946, "nbr_parameter_bounds": 20, "min_val_linear_bound": 0.2809264790847299, "min_param_linear_bound": 1.1288378916846884, "min_val_catoni_bound": 0.1460102444900594, "min_param_catoni_bound": 69.51927961775604, "CE_kl_bound": 1.6900266530441403, "CE_nbr_parameter_bounds": 20, "CE_min_val_linear_bound": 3.3510577572108167, "CE_min_param_linear_bound": 0.1274274985703132, "CE_min_val_catoni_bound": 1.6906256218687015, "CE_min_param_catoni_bound": 6.1584821106602545, "config": {"seed": 1, "prior_size": 0.2, "pretraining_epochs": 50, "pretraining_lr": 0.0001, "model_type": "cnn", "dropout_probability": 0.1, "optimizer": "Adam", "training_lr": 0.0001, "momentum": null, "nesterov": null, "max_compression_size": -1, "data_groupsize": 32, "patience": 3, "dataset": "mnist", "n_classes": 10, "first_class": null, "second_class": null, "validation_size": 0.1, "max_epochs": 200, "batch_size": 64, "delta": 0.01, "nbr_parameter_bounds": 20, "classic_bounds": true, "p2l_bounds": true, "real_bounds": true, "log_iterations": 10, "deterministic": true, "clamping": true, "min_probability": 1e-05}}