{"prior_set_size": 12000, "train_set_size": 42000, "validation_set_size": 6000, "test_set_size": 10000, "compression_set_size": 1440, "complement_error": 0.0, "complement_loss": 0.0006052504759281874, "validation_error": 0.013888300396502018, "validation_loss": 0.06300799548625946, "test_error": 0.013160144910216331, "test_loss": 0.05381733179092407, "brute_force_binomial_tail_inversion": 1, "beta_ppf": 1.0, "beta_isf": 1.0, "binomial_approximation_shah": 0.14359531128724035, "binomial_approximation_sokolova": 0.143605819922781, "p2l_bound": 0.03642823603968801, "p2l_upper_bound": 0.05038004791934601, "kl_bound": 0.14372195582836866, "nbr_parameter_bounds": 20, "min_val_linear_bound": 0.2784903679947099, "min_param_linear_bound": 1.1288378916846884, "min_val_catoni_bound": 0.1436585623824661, "min_param_catoni_bound": 69.51927961775604, "CE_kl_bound": 1.6593606778738725, "CE_nbr_parameter_bounds": 20, "CE_min_val_linear_bound": 3.3289327284473083, "CE_min_param_linear_bound": 0.1274274985703132, "CE_min_val_catoni_bound": 1.660634761803406, "CE_min_param_catoni_bound": 6.1584821106602545, "config": {"seed": 2, "prior_size": 0.2, "pretraining_epochs": 100, "pretraining_lr": 0.0001, "model_type": "cnn", "dropout_probability": 0.1, "optimizer": "Adam", "training_lr": 0.0001, "momentum": null, "nesterov": null, "max_compression_size": -1, "data_groupsize": 32, "patience": 3, "dataset": "mnist", "n_classes": 10, "first_class": null, "second_class": null, "validation_size": 0.1, "max_epochs": 200, "batch_size": 64, "delta": 0.01, "nbr_parameter_bounds": 20, "classic_bounds": true, "p2l_bounds": true, "real_bounds": true, "log_iterations": 10, "deterministic": true, "clamping": true, "min_probability": 1e-05}}