{"train_set_size": 10612, "validation_set_size": 1179, "test_set_size": 1991, "compression_set_size": 443, "complement_error": 0.0, "complement_loss": 3.657888373709284e-05, "validation_error": 0.008731143549084663, "validation_loss": 1.1081959009170532, "test_error": 0.009934189729392529, "test_loss": 1.0161573886871338, "brute_force_binomial_tail_inversion": 1, "beta_ppf": 1.0, "beta_isf": 1.0, "binomial_approximation_shah": 0.166665679423892, "binomial_approximation_sokolova": 0.16670646422023616, "p2l_bound": 0.046002940723937194, "p2l_upper_bound": 0.07639099155257814, "kl_bound": 0.16710044164210558, "nbr_parameter_bounds": 20, "min_val_linear_bound": 0.30287727087627725, "min_param_linear_bound": 1.1288378916846884, "min_val_catoni_bound": 0.16691113903989263, "min_param_catoni_bound": 69.51927961775604, "config": {"seed": 3, "prior_size": 0.0, "pretraining_epochs": null, "pretraining_lr": null, "model_type": "mlp", "dropout_probability": 0.2, "optimizer": "Adam", "training_lr": 0.005, "momentum": null, "nesterov": null, "max_compression_size": -1, "data_groupsize": 1, "patience": 3, "dataset": "mnist", "n_classes": 2, "first_class": 4, "second_class": 9, "validation_size": 0.1, "max_epochs": 200, "batch_size": 64, "delta": 0.01, "nbr_parameter_bounds": 20, "classic_bounds": true, "p2l_bounds": true, "real_bounds": true, "log_iterations": 10, "deterministic": true}}