{"prior_set_size": 6000, "train_set_size": 48000, "validation_set_size": 6000, "test_set_size": 10000, "compression_set_size": 2496, "complement_error": 0.0, "validation_error": 0.011958925984799862, "test_error": 0.012114267796278, "complement_loss": 9.630496788304299e-05, "validation_loss": 0.07008123397827148, "test_loss": 0.05429297313094139, "brute_force_binomial_tail_inversion": 1, "beta_ppf": 1.0, "beta_isf": 1.0, "binomial_approximation_shah": 0.19420241873251298, "binomial_approximation_sokolova": 0.194211232100716, "p2l_bound": 0.054548838639399036, "p2l_upper_bound": 0.07071580282973725, "kl_bound": 0.19430965092033148, "nbr_parameter_bounds": 20, "min_val_linear_bound": 0.33244181325095284, "min_param_linear_bound": 1.1288378916846884, "min_val_catoni_bound": 0.19425546625275725, "min_param_catoni_bound": 69.51927961775604, "CE_kl_bound": 2.2379469265802534, "CE_nbr_parameter_bounds": 20, "CE_min_val_linear_bound": 3.806361719410596, "CE_min_param_linear_bound": 0.1274274985703132, "CE_min_val_catoni_bound": 2.2380541607447557, "CE_min_param_catoni_bound": 20.6913808111479, "config": {"seed": 4, "prior_size": 0.1, "pretraining_epochs": 50, "pretraining_lr": 0.0001, "model_type": "cnn", "dropout_probability": 0.1, "optimizer": "Adam", "training_lr": 0.0001, "momentum": null, "nesterov": null, "max_compression_size": 40000, "data_groupsize": 32, "patience": 3, "dataset": "mnist", "n_classes": 10, "first_class": null, "second_class": null, "validation_size": 0.1, "max_epochs": 200, "batch_size": 64, "delta": 0.01, "nbr_parameter_bounds": 20, "classic_bounds": true, "p2l_bounds": true, "real_bounds": true, "log_iterations": 10, "deterministic": true, "clamping": true, "min_probability": 1e-05, "regression": false, "early_stopping": false}}