{"prior_set_size": 6000, "train_set_size": 48000, "validation_set_size": 6000, "test_set_size": 10000, "compression_set_size": 3200, "complement_error": 0.0, "validation_error": 0.012927362695336342, "test_error": 0.013457833789288998, "complement_loss": 3.892139648087323e-05, "validation_loss": 0.08517684042453766, "test_loss": 0.08433866500854492, "brute_force_binomial_tail_inversion": 1, "beta_ppf": 1.0, "beta_isf": 1.0, "binomial_approximation_shah": 0.23109621568933958, "binomial_approximation_sokolova": 0.23110475768756145, "p2l_bound": 0.06958311139605944, "p2l_upper_bound": 0.08794837336750015, "kl_bound": 0.2312000123783946, "nbr_parameter_bounds": 20, "min_val_linear_bound": 0.373960407054341, "min_param_linear_bound": 1.1288378916846884, "min_val_catoni_bound": 0.23114762981589265, "min_param_catoni_bound": 69.51927961775604, "CE_kl_bound": 2.6621594419847856, "CE_nbr_parameter_bounds": 20, "CE_min_val_linear_bound": 4.174103770188668, "CE_min_param_linear_bound": 0.1274274985703132, "CE_min_val_catoni_bound": 2.6618046001639, "CE_min_param_catoni_bound": 20.6913808111479, "config": {"seed": 4, "prior_size": 0.1, "pretraining_epochs": 100, "pretraining_lr": 0.0001, "model_type": "cnn", "dropout_probability": 0.1, "optimizer": "Adam", "training_lr": 0.001, "momentum": null, "nesterov": null, "max_compression_size": 40000, "data_groupsize": 32, "patience": 3, "dataset": "mnist", "n_classes": 10, "first_class": null, "second_class": null, "validation_size": 0.1, "max_epochs": 200, "batch_size": 64, "delta": 0.01, "nbr_parameter_bounds": 20, "classic_bounds": true, "p2l_bounds": true, "real_bounds": true, "log_iterations": 10, "deterministic": true, "clamping": true, "min_probability": 1e-05, "regression": false, "early_stopping": false}}