{"train_set_size": 10206, "validation_set_size": 1133, "test_set_size": 1850, "compression_set_size": 222, "complement_error": 0.0, "complement_loss": 3.966842996305786e-05, "validation_error": 0.004374989774078131, "validation_loss": 0.046148594468832016, "test_error": 0.005909495055675507, "test_loss": 0.06171432137489319, "brute_force_binomial_tail_inversion": 1, "beta_ppf": 1.0, "beta_isf": 1.0, "binomial_approximation_shah": 0.10268088201475323, "binomial_approximation_sokolova": 0.1027256120693667, "p2l_bound": 0.02472081854457648, "p2l_upper_bound": 0.04699315125550524, "kl_bound": 0.1031568730250001, "nbr_parameter_bounds": 20, "min_val_linear_bound": 0.23734864614314427, "min_param_linear_bound": 1.1288378916846884, "min_val_catoni_bound": 0.10295008519894067, "min_param_catoni_bound": 69.51927961775604, "config": {"seed": 42, "prior_size": 0.0, "pretraining_epochs": null, "pretraining_lr": null, "model_type": "mlp", "dropout_probability": 0.1, "optimizer": "Adam", "training_lr": 0.0001, "momentum": null, "nesterov": null, "max_compression_size": -1, "data_groupsize": 1, "patience": 3, "dataset": "mnist", "n_classes": 2, "first_class": 5, "second_class": 6, "validation_size": 0.1, "max_epochs": 200, "batch_size": 64, "delta": 0.01, "nbr_parameter_bounds": 20, "classic_bounds": true, "p2l_bounds": true, "real_bounds": true, "log_iterations": 10, "deterministic": true}}