{"prior_set_size": 30000, "train_set_size": 24000, "validation_set_size": 6000, "test_set_size": 10000, "compression_set_size": 1088, "complement_error": 0.0, "complement_loss": 0.01261482760310173, "validation_error": 0.02023094892501831, "validation_loss": 0.07714986056089401, "test_error": 0.019759219139814377, "test_loss": 0.07192447036504745, "brute_force_binomial_tail_inversion": 1, "beta_ppf": 1.0, "beta_isf": 1.0, "binomial_approximation_shah": 0.17629485163726233, "binomial_approximation_sokolova": 0.17631274417605902, "p2l_bound": 0.048506416046681516, "p2l_upper_bound": 0.0696988071474888, "kl_bound": 0.17650020774453878, "nbr_parameter_bounds": 20, "min_val_linear_bound": 0.31302790956067095, "min_param_linear_bound": 1.1288378916846884, "min_val_catoni_bound": 0.17640254362334595, "min_param_catoni_bound": 69.51927961775604, "CE_kl_bound": 2.0974006202925723, "CE_nbr_parameter_bounds": 20, "CE_min_val_linear_bound": 3.646898916531409, "CE_min_param_linear_bound": 0.1274274985703132, "CE_min_val_catoni_bound": 2.09911834346071, "CE_min_param_catoni_bound": 6.1584821106602545, "config": {"seed": 2, "prior_size": 0.5, "pretraining_epochs": 50, "pretraining_lr": 0.01, "model_type": "cnn", "dropout_probability": 0.1, "optimizer": "Adam", "training_lr": 0.0001, "momentum": null, "nesterov": null, "max_compression_size": -1, "data_groupsize": 32, "patience": 3, "dataset": "mnist", "n_classes": 10, "first_class": null, "second_class": null, "validation_size": 0.1, "max_epochs": 200, "batch_size": 64, "delta": 0.01, "nbr_parameter_bounds": 20, "classic_bounds": true, "p2l_bounds": true, "real_bounds": true, "log_iterations": 10, "deterministic": true, "clamping": true, "min_probability": 1e-05}}