{"prior_set_size": 12000, "train_set_size": 42000, "validation_set_size": 6000, "test_set_size": 10000, "compression_set_size": 12640, "complement_error": 0.0, "validation_error": 0.054832469671964645, "test_error": 0.048541076481342316, "complement_loss": 0.0, "validation_loss": 0.6428053975105286, "test_loss": 0.5457121729850769, "brute_force_binomial_tail_inversion": 1, "beta_ppf": 1.0, "beta_isf": 1.0, "binomial_approximation_shah": 0.5834024389876651, "binomial_approximation_sokolova": 0.5834095009418461, "p2l_bound": 0.3073081866578598, "p2l_upper_bound": 0.3504207774990287, "kl_bound": 0.5834852522239089, "nbr_parameter_bounds": 20, "min_val_linear_bound": 0.6668971482333304, "min_param_linear_bound": 2.335721469090121, "min_val_catoni_bound": 0.5834449441337994, "min_param_catoni_bound": 69.51927961775604, "CE_kl_bound": 6.717622218763218, "CE_nbr_parameter_bounds": 20, "CE_min_val_linear_bound": 7.689914766613004, "CE_min_param_linear_bound": 0.2636650898730355, "CE_min_val_catoni_bound": 6.717158154726152, "CE_min_param_catoni_bound": 69.51927961775604, "config": {"seed": 3, "prior_size": 0.2, "pretraining_epochs": 100, "pretraining_lr": 0.001, "model_type": "cnn", "dropout_probability": 0.2, "optimizer": "Adam", "training_lr": 0.005, "momentum": null, "nesterov": null, "max_compression_size": 40000, "data_groupsize": 32, "patience": 3, "dataset": "mnist", "n_classes": 10, "first_class": null, "second_class": null, "validation_size": 0.1, "max_epochs": 200, "batch_size": 64, "delta": 0.01, "nbr_parameter_bounds": 20, "classic_bounds": true, "p2l_bounds": true, "real_bounds": true, "log_iterations": 10, "deterministic": true, "clamping": true, "min_probability": 1e-05, "regression": false, "early_stopping": false}}