{"prior_set_size": 12000, "train_set_size": 42000, "validation_set_size": 6000, "test_set_size": 10000, "compression_set_size": 704, "complement_error": 0.0, "validation_error": 0.013626286759972572, "test_error": 0.011020446196198463, "complement_loss": 0.0038136430084705353, "validation_loss": 0.05098842829465866, "test_loss": 0.03670881316065788, "brute_force_binomial_tail_inversion": 1, "beta_ppf": 1.0, "beta_isf": 1.0, "binomial_approximation_shah": 0.08327300518613923, "binomial_approximation_sokolova": 0.08328405353351453, "p2l_bound": 0.018188934174011503, "p2l_upper_bound": 0.027880276555208236, "kl_bound": 0.08340635430067778, "nbr_parameter_bounds": 20, "min_val_linear_bound": 0.2181911898728201, "min_param_linear_bound": 1.1288378916846884, "min_val_catoni_bound": 0.08333950482377095, "min_param_catoni_bound": 69.51927961775604, "CE_kl_bound": 0.9834417257709956, "CE_nbr_parameter_bounds": 20, "CE_min_val_linear_bound": 2.4371573605296986, "CE_min_param_linear_bound": 0.061584821106602614, "CE_min_val_catoni_bound": 0.9830681256086777, "CE_min_param_catoni_bound": 6.1584821106602545, "config": {"seed": 3, "prior_size": 0.2, "pretraining_epochs": 50, "pretraining_lr": 0.001, "model_type": "cnn", "dropout_probability": 0.2, "optimizer": "Adam", "training_lr": 0.0001, "momentum": null, "nesterov": null, "max_compression_size": 40000, "data_groupsize": 32, "patience": 3, "dataset": "mnist", "n_classes": 10, "first_class": null, "second_class": null, "validation_size": 0.1, "max_epochs": 200, "batch_size": 64, "delta": 0.01, "nbr_parameter_bounds": 20, "classic_bounds": true, "p2l_bounds": true, "real_bounds": true, "log_iterations": 10, "deterministic": true, "clamping": true, "min_probability": 1e-05, "regression": false, "early_stopping": false}}