{"prior_set_size": 180000, "train_set_size": 144000, "validation_set_size": 36000, "test_set_size": 400000, "compression_set_size": 320, "complement_error": 0.5790786743164062, "validation_error": 0.5767377018928528, "test_error": 0.578311562538147, "complement_loss": 0.7415520548820496, "validation_loss": 0.741156280040741, "test_loss": 0.7403656244277954, "brute_force_binomial_tail_inversion": 1, "beta_ppf": 1.0, "beta_isf": 1.0, "binomial_approximation_shah": 0.8088355032248409, "binomial_approximation_sokolova": 0.8089086821847041, "p2l_bound": 0.0024860050808638338, "p2l_upper_bound": 0.004381372742508658, "kl_bound": 0.6649443157585182, "nbr_parameter_bounds": 20, "min_val_linear_bound": 0.6724971414278349, "min_param_linear_bound": 0.2636650898730355, "min_val_catoni_bound": 0.6716437671091288, "min_param_catoni_bound": 0.5455594781168515, "CE_kl_bound": 1.3534957674121713, "CE_nbr_parameter_bounds": 20, "CE_min_val_linear_bound": 1.770284800136869, "CE_min_param_linear_bound": 0.02976351441631316, "CE_min_val_catoni_bound": 1.3634903400239908, "CE_min_param_catoni_bound": 0.5455594781168515, "config": {"seed": 3, "prior_size": 0.5, "pretraining_epochs": 5, "pretraining_lr": 0.001, "model_type": "transformer", "dropout_probability": 0.1, "optimizer": "Adam", "training_lr": 0.001, "momentum": null, "nesterov": null, "max_compression_size": 20000, "data_groupsize": 32, "patience": 3, "dataset": "amazon", "n_classes": 2, "regression": false, "validation_size": 0.1, "max_epochs": 200, "batch_size": 128, "delta": 0.01, "nbr_parameter_bounds": 20, "classic_bounds": true, "p2l_bounds": true, "real_bounds": true, "log_iterations": 10, "deterministic": true, "clamping": true, "early_stopping": true, "early_stopping_patience": 10, "min_probability": 1e-05, "n_shards": 10}}