{"prior_set_size": 6000, "train_set_size": 48000, "validation_set_size": 6000, "test_set_size": 10000, "compression_set_size": 960, "complement_error": 0.0, "validation_error": 0.012794990092515945, "test_error": 0.012001581490039825, "complement_loss": 0.002565847709774971, "validation_loss": 0.04984769970178604, "test_loss": 0.04556417092680931, "brute_force_binomial_tail_inversion": 1, "beta_ppf": 1.0, "beta_isf": 1.0, "binomial_approximation_shah": 0.09547748815019297, "binomial_approximation_sokolova": 0.09548705827660042, "p2l_bound": 0.02149300982360728, "p2l_upper_bound": 0.031419528144520016, "kl_bound": 0.09559424873441458, "nbr_parameter_bounds": 20, "min_val_linear_bound": 0.23005618932911062, "min_param_linear_bound": 1.1288378916846884, "min_val_catoni_bound": 0.09553509063742027, "min_param_catoni_bound": 69.51927961775604, "CE_kl_bound": 1.117213794716377, "CE_nbr_parameter_bounds": 20, "CE_min_val_linear_bound": 2.653392716605181, "CE_min_param_linear_bound": 0.061584821106602614, "CE_min_val_catoni_bound": 1.1165326642357944, "CE_min_param_catoni_bound": 6.1584821106602545, "config": {"seed": 4, "prior_size": 0.1, "pretraining_epochs": 100, "pretraining_lr": 0.001, "model_type": "cnn", "dropout_probability": 0.1, "optimizer": "Adam", "training_lr": 0.0001, "momentum": null, "nesterov": null, "max_compression_size": 40000, "data_groupsize": 32, "patience": 3, "dataset": "mnist", "n_classes": 10, "first_class": null, "second_class": null, "validation_size": 0.1, "max_epochs": 200, "batch_size": 64, "delta": 0.01, "nbr_parameter_bounds": 20, "classic_bounds": true, "p2l_bounds": true, "real_bounds": true, "log_iterations": 10, "deterministic": true, "clamping": true, "min_probability": 1e-05, "regression": false, "early_stopping": false}}