{"train_set_size": 827, "validation_set_size": 91, "test_set_size": 102, "compression_set_size": 15, "complement_loss": 0.8310910716212891, "validation_loss": 0.7869395192494437, "test_loss": 0.7933954894778533, "kl_bound": 13.065659683156966, "nbr_parameter_bounds": 20, "min_val_linear_bound": 24.824800884266843, "min_param_linear_bound": 0.0069519279617756054, "min_val_catoni_bound": 13.632217270726038, "min_param_catoni_bound": 1.8329807108324336, "config": {"seed": 42, "model_type": "tree", "max_depth": 5, "min_samples_split": 4, "min_samples_leaf": 3, "ccp_alpha": 0.0, "n_add_estimators": null, "max_compression_size": -1, "data_groupsize": 1, "patience": 10, "dataset": "infrared", "regression": true, "prior_size": 0.0, "validation_size": 0.1, "test_size": 0.1, "max_epochs": 1, "batch_size": 64, "delta": 0.01, "nbr_parameter_bounds": 20, "classic_bounds": false, "p2l_bounds": false, "real_bounds": true, "n_jobs": 5, "warm_start": false, "log_iterations": 5, "deterministic": true, "clamping": true, "early_stopping": true, "min_val": 0, "max_val": 100}}