{"train_set_size": 4760, "validation_set_size": 528, "test_set_size": 587, "compression_set_size": 64, "complement_loss": 6.745101563200074, "validation_loss": 6.67272266193572, "test_loss": 7.114727814820098, "kl_bound": 14.36616714223777, "nbr_parameter_bounds": 20, "min_val_linear_bound": 15.609113405256942, "min_param_linear_bound": 0.01438449888287663, "min_val_catoni_bound": 15.540761848018713, "min_param_catoni_bound": 0.5455594781168515, "config": {"seed": 42, "model_type": "forest", "max_depth": 5, "min_samples_split": 3, "min_samples_leaf": 3, "n_estimators": 50, "ccp_alpha": 2, "n_add_estimators": null, "max_compression_size": -1, "data_groupsize": 1, "patience": 10, "dataset": "parkinson", "regression": true, "prior_size": 0.0, "validation_size": 0.1, "test_size": 0.1, "max_epochs": 1, "batch_size": 64, "delta": 0.01, "nbr_parameter_bounds": 20, "classic_bounds": false, "p2l_bounds": false, "real_bounds": true, "n_jobs": 5, "warm_start": false, "log_iterations": 5, "deterministic": true, "clamping": true, "early_stopping": true, "min_val": 0, "max_val": 45}}