{"train_set_size": 7751, "validation_set_size": 861, "test_set_size": 956, "compression_set_size": 41, "complement_loss": 6.677720781769487, "validation_loss": 6.908692027025802, "test_loss": 6.847593840740984, "kl_bound": 16.47226301473648, "nbr_parameter_bounds": 20, "min_val_linear_bound": 23.09492677316102, "min_param_linear_bound": 0.003359818286283781, "min_val_catoni_bound": 18.013266290346163, "min_param_catoni_bound": 0.5455594781168515, "config": {"seed": 3, "model_type": "forest", "max_depth": 10, "min_samples_split": 4, "min_samples_leaf": 2, "n_estimators": 100, "ccp_alpha": 0.0, "n_add_estimators": null, "max_compression_size": -1, "data_groupsize": 1, "patience": 10, "dataset": "powerplant", "regression": true, "prior_size": 0.0, "validation_size": 0.1, "test_size": 0.1, "max_epochs": 1, "batch_size": 64, "delta": 0.01, "nbr_parameter_bounds": 20, "classic_bounds": false, "p2l_bounds": false, "real_bounds": true, "n_jobs": 5, "warm_start": false, "log_iterations": 5, "deterministic": true, "clamping": true, "early_stopping": true, "min_val": 400, "max_val": 520}}