{"train_set_size": 835, "validation_set_size": 92, "test_set_size": 103, "compression_set_size": 13, "complement_loss": 29.560744084488093, "validation_loss": 28.155197732469347, "test_loss": 28.89293786865343, "kl_bound": 49.184407877354055, "nbr_parameter_bounds": 20, "min_val_linear_bound": 50.282990857129555, "min_param_linear_bound": 0.0069519279617756054, "min_val_catoni_bound": 51.34999800275313, "min_param_catoni_bound": 0.5455594781168515, "config": {"seed": 1, "model_type": "tree", "max_depth": 5, "min_samples_split": 2, "min_samples_leaf": 3, "ccp_alpha": 0.5, "n_add_estimators": null, "max_compression_size": -1, "data_groupsize": 1, "patience": 10, "dataset": "concrete", "regression": true, "prior_size": 0.0, "validation_size": 0.1, "test_size": 0.1, "max_epochs": 1, "batch_size": 64, "delta": 0.01, "nbr_parameter_bounds": 20, "classic_bounds": false, "p2l_bounds": false, "real_bounds": true, "n_jobs": 5, "warm_start": false, "log_iterations": 5, "deterministic": true, "clamping": true, "early_stopping": true, "min_val": 0, "max_val": 90}}