{"train_set_size": 7751, "validation_set_size": 861, "test_set_size": 956, "compression_set_size": 14, "complement_loss": 11.204860172135833, "validation_loss": 11.188742382319504, "test_loss": 11.402326030633638, "kl_bound": 18.204782028917915, "nbr_parameter_bounds": 20, "min_val_linear_bound": 21.6263027341613, "min_param_linear_bound": 0.003359818286283781, "min_val_catoni_bound": 18.130133449457436, "min_param_catoni_bound": 0.5455594781168515, "config": {"seed": 3, "model_type": "forest", "max_depth": 5, "min_samples_split": 3, "min_samples_leaf": 1, "n_estimators": 50, "ccp_alpha": 0.5, "n_add_estimators": null, "max_compression_size": -1, "data_groupsize": 1, "patience": 20, "dataset": "powerplant", "regression": true, "prior_size": 0.0, "validation_size": 0.1, "test_size": 0.1, "max_epochs": 1, "batch_size": 64, "delta": 0.01, "nbr_parameter_bounds": 20, "classic_bounds": false, "p2l_bounds": false, "real_bounds": true, "n_jobs": 5, "warm_start": false, "log_iterations": 5, "deterministic": true, "clamping": true, "early_stopping": true, "early_stopping_patience": 10, "min_val": 400, "max_val": 520}}