{"train_set_size": 835, "validation_set_size": 92, "test_set_size": 103, "compression_set_size": 15, "complement_loss": 23.674301477008196, "validation_loss": 24.55170029217128, "test_loss": 25.610211531065772, "kl_bound": 44.01722894450952, "nbr_parameter_bounds": 20, "min_val_linear_bound": 45.575015044344774, "min_param_linear_bound": 0.01438449888287663, "min_val_catoni_bound": 47.18512981006054, "min_param_catoni_bound": 0.5455594781168515, "config": {"seed": 4, "model_type": "tree", "max_depth": 10, "min_samples_split": 2, "min_samples_leaf": 3, "ccp_alpha": 0.0, "n_add_estimators": null, "max_compression_size": -1, "data_groupsize": 1, "patience": 10, "dataset": "concrete", "regression": true, "prior_size": 0.0, "validation_size": 0.1, "test_size": 0.1, "max_epochs": 1, "batch_size": 64, "delta": 0.01, "nbr_parameter_bounds": 20, "classic_bounds": false, "p2l_bounds": false, "real_bounds": true, "n_jobs": 5, "warm_start": false, "log_iterations": 5, "deterministic": true, "clamping": true, "early_stopping": true, "min_val": 0, "max_val": 90}}