{"train_set_size": 835, "validation_set_size": 92, "test_set_size": 103, "compression_set_size": 12, "complement_loss": 31.586579532926265, "validation_loss": 29.189108744693232, "test_loss": 32.62756089091938, "kl_bound": 50.691349539652116, "nbr_parameter_bounds": 20, "min_val_linear_bound": 51.54139402701682, "min_param_linear_bound": 0.0069519279617756054, "min_val_catoni_bound": 52.47596728457456, "min_param_catoni_bound": 0.5455594781168515, "config": {"seed": 2, "model_type": "tree", "max_depth": 5, "min_samples_split": 4, "min_samples_leaf": 1, "ccp_alpha": 0.2, "n_add_estimators": null, "max_compression_size": -1, "data_groupsize": 1, "patience": 20, "dataset": "concrete", "regression": true, "prior_size": 0.0, "validation_size": 0.1, "test_size": 0.1, "max_epochs": 1, "batch_size": 64, "delta": 0.01, "nbr_parameter_bounds": 20, "classic_bounds": false, "p2l_bounds": false, "real_bounds": true, "n_jobs": 5, "warm_start": false, "log_iterations": 5, "deterministic": true, "clamping": true, "early_stopping": true, "early_stopping_patience": 10, "min_val": 0, "max_val": 90}}