{"train_set_size": 4760, "validation_set_size": 528, "test_set_size": 587, "compression_set_size": 15, "complement_loss": 8.538036744814775, "validation_loss": 8.523888941747362, "test_loss": 8.45399124189697, "kl_bound": 12.826583167528158, "nbr_parameter_bounds": 20, "min_val_linear_bound": 13.715707392437938, "min_param_linear_bound": 0.0069519279617756054, "min_val_catoni_bound": 12.789571116594152, "min_param_catoni_bound": 0.5455594781168515, "config": {"seed": 2, "model_type": "forest", "max_depth": 10, "min_samples_split": 4, "min_samples_leaf": 1, "n_estimators": 50, "ccp_alpha": 1, "n_add_estimators": null, "max_compression_size": -1, "data_groupsize": 1, "patience": 10, "dataset": "parkinson", "regression": true, "prior_size": 0.0, "validation_size": 0.1, "test_size": 0.1, "max_epochs": 1, "batch_size": 64, "delta": 0.01, "nbr_parameter_bounds": 20, "classic_bounds": false, "p2l_bounds": false, "real_bounds": true, "n_jobs": 5, "warm_start": false, "log_iterations": 5, "deterministic": true, "clamping": true, "early_stopping": true, "min_val": 0, "max_val": 45}}