{"train_set_size": 835, "validation_set_size": 92, "test_set_size": 103, "compression_set_size": 65, "complement_loss": 6.05394670212499, "validation_loss": 6.449659189805425, "test_loss": 6.7292330656675, "kl_bound": 37.51947956432191, "nbr_parameter_bounds": 20, "min_val_linear_bound": 42.45470192681041, "min_param_linear_bound": 0.01438449888287663, "min_val_catoni_bound": 37.95668891373181, "min_param_catoni_bound": 1.8329807108324336, "config": {"seed": 42, "model_type": "forest", "max_depth": 10, "min_samples_split": 3, "min_samples_leaf": 3, "n_estimators": 100, "ccp_alpha": 2, "n_add_estimators": null, "max_compression_size": -1, "data_groupsize": 1, "patience": 20, "dataset": "concrete", "regression": true, "prior_size": 0.0, "validation_size": 0.1, "test_size": 0.1, "max_epochs": 1, "batch_size": 64, "delta": 0.01, "nbr_parameter_bounds": 20, "classic_bounds": false, "p2l_bounds": false, "real_bounds": true, "n_jobs": 5, "warm_start": false, "log_iterations": 5, "deterministic": true, "clamping": true, "early_stopping": true, "early_stopping_patience": 10, "min_val": 0, "max_val": 90}}