{"train_set_size": 1218, "validation_set_size": 135, "test_set_size": 150, "compression_set_size": 61, "complement_loss": 3.2189807459414492, "validation_loss": 3.273212998144612, "test_loss": 3.5343420526441856, "kl_bound": 16.150723911082338, "nbr_parameter_bounds": 20, "min_val_linear_bound": 18.51062082775138, "min_param_linear_bound": 0.02976351441631316, "min_val_catoni_bound": 16.13545279455754, "min_param_catoni_bound": 1.8329807108324336, "config": {"seed": 2, "model_type": "forest", "max_depth": 10, "min_samples_split": 2, "min_samples_leaf": 2, "n_estimators": 50, "ccp_alpha": 2, "n_add_estimators": null, "max_compression_size": -1, "data_groupsize": 1, "patience": 20, "dataset": "airfoil", "regression": true, "prior_size": 0.0, "validation_size": 0.1, "test_size": 0.1, "max_epochs": 1, "batch_size": 64, "delta": 0.01, "nbr_parameter_bounds": 20, "classic_bounds": false, "p2l_bounds": false, "real_bounds": true, "n_jobs": 5, "warm_start": false, "log_iterations": 2, "deterministic": true, "clamping": true, "early_stopping": true, "early_stopping_patience": 10, "min_val": 99, "max_val": 145}}