{"train_set_size": 4760, "validation_set_size": 528, "test_set_size": 587, "compression_set_size": 77, "complement_loss": 6.249243561491032, "validation_loss": 6.397448020950614, "test_loss": 6.17769173334431, "kl_bound": 14.40180728456258, "nbr_parameter_bounds": 20, "min_val_linear_bound": 15.942139592901956, "min_param_linear_bound": 0.01438449888287663, "min_val_catoni_bound": 15.500742273405265, "min_param_catoni_bound": 1.8329807108324336, "config": {"seed": 1, "model_type": "forest", "max_depth": 10, "min_samples_split": 4, "min_samples_leaf": 2, "n_estimators": 50, "ccp_alpha": 0.0, "n_add_estimators": null, "max_compression_size": -1, "data_groupsize": 1, "patience": 20, "dataset": "parkinson", "regression": true, "prior_size": 0.0, "validation_size": 0.1, "test_size": 0.1, "max_epochs": 1, "batch_size": 64, "delta": 0.01, "nbr_parameter_bounds": 20, "classic_bounds": false, "p2l_bounds": false, "real_bounds": true, "n_jobs": 5, "warm_start": false, "log_iterations": 5, "deterministic": true, "clamping": true, "early_stopping": true, "early_stopping_patience": 10, "min_val": 0, "max_val": 45}}