{"train_set_size": 835, "validation_set_size": 92, "test_set_size": 103, "compression_set_size": 59, "complement_loss": 6.139601101134354, "validation_loss": 6.703340122220925, "test_loss": 6.532284121463726, "kl_bound": 36.24772941391846, "nbr_parameter_bounds": 20, "min_val_linear_bound": 41.00198150616302, "min_param_linear_bound": 0.01438449888287663, "min_val_catoni_bound": 36.53207456663935, "min_param_catoni_bound": 1.8329807108324336, "config": {"seed": 1, "model_type": "forest", "max_depth": 5, "min_samples_split": 2, "min_samples_leaf": 2, "n_estimators": 50, "ccp_alpha": 0.0, "n_add_estimators": null, "max_compression_size": -1, "data_groupsize": 1, "patience": 20, "dataset": "concrete", "regression": true, "prior_size": 0.0, "validation_size": 0.1, "test_size": 0.1, "max_epochs": 1, "batch_size": 64, "delta": 0.01, "nbr_parameter_bounds": 20, "classic_bounds": false, "p2l_bounds": false, "real_bounds": true, "n_jobs": 5, "warm_start": false, "log_iterations": 5, "deterministic": true, "clamping": true, "early_stopping": true, "early_stopping_patience": 10, "min_val": 0, "max_val": 90}}