{"train_set_size": 4760, "validation_set_size": 528, "test_set_size": 587, "compression_set_size": 102, "complement_loss": 5.857707655023376, "validation_loss": 6.085653244117039, "test_loss": 5.843517264382759, "kl_bound": 15.013982025525415, "nbr_parameter_bounds": 20, "min_val_linear_bound": 17.048849552702187, "min_param_linear_bound": 0.02976351441631316, "min_val_catoni_bound": 15.722853490312723, "min_param_catoni_bound": 1.8329807108324336, "config": {"seed": 1, "model_type": "forest", "max_depth": 5, "min_samples_split": 3, "min_samples_leaf": 1, "n_estimators": 50, "ccp_alpha": 0.5, "n_add_estimators": null, "max_compression_size": -1, "data_groupsize": 1, "patience": 10, "dataset": "parkinson", "regression": true, "prior_size": 0.0, "validation_size": 0.1, "test_size": 0.1, "max_epochs": 1, "batch_size": 64, "delta": 0.01, "nbr_parameter_bounds": 20, "classic_bounds": false, "p2l_bounds": false, "real_bounds": true, "n_jobs": 5, "warm_start": false, "log_iterations": 5, "deterministic": true, "clamping": true, "early_stopping": true, "min_val": 0, "max_val": 45}}