{"train_set_size": 827, "validation_set_size": 91, "test_set_size": 102, "compression_set_size": 36, "complement_loss": 0.21446847328270705, "validation_loss": 0.22074979485094012, "test_loss": 0.2508028733065374, "kl_bound": 19.483592577514543, "nbr_parameter_bounds": 20, "min_val_linear_bound": 32.31612785099874, "min_param_linear_bound": 0.01438449888287663, "min_val_catoni_bound": 19.494457650883195, "min_param_catoni_bound": 6.1584821106602545, "config": {"seed": 3, "model_type": "forest", "max_depth": 10, "min_samples_split": 3, "min_samples_leaf": 1, "n_estimators": 50, "ccp_alpha": 0.05, "n_add_estimators": null, "max_compression_size": -1, "data_groupsize": 1, "patience": 10, "dataset": "infrared", "regression": true, "prior_size": 0.0, "validation_size": 0.1, "test_size": 0.1, "max_epochs": 1, "batch_size": 64, "delta": 0.01, "nbr_parameter_bounds": 20, "classic_bounds": false, "p2l_bounds": false, "real_bounds": true, "n_jobs": 5, "warm_start": false, "log_iterations": 5, "deterministic": true, "clamping": true, "early_stopping": true, "min_val": 0, "max_val": 100}}