{"train_set_size": 1218, "validation_set_size": 135, "test_set_size": 150, "compression_set_size": 73, "complement_loss": 3.2333689303746778, "validation_loss": 3.5867672063993776, "test_loss": 3.515421582670758, "kl_bound": 17.34645202064584, "nbr_parameter_bounds": 20, "min_val_linear_bound": 19.612459970600533, "min_param_linear_bound": 0.02976351441631316, "min_val_catoni_bound": 17.386934303928598, "min_param_catoni_bound": 1.8329807108324336, "config": {"seed": 4, "model_type": "forest", "max_depth": 10, "min_samples_split": 4, "min_samples_leaf": 3, "n_estimators": 50, "ccp_alpha": 0.05, "n_add_estimators": null, "max_compression_size": -1, "data_groupsize": 1, "patience": 20, "dataset": "airfoil", "regression": true, "prior_size": 0.0, "validation_size": 0.1, "test_size": 0.1, "max_epochs": 1, "batch_size": 64, "delta": 0.01, "nbr_parameter_bounds": 20, "classic_bounds": false, "p2l_bounds": false, "real_bounds": true, "n_jobs": 5, "warm_start": false, "log_iterations": 2, "deterministic": true, "clamping": true, "early_stopping": true, "early_stopping_patience": 10, "min_val": 99, "max_val": 145}}