{"train_set_size": 4760, "validation_set_size": 528, "test_set_size": 587, "compression_set_size": 52, "complement_loss": 14.43491422421875, "validation_loss": 14.055058941651696, "test_loss": 14.048463855041641, "kl_bound": 22.39767335354659, "nbr_parameter_bounds": 20, "min_val_linear_bound": 22.50196061318716, "min_param_linear_bound": 0.01438449888287663, "min_val_catoni_bound": 22.72282961326975, "min_param_catoni_bound": 0.5455594781168515, "config": {"seed": 3, "model_type": "tree", "max_depth": 10, "min_samples_split": 2, "min_samples_leaf": 1, "ccp_alpha": 0.1, "n_add_estimators": null, "max_compression_size": -1, "data_groupsize": 1, "patience": 10, "dataset": "parkinson", "regression": true, "prior_size": 0.0, "validation_size": 0.1, "test_size": 0.1, "max_epochs": 1, "batch_size": 64, "delta": 0.01, "nbr_parameter_bounds": 20, "classic_bounds": false, "p2l_bounds": false, "real_bounds": true, "n_jobs": 5, "warm_start": false, "log_iterations": 5, "deterministic": true, "clamping": true, "early_stopping": true, "min_val": 0, "max_val": 45}}