{"train_set_size": 7751, "validation_set_size": 861, "test_set_size": 956, "compression_set_size": 90, "complement_loss": 4.592319585719534, "validation_loss": 4.8161371802530635, "test_loss": 4.755341563746496, "kl_bound": 17.949761256496263, "nbr_parameter_bounds": 20, "min_val_linear_bound": 26.57751290246023, "min_param_linear_bound": 0.0069519279617756054, "min_val_catoni_bound": 18.163169101135644, "min_param_catoni_bound": 1.8329807108324336, "config": {"seed": 3, "model_type": "forest", "max_depth": 5, "min_samples_split": 4, "min_samples_leaf": 3, "n_estimators": 50, "ccp_alpha": 0.5, "n_add_estimators": null, "max_compression_size": -1, "data_groupsize": 1, "patience": 20, "dataset": "powerplant", "regression": true, "prior_size": 0.0, "validation_size": 0.1, "test_size": 0.1, "max_epochs": 1, "batch_size": 64, "delta": 0.01, "nbr_parameter_bounds": 20, "classic_bounds": false, "p2l_bounds": false, "real_bounds": true, "n_jobs": 5, "warm_start": false, "log_iterations": 5, "deterministic": true, "clamping": true, "early_stopping": true, "early_stopping_patience": 10, "min_val": 400, "max_val": 520}}