{"train_set_size": 4760, "validation_set_size": 528, "test_set_size": 587, "compression_set_size": 112, "complement_loss": 5.731436751165507, "validation_loss": 5.806698201537795, "test_loss": 5.821054892762006, "kl_bound": 15.252340032256257, "nbr_parameter_bounds": 20, "min_val_linear_bound": 17.204174373060987, "min_param_linear_bound": 0.02976351441631316, "min_val_catoni_bound": 15.845191950750763, "min_param_catoni_bound": 1.8329807108324336, "config": {"seed": 4, "model_type": "forest", "max_depth": 10, "min_samples_split": 2, "min_samples_leaf": 2, "n_estimators": 100, "ccp_alpha": 0.2, "n_add_estimators": null, "max_compression_size": -1, "data_groupsize": 1, "patience": 10, "dataset": "parkinson", "regression": true, "prior_size": 0.0, "validation_size": 0.1, "test_size": 0.1, "max_epochs": 1, "batch_size": 64, "delta": 0.01, "nbr_parameter_bounds": 20, "classic_bounds": false, "p2l_bounds": false, "real_bounds": true, "n_jobs": 5, "warm_start": false, "log_iterations": 5, "deterministic": true, "clamping": true, "early_stopping": true, "min_val": 0, "max_val": 45}}