{"train_set_size": 835, "validation_set_size": 92, "test_set_size": 103, "compression_set_size": 19, "complement_loss": 25.680901633731146, "validation_loss": 24.53993882659428, "test_loss": 23.942854613862167, "kl_bound": 48.056889048602976, "nbr_parameter_bounds": 20, "min_val_linear_bound": 48.96659240783925, "min_param_linear_bound": 0.01438449888287663, "min_val_catoni_bound": 51.12050157382818, "min_param_catoni_bound": 1.8329807108324336, "config": {"seed": 4, "model_type": "tree", "max_depth": 10, "min_samples_split": 3, "min_samples_leaf": 2, "ccp_alpha": 0.5, "n_add_estimators": null, "max_compression_size": -1, "data_groupsize": 1, "patience": 10, "dataset": "concrete", "regression": true, "prior_size": 0.0, "validation_size": 0.1, "test_size": 0.1, "max_epochs": 1, "batch_size": 64, "delta": 0.01, "nbr_parameter_bounds": 20, "classic_bounds": false, "p2l_bounds": false, "real_bounds": true, "n_jobs": 5, "warm_start": false, "log_iterations": 5, "deterministic": true, "clamping": true, "early_stopping": true, "min_val": 0, "max_val": 90}}