{"train_set_size": 1218, "validation_set_size": 135, "test_set_size": 150, "compression_set_size": 51, "complement_loss": 3.7036754264665857, "validation_loss": 3.8231459842594187, "test_loss": 3.9786725789492605, "kl_bound": 15.83236618318439, "nbr_parameter_bounds": 20, "min_val_linear_bound": 18.050607097663217, "min_param_linear_bound": 0.02976351441631316, "min_val_catoni_bound": 15.793920312743422, "min_param_catoni_bound": 1.8329807108324336, "config": {"seed": 42, "model_type": "forest", "max_depth": 5, "min_samples_split": 3, "min_samples_leaf": 3, "n_estimators": 100, "ccp_alpha": 1, "n_add_estimators": null, "max_compression_size": -1, "data_groupsize": 1, "patience": 20, "dataset": "airfoil", "regression": true, "prior_size": 0.0, "validation_size": 0.1, "test_size": 0.1, "max_epochs": 1, "batch_size": 64, "delta": 0.01, "nbr_parameter_bounds": 20, "classic_bounds": false, "p2l_bounds": false, "real_bounds": true, "n_jobs": 5, "warm_start": false, "log_iterations": 2, "deterministic": true, "clamping": true, "early_stopping": true, "early_stopping_patience": 10, "min_val": 99, "max_val": 145}}