{"train_set_size": 835, "validation_set_size": 92, "test_set_size": 103, "compression_set_size": 38, "complement_loss": 6.764171913267759, "validation_loss": 8.029135853605094, "test_loss": 6.875742379293332, "kl_bound": 31.546146772415785, "nbr_parameter_bounds": 20, "min_val_linear_bound": 35.91682485498975, "min_param_linear_bound": 0.01438449888287663, "min_val_catoni_bound": 31.45737190675406, "min_param_catoni_bound": 1.8329807108324336, "config": {"seed": 4, "model_type": "forest", "max_depth": 10, "min_samples_split": 2, "min_samples_leaf": 1, "n_estimators": 100, "ccp_alpha": 0.05, "n_add_estimators": null, "max_compression_size": -1, "data_groupsize": 1, "patience": 10, "dataset": "concrete", "regression": true, "prior_size": 0.0, "validation_size": 0.1, "test_size": 0.1, "max_epochs": 1, "batch_size": 64, "delta": 0.01, "nbr_parameter_bounds": 20, "classic_bounds": false, "p2l_bounds": false, "real_bounds": true, "n_jobs": 5, "warm_start": false, "log_iterations": 5, "deterministic": true, "clamping": true, "early_stopping": true, "min_val": 0, "max_val": 90}}