{"train_set_size": 7751, "validation_set_size": 861, "test_set_size": 956, "compression_set_size": 48, "complement_loss": 6.330960816427224, "validation_loss": 6.4418104705248025, "test_loss": 6.2729919815212885, "kl_bound": 16.77206913054511, "nbr_parameter_bounds": 20, "min_val_linear_bound": 24.160856147323436, "min_param_linear_bound": 0.003359818286283781, "min_val_catoni_bound": 18.20017651067128, "min_param_catoni_bound": 1.8329807108324336, "config": {"seed": 1, "model_type": "forest", "max_depth": 5, "min_samples_split": 4, "min_samples_leaf": 1, "n_estimators": 50, "ccp_alpha": 0.1, "n_add_estimators": null, "max_compression_size": -1, "data_groupsize": 1, "patience": 10, "dataset": "powerplant", "regression": true, "prior_size": 0.0, "validation_size": 0.1, "test_size": 0.1, "max_epochs": 1, "batch_size": 64, "delta": 0.01, "nbr_parameter_bounds": 20, "classic_bounds": false, "p2l_bounds": false, "real_bounds": true, "n_jobs": 5, "warm_start": false, "log_iterations": 5, "deterministic": true, "clamping": true, "early_stopping": true, "min_val": 400, "max_val": 520}}