{"train_set_size": 7751, "validation_set_size": 861, "test_set_size": 956, "compression_set_size": 79, "complement_loss": 4.8107993124470205, "validation_loss": 4.919057627147309, "test_loss": 5.027866979890938, "kl_bound": 17.39823086762466, "nbr_parameter_bounds": 20, "min_val_linear_bound": 25.848929455870643, "min_param_linear_bound": 0.0069519279617756054, "min_val_catoni_bound": 17.75770605190178, "min_param_catoni_bound": 1.8329807108324336, "config": {"seed": 4, "model_type": "forest", "max_depth": 10, "min_samples_split": 2, "min_samples_leaf": 1, "n_estimators": 100, "ccp_alpha": 0.1, "n_add_estimators": null, "max_compression_size": -1, "data_groupsize": 1, "patience": 10, "dataset": "powerplant", "regression": true, "prior_size": 0.0, "validation_size": 0.1, "test_size": 0.1, "max_epochs": 1, "batch_size": 64, "delta": 0.01, "nbr_parameter_bounds": 20, "classic_bounds": false, "p2l_bounds": false, "real_bounds": true, "n_jobs": 5, "warm_start": false, "log_iterations": 5, "deterministic": true, "clamping": true, "early_stopping": true, "min_val": 400, "max_val": 520}}