{"train_set_size": 7751, "validation_set_size": 861, "test_set_size": 956, "compression_set_size": 23, "complement_loss": 20.541499487906798, "validation_loss": 20.881089560686394, "test_loss": 20.644983448510125, "kl_bound": 31.127405742740024, "nbr_parameter_bounds": 20, "min_val_linear_bound": 33.09020717353185, "min_param_linear_bound": 0.003359818286283781, "min_val_catoni_bound": 31.061308037262222, "min_param_catoni_bound": 0.5455594781168515, "config": {"seed": 2, "model_type": "tree", "max_depth": 5, "min_samples_split": 2, "min_samples_leaf": 1, "ccp_alpha": 1, "n_add_estimators": null, "max_compression_size": -1, "data_groupsize": 1, "patience": 20, "dataset": "powerplant", "regression": true, "prior_size": 0.0, "validation_size": 0.1, "test_size": 0.1, "max_epochs": 1, "batch_size": 64, "delta": 0.01, "nbr_parameter_bounds": 20, "classic_bounds": false, "p2l_bounds": false, "real_bounds": true, "n_jobs": 5, "warm_start": false, "log_iterations": 5, "deterministic": true, "clamping": true, "early_stopping": true, "early_stopping_patience": 10, "min_val": 400, "max_val": 520}}