{"train_set_size": 7751, "validation_set_size": 861, "test_set_size": 956, "compression_set_size": 19, "complement_loss": 8.080809749384459, "validation_loss": 8.13682911968595, "test_loss": 8.074452487203946, "kl_bound": 15.25985012482857, "nbr_parameter_bounds": 20, "min_val_linear_bound": 19.705810169159683, "min_param_linear_bound": 0.003359818286283781, "min_val_catoni_bound": 15.401178187741444, "min_param_catoni_bound": 0.5455594781168515, "config": {"seed": 42, "model_type": "forest", "max_depth": 5, "min_samples_split": 2, "min_samples_leaf": 3, "n_estimators": 50, "ccp_alpha": 1, "n_add_estimators": null, "max_compression_size": -1, "data_groupsize": 1, "patience": 10, "dataset": "powerplant", "regression": true, "prior_size": 0.0, "validation_size": 0.1, "test_size": 0.1, "max_epochs": 1, "batch_size": 64, "delta": 0.01, "nbr_parameter_bounds": 20, "classic_bounds": false, "p2l_bounds": false, "real_bounds": true, "n_jobs": 5, "warm_start": false, "log_iterations": 5, "deterministic": true, "clamping": true, "early_stopping": true, "min_val": 400, "max_val": 520}}