{"train_set_size": 835, "validation_set_size": 92, "test_set_size": 103, "compression_set_size": 12, "complement_loss": 26.63373495764674, "validation_loss": 28.24749735220783, "test_loss": 26.479169971781374, "kl_bound": 45.575421038550836, "nbr_parameter_bounds": 20, "min_val_linear_bound": 46.5885494517373, "min_param_linear_bound": 0.0069519279617756054, "min_val_catoni_bound": 47.55178429579023, "min_param_catoni_bound": 0.5455594781168515, "config": {"seed": 42, "model_type": "tree", "max_depth": 5, "min_samples_split": 3, "min_samples_leaf": 2, "ccp_alpha": 1, "n_add_estimators": null, "max_compression_size": -1, "data_groupsize": 1, "patience": 10, "dataset": "concrete", "regression": true, "prior_size": 0.0, "validation_size": 0.1, "test_size": 0.1, "max_epochs": 1, "batch_size": 64, "delta": 0.01, "nbr_parameter_bounds": 20, "classic_bounds": false, "p2l_bounds": false, "real_bounds": true, "n_jobs": 5, "warm_start": false, "log_iterations": 5, "deterministic": true, "clamping": true, "early_stopping": true, "min_val": 0, "max_val": 90}}