{"train_set_size": 7751, "validation_set_size": 861, "test_set_size": 956, "compression_set_size": 32, "complement_loss": 7.028601851568752, "validation_loss": 7.18434096336974, "test_loss": 6.8680199308194405, "kl_bound": 15.827178980348291, "nbr_parameter_bounds": 20, "min_val_linear_bound": 21.56115722815285, "min_param_linear_bound": 0.003359818286283781, "min_val_catoni_bound": 16.743752014628527, "min_param_catoni_bound": 0.5455594781168515, "config": {"seed": 1, "model_type": "forest", "max_depth": 5, "min_samples_split": 3, "min_samples_leaf": 1, "n_estimators": 50, "ccp_alpha": 1, "n_add_estimators": null, "max_compression_size": -1, "data_groupsize": 1, "patience": 10, "dataset": "powerplant", "regression": true, "prior_size": 0.0, "validation_size": 0.1, "test_size": 0.1, "max_epochs": 1, "batch_size": 64, "delta": 0.01, "nbr_parameter_bounds": 20, "classic_bounds": false, "p2l_bounds": false, "real_bounds": true, "n_jobs": 5, "warm_start": false, "log_iterations": 5, "deterministic": true, "clamping": true, "early_stopping": true, "min_val": 400, "max_val": 520}}