{"train_set_size": 4760, "validation_set_size": 528, "test_set_size": 587, "compression_set_size": 12, "complement_loss": 18.286074245623574, "validation_loss": 18.4906380296725, "test_loss": 18.12751792986623, "kl_bound": 22.81738160951753, "nbr_parameter_bounds": 20, "min_val_linear_bound": 22.91936000739052, "min_param_linear_bound": 0.0069519279617756054, "min_val_catoni_bound": 22.97544776218911, "min_param_catoni_bound": 0.5455594781168515, "config": {"seed": 4, "model_type": "tree", "max_depth": 10, "min_samples_split": 3, "min_samples_leaf": 1, "ccp_alpha": 0.1, "n_add_estimators": null, "max_compression_size": -1, "data_groupsize": 1, "patience": 20, "dataset": "parkinson", "regression": true, "prior_size": 0.0, "validation_size": 0.1, "test_size": 0.1, "max_epochs": 1, "batch_size": 64, "delta": 0.01, "nbr_parameter_bounds": 20, "classic_bounds": false, "p2l_bounds": false, "real_bounds": true, "n_jobs": 5, "warm_start": false, "log_iterations": 5, "deterministic": true, "clamping": true, "early_stopping": true, "early_stopping_patience": 10, "min_val": 0, "max_val": 45}}