{"train_set_size": 7751, "validation_set_size": 861, "test_set_size": 956, "compression_set_size": 12, "complement_loss": 9.102612852423688, "validation_loss": 9.266467562560512, "test_loss": 9.068598096972941, "kl_bound": 15.180514810324727, "nbr_parameter_bounds": 20, "min_val_linear_bound": 19.0233745683364, "min_param_linear_bound": 0.003359818286283781, "min_val_catoni_bound": 15.109307084801063, "min_param_catoni_bound": 0.5455594781168515, "config": {"seed": 4, "model_type": "forest", "max_depth": 5, "min_samples_split": 2, "min_samples_leaf": 1, "n_estimators": 50, "ccp_alpha": 0.0, "n_add_estimators": null, "max_compression_size": -1, "data_groupsize": 1, "patience": 10, "dataset": "powerplant", "regression": true, "prior_size": 0.0, "validation_size": 0.1, "test_size": 0.1, "max_epochs": 1, "batch_size": 64, "delta": 0.01, "nbr_parameter_bounds": 20, "classic_bounds": false, "p2l_bounds": false, "real_bounds": true, "n_jobs": 5, "warm_start": false, "log_iterations": 5, "deterministic": true, "clamping": true, "early_stopping": true, "min_val": 400, "max_val": 520}}