{"train_set_size": 827, "validation_set_size": 91, "test_set_size": 102, "compression_set_size": 13, "complement_loss": 0.9270217324199356, "validation_loss": 0.96005863909309, "test_loss": 0.9407550242623525, "kl_bound": 12.333819727184098, "nbr_parameter_bounds": 20, "min_val_linear_bound": 23.412554910182276, "min_param_linear_bound": 0.0069519279617756054, "min_val_catoni_bound": 12.708380107802405, "min_param_catoni_bound": 1.8329807108324336, "config": {"seed": 1, "model_type": "tree", "max_depth": 5, "min_samples_split": 2, "min_samples_leaf": 3, "ccp_alpha": 0.0, "n_add_estimators": null, "max_compression_size": -1, "data_groupsize": 1, "patience": 10, "dataset": "infrared", "regression": true, "prior_size": 0.0, "validation_size": 0.1, "test_size": 0.1, "max_epochs": 1, "batch_size": 64, "delta": 0.01, "nbr_parameter_bounds": 20, "classic_bounds": false, "p2l_bounds": false, "real_bounds": true, "n_jobs": 5, "warm_start": false, "log_iterations": 5, "deterministic": true, "clamping": true, "early_stopping": true, "min_val": 0, "max_val": 100}}