{"train_set_size": 4760, "validation_set_size": 528, "test_set_size": 587, "compression_set_size": 12, "complement_loss": 13.73764680970936, "validation_loss": 13.365640872272197, "test_loss": 13.522082567815126, "kl_bound": 18.118184007644725, "nbr_parameter_bounds": 20, "min_val_linear_bound": 18.370932571476306, "min_param_linear_bound": 0.0069519279617756054, "min_val_catoni_bound": 18.21081849825322, "min_param_catoni_bound": 0.5455594781168515, "config": {"seed": 2, "model_type": "tree", "max_depth": 10, "min_samples_split": 4, "min_samples_leaf": 3, "ccp_alpha": 0.5, "n_add_estimators": null, "max_compression_size": -1, "data_groupsize": 1, "patience": 10, "dataset": "parkinson", "regression": true, "prior_size": 0.0, "validation_size": 0.1, "test_size": 0.1, "max_epochs": 1, "batch_size": 64, "delta": 0.01, "nbr_parameter_bounds": 20, "classic_bounds": false, "p2l_bounds": false, "real_bounds": true, "n_jobs": 5, "warm_start": false, "log_iterations": 5, "deterministic": true, "clamping": true, "early_stopping": true, "min_val": 0, "max_val": 45}}