{"train_set_size": 4760, "validation_set_size": 528, "test_set_size": 587, "compression_set_size": 12, "complement_loss": 15.618447942993019, "validation_loss": 16.06604771974111, "test_loss": 15.920039460730509, "kl_bound": 20.08670627981177, "nbr_parameter_bounds": 20, "min_val_linear_bound": 20.251733704759964, "min_param_linear_bound": 0.0069519279617756054, "min_val_catoni_bound": 20.212928263456575, "min_param_catoni_bound": 0.5455594781168515, "config": {"seed": 3, "model_type": "tree", "max_depth": 5, "min_samples_split": 2, "min_samples_leaf": 2, "ccp_alpha": 0.2, "n_add_estimators": null, "max_compression_size": -1, "data_groupsize": 1, "patience": 10, "dataset": "parkinson", "regression": true, "prior_size": 0.0, "validation_size": 0.1, "test_size": 0.1, "max_epochs": 1, "batch_size": 64, "delta": 0.01, "nbr_parameter_bounds": 20, "classic_bounds": false, "p2l_bounds": false, "real_bounds": true, "n_jobs": 5, "warm_start": false, "log_iterations": 5, "deterministic": true, "clamping": true, "early_stopping": true, "min_val": 0, "max_val": 45}}