{"train_set_size": 7751, "validation_set_size": 861, "test_set_size": 956, "compression_set_size": 30, "complement_loss": 15.740396389128586, "validation_loss": 16.19636472516194, "test_loss": 16.13307481940277, "kl_bound": 26.736182434563197, "nbr_parameter_bounds": 20, "min_val_linear_bound": 29.841767136619595, "min_param_linear_bound": 0.003359818286283781, "min_val_catoni_bound": 26.801501579175017, "min_param_catoni_bound": 0.5455594781168515, "config": {"seed": 42, "model_type": "tree", "max_depth": 5, "min_samples_split": 3, "min_samples_leaf": 3, "ccp_alpha": 0.05, "n_add_estimators": null, "max_compression_size": -1, "data_groupsize": 1, "patience": 10, "dataset": "powerplant", "regression": true, "prior_size": 0.0, "validation_size": 0.1, "test_size": 0.1, "max_epochs": 1, "batch_size": 64, "delta": 0.01, "nbr_parameter_bounds": 20, "classic_bounds": false, "p2l_bounds": false, "real_bounds": true, "n_jobs": 5, "warm_start": false, "log_iterations": 5, "deterministic": true, "clamping": true, "early_stopping": true, "min_val": 400, "max_val": 520}}