{"train_set_size": 1218, "validation_set_size": 135, "test_set_size": 150, "compression_set_size": 49, "complement_loss": 10.179257779355352, "validation_loss": 9.585268156080833, "test_loss": 10.97446590880073, "kl_bound": 23.930004925305752, "nbr_parameter_bounds": 20, "min_val_linear_bound": 24.33227749425346, "min_param_linear_bound": 0.02976351441631316, "min_val_catoni_bound": 24.481300311663784, "min_param_catoni_bound": 1.8329807108324336, "config": {"seed": 3, "model_type": "tree", "max_depth": 10, "min_samples_split": 2, "min_samples_leaf": 1, "ccp_alpha": 2, "n_add_estimators": null, "max_compression_size": -1, "data_groupsize": 1, "patience": 10, "dataset": "airfoil", "regression": true, "prior_size": 0.0, "validation_size": 0.1, "test_size": 0.1, "max_epochs": 1, "batch_size": 64, "delta": 0.01, "nbr_parameter_bounds": 20, "classic_bounds": false, "p2l_bounds": false, "real_bounds": true, "n_jobs": 5, "warm_start": false, "log_iterations": 2, "deterministic": true, "clamping": true, "early_stopping": true, "min_val": 99, "max_val": 145}}