{"train_set_size": 4760, "validation_set_size": 528, "test_set_size": 587, "compression_set_size": 60, "complement_loss": 6.7127485709266415, "validation_loss": 6.635390469308989, "test_loss": 7.039550943693905, "kl_bound": 14.105767102791301, "nbr_parameter_bounds": 20, "min_val_linear_bound": 15.31484393195214, "min_param_linear_bound": 0.01438449888287663, "min_val_catoni_bound": 15.159437076819534, "min_param_catoni_bound": 0.5455594781168515, "config": {"seed": 42, "model_type": "forest", "max_depth": 5, "min_samples_split": 2, "min_samples_leaf": 2, "n_estimators": 100, "ccp_alpha": 0.5, "n_add_estimators": null, "max_compression_size": -1, "data_groupsize": 1, "patience": 20, "dataset": "parkinson", "regression": true, "prior_size": 0.0, "validation_size": 0.1, "test_size": 0.1, "max_epochs": 1, "batch_size": 64, "delta": 0.01, "nbr_parameter_bounds": 20, "classic_bounds": false, "p2l_bounds": false, "real_bounds": true, "n_jobs": 5, "warm_start": false, "log_iterations": 5, "deterministic": true, "clamping": true, "early_stopping": true, "early_stopping_patience": 10, "min_val": 0, "max_val": 45}}