{"train_set_size": 4760, "validation_set_size": 528, "test_set_size": 587, "compression_set_size": 14, "complement_loss": 8.393438514709166, "validation_loss": 8.808913824043742, "test_loss": 8.550506229258964, "kl_bound": 12.541028695759808, "nbr_parameter_bounds": 20, "min_val_linear_bound": 13.392001569101904, "min_param_linear_bound": 0.0069519279617756054, "min_val_catoni_bound": 12.50662709990802, "min_param_catoni_bound": 0.5455594781168515, "config": {"seed": 3, "model_type": "forest", "max_depth": 5, "min_samples_split": 4, "min_samples_leaf": 2, "n_estimators": 100, "ccp_alpha": 0.0, "n_add_estimators": null, "max_compression_size": -1, "data_groupsize": 1, "patience": 20, "dataset": "parkinson", "regression": true, "prior_size": 0.0, "validation_size": 0.1, "test_size": 0.1, "max_epochs": 1, "batch_size": 64, "delta": 0.01, "nbr_parameter_bounds": 20, "classic_bounds": false, "p2l_bounds": false, "real_bounds": true, "n_jobs": 5, "warm_start": false, "log_iterations": 5, "deterministic": true, "clamping": true, "early_stopping": true, "early_stopping_patience": 10, "min_val": 0, "max_val": 45}}