{"train_set_size": 827, "validation_set_size": 91, "test_set_size": 102, "compression_set_size": 36, "complement_loss": 0.22415783143173723, "validation_loss": 0.25644518515776665, "test_loss": 0.2927052392089912, "kl_bound": 19.520688831230085, "nbr_parameter_bounds": 20, "min_val_linear_bound": 32.32581720914777, "min_param_linear_bound": 0.01438449888287663, "min_val_catoni_bound": 19.54260884099431, "min_param_catoni_bound": 6.1584821106602545, "config": {"seed": 4, "model_type": "forest", "max_depth": 10, "min_samples_split": 4, "min_samples_leaf": 2, "n_estimators": 100, "ccp_alpha": 0.2, "n_add_estimators": null, "max_compression_size": -1, "data_groupsize": 1, "patience": 10, "dataset": "infrared", "regression": true, "prior_size": 0.0, "validation_size": 0.1, "test_size": 0.1, "max_epochs": 1, "batch_size": 64, "delta": 0.01, "nbr_parameter_bounds": 20, "classic_bounds": false, "p2l_bounds": false, "real_bounds": true, "n_jobs": 5, "warm_start": false, "log_iterations": 5, "deterministic": true, "clamping": true, "early_stopping": true, "min_val": 0, "max_val": 100}}