{"train_set_size": 835, "validation_set_size": 92, "test_set_size": 103, "compression_set_size": 34, "complement_loss": 7.211531422813183, "validation_loss": 7.677501162096626, "test_loss": 8.287636644191727, "kl_bound": 30.973398155863467, "nbr_parameter_bounds": 20, "min_val_linear_bound": 35.20083214929897, "min_param_linear_bound": 0.01438449888287663, "min_val_catoni_bound": 30.878270559738887, "min_param_catoni_bound": 1.8329807108324336, "config": {"seed": 3, "model_type": "forest", "max_depth": 10, "min_samples_split": 4, "min_samples_leaf": 3, "n_estimators": 50, "ccp_alpha": 0.2, "n_add_estimators": null, "max_compression_size": -1, "data_groupsize": 1, "patience": 20, "dataset": "concrete", "regression": true, "prior_size": 0.0, "validation_size": 0.1, "test_size": 0.1, "max_epochs": 1, "batch_size": 64, "delta": 0.01, "nbr_parameter_bounds": 20, "classic_bounds": false, "p2l_bounds": false, "real_bounds": true, "n_jobs": 5, "warm_start": false, "log_iterations": 5, "deterministic": true, "clamping": true, "early_stopping": true, "early_stopping_patience": 10, "min_val": 0, "max_val": 90}}