{"train_set_size": 7751, "validation_set_size": 861, "test_set_size": 956, "compression_set_size": 79, "complement_loss": 4.894549882632013, "validation_loss": 5.072595066523982, "test_loss": 5.065718647242209, "kl_bound": 17.536640908383752, "nbr_parameter_bounds": 20, "min_val_linear_bound": 25.932680026055635, "min_param_linear_bound": 0.0069519279617756054, "min_val_catoni_bound": 17.91762661404979, "min_param_catoni_bound": 1.8329807108324336, "config": {"seed": 2, "model_type": "forest", "max_depth": 5, "min_samples_split": 3, "min_samples_leaf": 1, "n_estimators": 100, "ccp_alpha": 0.1, "n_add_estimators": null, "max_compression_size": -1, "data_groupsize": 1, "patience": 20, "dataset": "powerplant", "regression": true, "prior_size": 0.0, "validation_size": 0.1, "test_size": 0.1, "max_epochs": 1, "batch_size": 64, "delta": 0.01, "nbr_parameter_bounds": 20, "classic_bounds": false, "p2l_bounds": false, "real_bounds": true, "n_jobs": 5, "warm_start": false, "log_iterations": 5, "deterministic": true, "clamping": true, "early_stopping": true, "early_stopping_patience": 10, "min_val": 400, "max_val": 520}}