{"train_set_size": 4760, "validation_set_size": 528, "test_set_size": 587, "compression_set_size": 33, "complement_loss": 7.707888079626903, "validation_loss": 7.553753860877518, "test_loss": 7.811974522882704, "kl_bound": 13.56054981244208, "nbr_parameter_bounds": 20, "min_val_linear_bound": 14.429053790313908, "min_param_linear_bound": 0.01438449888287663, "min_val_catoni_bound": 13.771926008153699, "min_param_catoni_bound": 0.5455594781168515, "config": {"seed": 2, "model_type": "forest", "max_depth": 5, "min_samples_split": 3, "min_samples_leaf": 1, "n_estimators": 100, "ccp_alpha": 0.5, "n_add_estimators": null, "max_compression_size": -1, "data_groupsize": 1, "patience": 20, "dataset": "parkinson", "regression": true, "prior_size": 0.0, "validation_size": 0.1, "test_size": 0.1, "max_epochs": 1, "batch_size": 64, "delta": 0.01, "nbr_parameter_bounds": 20, "classic_bounds": false, "p2l_bounds": false, "real_bounds": true, "n_jobs": 5, "warm_start": false, "log_iterations": 5, "deterministic": true, "clamping": true, "early_stopping": true, "early_stopping_patience": 10, "min_val": 0, "max_val": 45}}