{"train_set_size": 1218, "validation_set_size": 135, "test_set_size": 150, "compression_set_size": 12, "complement_loss": 13.585567213396397, "validation_loss": 13.331495316431734, "test_loss": 13.91830389438594, "kl_bound": 21.787973874260295, "nbr_parameter_bounds": 20, "min_val_linear_bound": 21.912678310443603, "min_param_linear_bound": 0.01438449888287663, "min_val_catoni_bound": 22.144730586093367, "min_param_catoni_bound": 0.5455594781168515, "config": {"seed": 42, "model_type": "tree", "max_depth": 10, "min_samples_split": 3, "min_samples_leaf": 1, "ccp_alpha": 0.5, "n_add_estimators": null, "max_compression_size": -1, "data_groupsize": 1, "patience": 20, "dataset": "airfoil", "regression": true, "prior_size": 0.0, "validation_size": 0.1, "test_size": 0.1, "max_epochs": 1, "batch_size": 64, "delta": 0.01, "nbr_parameter_bounds": 20, "classic_bounds": false, "p2l_bounds": false, "real_bounds": true, "n_jobs": 5, "warm_start": false, "log_iterations": 2, "deterministic": true, "clamping": true, "early_stopping": true, "early_stopping_patience": 10, "min_val": 99, "max_val": 145}}