{"train_set_size": 7751, "validation_set_size": 861, "test_set_size": 956, "compression_set_size": 24, "complement_loss": 6.930430766424132, "validation_loss": 6.881451678253383, "test_loss": 6.888533221326653, "kl_bound": 14.5462188018397, "nbr_parameter_bounds": 20, "min_val_linear_bound": 19.705547888138614, "min_param_linear_bound": 0.003359818286283781, "min_val_catoni_bound": 15.032175513503034, "min_param_catoni_bound": 0.5455594781168515, "config": {"seed": 2, "model_type": "forest", "max_depth": 10, "min_samples_split": 3, "min_samples_leaf": 2, "n_estimators": 100, "ccp_alpha": 0.5, "n_add_estimators": null, "max_compression_size": -1, "data_groupsize": 1, "patience": 20, "dataset": "powerplant", "regression": true, "prior_size": 0.0, "validation_size": 0.1, "test_size": 0.1, "max_epochs": 1, "batch_size": 64, "delta": 0.01, "nbr_parameter_bounds": 20, "classic_bounds": false, "p2l_bounds": false, "real_bounds": true, "n_jobs": 5, "warm_start": false, "log_iterations": 5, "deterministic": true, "clamping": true, "early_stopping": true, "early_stopping_patience": 10, "min_val": 400, "max_val": 520}}