{"train_set_size": 827, "validation_set_size": 91, "test_set_size": 102, "compression_set_size": 16, "complement_loss": 0.3639679566568155, "validation_loss": 0.3332574967537752, "test_loss": 0.42669157898455223, "kl_bound": 12.162397170353175, "nbr_parameter_bounds": 20, "min_val_linear_bound": 25.094498418614833, "min_param_linear_bound": 0.0069519279617756054, "min_val_catoni_bound": 12.56128139922747, "min_param_catoni_bound": 6.1584821106602545, "config": {"seed": 4, "model_type": "forest", "max_depth": 10, "min_samples_split": 4, "min_samples_leaf": 1, "n_estimators": 100, "ccp_alpha": 0.5, "n_add_estimators": null, "max_compression_size": -1, "data_groupsize": 1, "patience": 10, "dataset": "infrared", "regression": true, "prior_size": 0.0, "validation_size": 0.1, "test_size": 0.1, "max_epochs": 1, "batch_size": 64, "delta": 0.01, "nbr_parameter_bounds": 20, "classic_bounds": false, "p2l_bounds": false, "real_bounds": true, "n_jobs": 5, "warm_start": false, "log_iterations": 5, "deterministic": true, "clamping": true, "early_stopping": true, "min_val": 0, "max_val": 100}}