{"train_set_size": 7751, "validation_set_size": 861, "test_set_size": 956, "compression_set_size": 12, "complement_loss": 22.960996972459156, "validation_loss": 22.73047998549464, "test_loss": 22.98836352016757, "kl_bound": 31.27168173564311, "nbr_parameter_bounds": 20, "min_val_linear_bound": 32.881758688371875, "min_param_linear_bound": 0.003359818286283781, "min_val_catoni_bound": 31.61269934410293, "min_param_catoni_bound": 0.5455594781168515, "config": {"seed": 3, "model_type": "tree", "max_depth": 10, "min_samples_split": 4, "min_samples_leaf": 2, "ccp_alpha": 0.0, "n_add_estimators": null, "max_compression_size": -1, "data_groupsize": 1, "patience": 20, "dataset": "powerplant", "regression": true, "prior_size": 0.0, "validation_size": 0.1, "test_size": 0.1, "max_epochs": 1, "batch_size": 64, "delta": 0.01, "nbr_parameter_bounds": 20, "classic_bounds": false, "p2l_bounds": false, "real_bounds": true, "n_jobs": 5, "warm_start": false, "log_iterations": 5, "deterministic": true, "clamping": true, "early_stopping": true, "early_stopping_patience": 10, "min_val": 400, "max_val": 520}}