{"train_set_size": 7751, "validation_set_size": 861, "test_set_size": 956, "compression_set_size": 45, "complement_loss": 5.976191123829142, "validation_loss": 6.0653236303995985, "test_loss": 6.17977801429472, "kl_bound": 15.910495357522228, "nbr_parameter_bounds": 20, "min_val_linear_bound": 23.20572227692558, "min_param_linear_bound": 0.003359818286283781, "min_val_catoni_bound": 17.269832749675718, "min_param_catoni_bound": 1.8329807108324336, "config": {"seed": 2, "model_type": "forest", "max_depth": 10, "min_samples_split": 4, "min_samples_leaf": 2, "n_estimators": 50, "ccp_alpha": 0.0, "n_add_estimators": null, "max_compression_size": -1, "data_groupsize": 1, "patience": 20, "dataset": "powerplant", "regression": true, "prior_size": 0.0, "validation_size": 0.1, "test_size": 0.1, "max_epochs": 1, "batch_size": 64, "delta": 0.01, "nbr_parameter_bounds": 20, "classic_bounds": false, "p2l_bounds": false, "real_bounds": true, "n_jobs": 5, "warm_start": false, "log_iterations": 5, "deterministic": true, "clamping": true, "early_stopping": true, "early_stopping_patience": 10, "min_val": 400, "max_val": 520}}